DATAH,Record,Date,Time,INPUT1,INPUT2,AVG1.15,AVG2.15,INT1.15,INT2.15,INT1.05,INT2.05,MULT_1,MULT_2,BATT,CHK
DATA,0,9/1/2021,7:40:05,0.0013963,83.742,0,0,0,0,0.39626,24022,-195.4,-202,6.3,200
DATA,1,9/1/2021,7:45:05,0.0015845,83.921,0,0,0,0,0.40091,25674,-195.4,-202,6.28,209
DATA,2,9/1/2021,7:50:05,0.00045523,0.012729,0.0013544,71.554,1.2187,64437,0.42152,14741,-195.4,-202,6.25,52
DATA,3,9/1/2021,7:55:05,0.00083166,0.0022217,0.0012596,44.861,1.2187,64437,0.31151,1.996,-195.4,-202,6.24,109
DATA,4,9/1/2021,8:00:05,0.0013963,0,0.0011445,16.387,1.2187,64437,0.29711,47.55,-195.4,-202,6.2,148
DATA,5,9/1/2021,8:05:05,0.0013963,0,0.0010401,0.06821,0.93558,61.395,0.32696,11.849,-195.4,-202,6.19,47
DATA,6,9/1/2021,8:10:05,0.00045523,0.049308,0.0010287,0.072567,0.93558,61.395,0.30197,5.8871,-195.4,-202,6.13,237
DATA,7,9/1/2021,8:15:05,0.00083166,0.093864,0.0010221,0.053006,0.93558,61.395,0.2912,29.923,-195.4,-202,6.1,211
DATA,8,9/1/2021,8:20:05,0.00045523,0.1141,0.0010037,0.076013,0.90376,68.355,0.31059,32.545,-195.4,-202,6.14,135
DATA,9,9/1/2021,8:25:05,0.0017727,0.10418,0.0010374,0.10543,0.90376,68.355,0.3312,32.392,-195.4,-202,6.11,48
DATA,10,9/1/2021,8:30:05,0.0010199,0.060982,0.0010552,0.10112,0.90376,68.355,0.30776,26.089,-195.4,-202,6.09,103
DATA,11,9/1/2021,8:35:05,0.00045523,6.6791,0.0011109,3.5708,0.9998,3210.5,0.36084,3152,-195.4,-202,6.07,12
DATA,12,9/1/2021,8:40:05,0.0010199,34.85,0.0011791,14.594,0.9998,3210.5,0.39293,9938.9,-195.4,-202,6.06,242
DATA,13,9/1/2021,8:45:05,0.0013963,35.839,0.0013402,26.262,0.9998,3210.5,0.4522,10527,-195.4,-202,6.04,219
DATA,14,9/1/2021,8:50:05,0.0017727,19.933,0.001473,32.027,1.325,28818,0.47987,8352.3,-195.4,-202,6.02,180
DATA,15,9/1/2021,8:55:05,0.0019609,36.468,0.0015508,29.182,1.325,28818,0.46321,7384,-195.4,-202,6.02,178
DATA,16,9/1/2021,9:00:05,0.0021491,62.907,0.0016606,35.592,1.325,28818,0.55111,16283,-195.4,-202,5.99,174
DATA,17,9/1/2021,9:05:05,0.002902,229.8,0.0019544,46.699,1.7584,41924,0.74412,18257,-195.4,-202,5.98,196
DATA,18,9/1/2021,9:10:04,0.0027138,743.78,0.0024503,153.96,1.7584,41924,0.74412,1.04E+05,-195.4,-202,5.97,171
DATA,19,9/1/2021,9:15:04,0.0038431,657.37,0.0030377,333.86,1.7584,41924,0.91116,1.78E+05,-195.4,-202,5.97,179
DATA,20,9/1/2021,9:20:04,0.0038431,563.84,0.0034995,505.19,1.7584,4.55E+05,1.0791,1.73E+05,-195.4,-202,5.96,123
DATA,21,9/1/2021,9:25:04,0.0044077,617,0.0038587,599.84,3.1503,4.55E+05,1.16,1.89E+05,-195.4,-202,5.95,110
DATA,22,9/1/2021,9:30:04,0.0040313,592.41,0.003998,605.69,3.1503,4.55E+05,1.234,1.83E+05,-195.4,-202,5.94,94
DATA,23,9/1/2021,9:35:04,0.0036548,601.67,0.0040329,603.83,3.1503,5.43E+05,1.2047,1.71E+05,-195.4,-202,5.93,94
DATA,24,9/1/2021,9:40:04,0.0036548,556.51,0.0040099,588.39,3.6298,5.43E+05,1.1911,1.75E+05,-195.4,-202,5.91,113
DATA,25,9/1/2021,9:45:04,0.0040313,643.05,0.0039648,577.85,3.6298,5.43E+05,1.2126,1.74E+05,-195.4,-202,5.87,121
DATA,26,9/1/2021,9:50:04,0.0036548,725.01,0.0039058,575.5,3.6298,5.18E+05,1.1646,1.69E+05,-195.4,-202,5.86,125
DATA,27,9/1/2021,9:55:04,0.0042195,575.09,0.0038071,578.23,3.5147,5.18E+05,1.1376,1.78E+05,-195.4,-202,5.87,142
DATA,28,9/1/2021,10:00:04,0.0040313,1017.2,0.0037734,589.03,3.5147,5.18E+05,1.124,1.83E+05,-195.4,-202,5.89,91
DATA,29,9/1/2021,10:05:04,0.0044077,566.16,0.0038673,608.34,3.5147,5.48E+05,1.1345,1.86E+05,-195.4,-202,5.88,126
DATA,30,9/1/2021,10:10:04,0.0040313,659.49,0.0039786,627.94,3.4807,5.48E+05,1.2222,1.95E+05,-195.4,-202,5.87,115
DATA,31,9/1/2021,10:15:04,0.0044077,672.41,0.0041026,645.46,3.4807,5.48E+05,1.2245,1.99E+05,-195.4,-202,5.86,102
DATA,32,9/1/2021,10:20:04,0.0047841,673.17,0.004195,661.92,3.4807,5.96E+05,1.2458,2.01E+05,-195.4,-202,5.85,107
DATA,33,9/1/2021,10:25:04,0.0044077,671.63,0.0042904,669.71,3.7758,5.96E+05,1.3055,2.02E+05,-195.4,-202,5.84,105
DATA,34,9/1/2021,10:30:04,0.0036548,649.03,0.0043836,672.31,3.7758,5.96E+05,1.31,2.02E+05,-195.4,-202,5.82,116
DATA,35,9/1/2021,10:35:04,0.0045959,724.32,0.0044474,666.97,3.7758,6.00E+05,1.3298,1.96E+05,-195.4,-202,5.81,132
DATA,36,9/1/2021,10:40:04,0.0044077,657.47,0.0045369,667.29,4.0024,6.00E+05,1.3626,2.03E+05,-195.4,-202,5.82,107
DATA,37,9/1/2021,10:45:03,0.0034666,515.47,0.0046195,666.33,4.0024,6.00E+05,1.3911,2.03E+05,-195.4,-202,5.83,88
DATA,38,9/1/2021,10:50:03,0.0053488,474.61,0.0046819,666.18,4.0024,6.00E+05,1.4044,2.01E+05,-195.4,-202,5.81,84
DATA,39,9/1/2021,10:55:03,0.0051605,396.04,0.0046946,545.07,4.2141,5.99E+05,1.4187,1.96E+05,-195.4,-202,5.81,119
DATA,40,9/1/2021,11:00:03,0.0045959,595.23,0.004709,462.88,4.2141,5.99E+05,1.4025,93583,-195.4,-202,5.8,116
DATA,41,9/1/2021,11:05:03,0.0051605,708.74,0.0046978,454.17,4.2141,5.99E+05,1.4166,1.27E+05,-195.4,-202,5.8,108
DATA,42,9/1/2021,11:10:03,0.0053488,627.19,0.0046003,555.14,4.2279,4.09E+05,1.4088,1.88E+05,-195.4,-202,5.79,113
DATA,43,9/1/2021,11:15:03,0.0038431,674.11,0.0044253,644.34,4.2279,4.09E+05,1.314,1.84E+05,-195.4,-202,5.74,96
DATA,44,9/1/2021,11:20:03,0.0042195,568.71,0.0041795,674.02,4.2279,4.09E+05,1.2594,2.07E+05,-195.4,-202,5.76,108
DATA,45,9/1/2021,11:25:03,0.0044077,709.09,0.0039947,702.2,3.7612,6.07E+05,1.1877,2.15E+05,-195.4,-202,5.76,118
DATA,46,9/1/2021,11:30:03,0.0036548,598.34,0.0038592,709.23,3.7612,6.07E+05,1.1487,2.10E+05,-195.4,-202,5.74,118
DATA,47,9/1/2021,11:35:03,0.0010199,568.16,0.0037757,705.24,3.7612,6.07E+05,1.1369,2.14E+05,-195.4,-202,5.76,103
DATA,48,9/1/2021,11:40:03,0.002902,693.5,0.0036774,706.01,3.3982,6.35E+05,1.1125,2.11E+05,-195.4,-202,5.76,94
DATA,49,9/1/2021,11:45:03,0.0038431,573.69,0.0036074,695.16,3.3982,6.35E+05,1.0593,2.11E+05,-195.4,-202,5.75,116
DATA,50,9/1/2021,11:50:03,0.0034666,626.69,0.0035241,688.21,3.3982,6.35E+05,1.0748,2.04E+05,-195.4,-202,5.74,118
DATA,51,9/1/2021,11:55:03,0.0042195,580.79,0.0034514,677.46,3.1714,6.20E+05,1.0373,2.05E+05,-195.4,-202,5.74,100
DATA,52,9/1/2021,12:00:03,0.0025256,737.28,0.0033156,676.61,3.1714,6.20E+05,0.99435,2.01E+05,-195.4,-202,5.72,150
DATA,53,9/1/2021,12:05:03,0.0042195,737.26,0.003209,672.71,3.1714,6.20E+05,0.95228,2.03E+05,-195.4,-202,5.73,133
DATA,54,9/1/2021,12:10:03,0.0038431,595.95,0.0031657,669.31,2.8878,6.05E+05,0.94118,2.02E+05,-195.4,-202,5.7,163
DATA,55,9/1/2021,12:15:03,0.0030902,637.23,0.0031814,666.92,2.8878,6.05E+05,0.95548,1.98E+05,-195.4,-202,5.71,183
DATA,56,9/1/2021,12:20:03,0.0030902,634.04,0.0032272,666.74,2.8878,6.05E+05,0.96621,2.01E+05,-195.4,-202,5.72,153
DATA,57,9/1/2021,12:25:03,0.0030902,691.85,0.0031789,669.14,2.9033,6.00E+05,0.98164,2.01E+05,-195.4,-202,5.71,156
DATA,58,9/1/2021,12:30:03,0.0034666,767.81,0.0031032,664.71,2.9033,6.00E+05,0.91219,2.00E+05,-195.4,-202,5.71,124
DATA,59,9/1/2021,12:35:03,0.0017727,637.9,0.0029942,654.61,2.9033,6.00E+05,0.89874,1.97E+05,-195.4,-202,5.7,185
DATA,60,9/1/2021,12:40:03,0.0023374,708.31,0.0029265,641.83,2.6941,5.89E+05,0.88321,1.92E+05,-195.4,-202,5.7,151
DATA,61,9/1/2021,12:45:03,0.0021491,615.7,0.0028713,630.56,2.6941,5.89E+05,0.85168,1.89E+05,-195.4,-202,5.69,175
DATA,62,9/1/2021,12:50:03,0.0032784,659.07,0.0028137,622.4,2.6941,5.89E+05,0.84858,1.87E+05,-195.4,-202,5.68,184
DATA,63,9/1/2021,12:55:03,0.0019609,525.65,0.0027744,611.81,2.5328,5.60E+05,0.83258,1.85E+05,-195.4,-202,5.68,171
DATA,64,9/1/2021,13:00:03,0.0021491,573.86,0.0026879,597.92,2.5328,5.60E+05,0.81432,1.79E+05,-195.4,-202,5.68,178
DATA,65,9/1/2021,13:05:03,0.0038431,555.9,0.0026439,585.68,2.5328,5.60E+05,0.77245,1.74E+05,-195.4,-202,5.69,164
DATA,66,9/1/2021,13:10:03,0.0034666,596.71,0.0026379,574.38,2.3792,5.27E+05,0.7924,1.74E+05,-195.4,-202,5.68,187
DATA,67,9/1/2021,13:15:03,0.0019609,557.48,0.0027178,564.81,2.3792,5.27E+05,0.81028,1.69E+05,-195.4,-202,5.68,180
DATA,68,9/1/2021,13:20:03,0.0017727,571.55,0.0027464,549.81,2.3792,5.27E+05,0.84227,1.66E+05,-195.4,-202,5.67,178
DATA,69,9/1/2021,13:25:02,0.0021491,529.99,0.0027372,540.16,2.4713,4.95E+05,0.81875,1.60E+05,-195.4,-202,5.67,183
DATA,70,9/1/2021,13:30:02,0.0023374,505.04,0.0026684,530.05,2.4713,4.95E+05,0.80247,1.60E+05,-195.4,-202,5.66,149
DATA,71,9/1/2021,13:35:02,0.0021491,518.08,0.0026134,519.58,2.4713,4.95E+05,0.78045,1.57E+05,-195.4,-202,5.65,168
DATA,72,9/1/2021,13:40:02,0.0034666,442.46,0.0025841,509.04,2.3523,4.68E+05,0.76943,1.51E+05,-195.4,-202,5.64,155
DATA,73,9/1/2021,13:45:02,0.0021491,475.86,0.0025538,482.66,2.3523,4.68E+05,0.77612,1.51E+05,-195.4,-202,5.67,174
DATA,74,9/1/2021,13:50:02,0.0023374,468.73,0.0025548,467.32,2.3523,4.68E+05,0.75457,1.33E+05,-195.4,-202,5.62,160
DATA,0,9/2/2021,9:30:02,0.001528,661.62,0,0,0,0,0.48116,1.97E+05,-195.4,-202,5.78,200
DATA,1,9/2/2021,9:35:02,0.0020927,344.43,0,0,0,0,0.54433,1.30E+05,-195.4,-202,5.76,187
DATA,2,9/2/2021,9:40:02,0.0019044,53.986,0.0017533,465.41,1.5773,4.19E+05,0.55185,92142,-195.4,-202,5.73,175
DATA,3,9/2/2021,9:45:02,0.0028455,270.2,0.0018817,298.13,1.5773,4.19E+05,0.59665,45993,-195.4,-202,5.7,186
DATA,4,9/2/2021,9:50:02,0.0022809,104.13,0.0020042,206.67,1.5773,4.19E+05,0.65518,47986,-195.4,-202,5.69,169
DATA,5,9/2/2021,9:55:02,0.0020927,232.8,0.0021512,168.25,1.936,1.51E+05,0.68417,57354,-195.4,-202,5.71,151
DATA,6,9/2/2021,10:00:02,0.0022809,246.52,0.0022857,196.53,1.936,1.51E+05,0.71804,71551,-195.4,-202,5.7,154
DATA,7,9/2/2021,10:05:02,0.0030337,247.57,0.0024245,227.11,1.936,1.51E+05,0.7795,75420,-195.4,-202,5.69,153
DATA,8,9/2/2021,10:10:02,0.0030337,260.63,0.0025851,248.41,2.3262,2.24E+05,0.82862,76588,-195.4,-202,5.69,162
DATA,9,9/2/2021,10:15:02,0.0037866,263.64,0.0029601,256.12,2.3262,2.24E+05,1.0552,78495,-195.4,-202,5.68,120
DATA,10,9/2/2021,10:20:02,0.004163,269.14,0.0034934,261.55,2.3262,2.24E+05,1.2596,80297,-195.4,-202,5.67,98
DATA,11,9/2/2021,10:25:02,0.0047276,281.72,0.0041339,268.91,3.7197,2.42E+05,1.4048,83218,-195.4,-202,5.65,112
DATA,12,9/2/2021,10:30:02,0.005104,51.545,0.0046113,305.93,3.7197,2.42E+05,1.4851,1.12E+05,-195.4,-202,5.63,58
DATA,13,9/2/2021,10:35:02,0.0056687,1041.5,0.0048447,566.65,3.7197,2.42E+05,1.4696,3.14E+05,-195.4,-202,5.65,123
DATA,14,9/2/2021,10:40:02,0.0045394,1064.6,0.0049213,823.57,4.4292,7.41E+05,1.4746,3.14E+05,-195.4,-202,5.63,100
DATA,15,9/2/2021,10:45:02,0.004163,1052.9,0.0049219,1048.5,4.4292,7.41E+05,1.486,3.14E+05,-195.4,-202,5.62,87
DATA,16,9/2/2021,10:50:02,0.0054805,1008.1,0.0049422,1040.6,4.4292,7.41E+05,1.4875,3.08E+05,-195.4,-202,5.63,91
DATA,17,9/2/2021,10:55:02,0.0054805,985.24,0.0049353,1025,4.4413,9.23E+05,1.4678,3.00E+05,-195.4,-202,5.63,90
DATA,18,9/2/2021,11:00:01,0.0047276,972.93,0.0049602,1002.7,4.4413,9.23E+05,1.4678,2.94E+05,-195.4,-202,5.63,101
DATA,19,9/2/2021,11:05:01,0.0060451,973.36,0.0050292,984.68,4.4413,9.23E+05,1.5091,2.92E+05,-195.4,-202,5.62,103
DATA,20,9/2/2021,11:10:01,0.0049158,971.55,0.0050467,976.46,4.4413,8.79E+05,1.5494,2.93E+05,-195.4,-202,5.61,137
DATA,21,9/2/2021,11:15:01,0.005104,972.19,0.0049796,972.46,4.5415,8.79E+05,1.483,2.91E+05,-195.4,-202,5.59,124
DATA,22,9/2/2021,11:20:01,0.005104,956.06,0.0048169,967.98,4.5415,8.79E+05,1.4491,2.88E+05,-195.4,-202,5.58,135
DATA,23,9/2/2021,11:25:01,0.0045394,776.78,0.0046887,950.21,4.5415,8.55E+05,1.4031,2.77E+05,-195.4,-202,5.61,120
DATA,24,9/2/2021,11:30:01,0.0049158,826.38,0.0045802,930.74,4.2198,8.55E+05,1.3676,2.73E+05,-195.4,-202,5.6,102
DATA,25,9/2/2021,11:35:01,0.0045394,639.16,0.0044869,885.3,4.2198,8.55E+05,1.352,2.47E+05,-195.4,-202,5.6,120
DATA,26,9/2/2021,11:40:01,0.0054805,865.47,0.0044012,862.39,4.2198,7.76E+05,1.3185,2.56E+05,-195.4,-202,5.6,96
DATA,27,9/2/2021,11:45:01,0.0043512,710.88,0.0042734,831.06,3.961,7.76E+05,1.2904,2.45E+05,-195.4,-202,5.59,98
DATA,28,9/2/2021,11:50:01,0.0047276,729.99,0.0041607,805.36,3.961,7.76E+05,1.2368,2.24E+05,-195.4,-202,5.59,113
DATA,29,9/2/2021,11:55:01,0.0030337,515.45,0.004053,759.97,3.961,6.84E+05,1.2168,2.16E+05,-195.4,-202,5.58,111
DATA,30,9/2/2021,12:00:01,0.0039748,868.37,0.0039917,726.85,3.6471,6.84E+05,1.1936,2.15E+05,-195.4,-202,5.58,128
DATA,31,9/2/2021,12:05:01,0.0032219,655.9,0.0039229,715.69,3.6471,6.84E+05,1.1821,2.14E+05,-195.4,-202,5.56,96
DATA,32,9/2/2021,12:10:01,0.0032219,723.57,0.0038234,709.25,3.6471,6.38E+05,1.1552,2.10E+05,-195.4,-202,5.57,84
DATA,33,9/2/2021,12:15:01,0.0030337,820.33,0.0037188,701.81,3.4415,6.38E+05,1.1043,2.08E+05,-195.4,-202,5.57,68
DATA,34,9/2/2021,12:20:01,0.0024691,619.67,0.0035891,692.13,3.4415,6.38E+05,1.0868,2.05E+05,-195.4,-202,5.55,123
DATA,35,9/2/2021,12:25:01,0.0039748,737.32,0.0035134,681.69,3.4415,6.14E+05,1.0389,2.00E+05,-195.4,-202,5.57,110
DATA,36,9/2/2021,12:30:01,0.0030337,639.63,0.0034434,677.25,3.1617,6.14E+05,1.036,2.04E+05,-195.4,-202,5.57,94
DATA,37,9/2/2021,12:35:00,0.0030337,754.95,0.0034208,677.23,3.1617,6.14E+05,1.0245,2.04E+05,-195.4,-202,5.56,90
DATA,38,9/2/2021,12:40:00,0.0037866,822.62,0.003406,677.49,3.1617,6.14E+05,1.0181,2.05E+05,-195.4,-202,5.56,98
DATA,39,9/2/2021,12:45:00,0.0032219,646.87,0.0033336,675.75,3.0658,6.10E+05,1.0233,2.00E+05,-195.4,-202,5.55,105
DATA,40,9/2/2021,12:50:00,0.0032219,639.53,0.003218,663.87,3.0658,6.10E+05,0.95839,2.03E+05,-195.4,-202,5.53,157
DATA,41,9/2/2021,12:55:00,0.0030337,627.12,0.0030559,664.86,3.0658,6.10E+05,0.91444,1.94E+05,-195.4,-202,5.53,160
DATA,42,9/2/2021,13:00:00,0.0020927,622.66,0.0029333,653.03,2.7499,5.98E+05,0.87708,2.01E+05,-195.4,-202,5.52,145
DATA,43,9/2/2021,13:05:00,0.0024691,817.58,0.0028451,649.54,2.7499,5.98E+05,0.84876,1.92E+05,-195.4,-202,5.52,187
DATA,44,9/2/2021,13:10:00,0.0022809,615.35,0.0027472,639.33,2.7499,5.98E+05,0.83426,1.91E+05,-195.4,-202,5.54,157
DATA,45,9/2/2021,13:15:00,0.0022809,706.25,0.0026995,633.56,2.4718,5.75E+05,0.78881,1.92E+05,-195.4,-202,5.53,174
DATA,46,9/2/2021,13:20:00,0.0034101,536.2,0.0026797,628.64,2.4718,5.75E+05,0.80594,1.87E+05,-195.4,-202,5.53,145
DATA,47,9/2/2021,13:25:00,0.0026573,743.01,0.0026983,613.48,2.4718,5.75E+05,0.81723,1.87E+05,-195.4,-202,5.52,157
DATA,48,9/2/2021,13:30:00,0.0034101,697.57,0.0026686,600.33,2.4284,5.52E+05,0.80528,1.79E+05,-195.4,-202,5.52,154
DATA,49,9/2/2021,13:35:00,0.0017162,579.31,0.0025889,588.23,2.4284,5.52E+05,0.77968,1.75E+05,-195.4,-202,5.52,175
DATA,50,9/2/2021,13:40:00,0.0028455,620.7,0.002514,579.34,2.4284,5.52E+05,0.74515,1.76E+05,-195.4,-202,5.51,137
DATA,51,9/2/2021,13:45:00,0.0017162,515.45,0.0024212,565.16,2.2628,5.21E+05,0.73799,1.71E+05,-195.4,-202,5.51,140
DATA,52,9/2/2021,13:50:00,0.0024691,559.66,0.0023779,547.69,2.2628,5.21E+05,0.69518,1.62E+05,-195.4,-202,5.49,180
DATA,53,9/2/2021,13:55:00,0.0024691,494.77,0.0023484,528.86,2.2628,5.21E+05,0.70675,1.60E+05,-195.4,-202,5.47,180
DATA,54,9/2/2021,14:00:00,0.0026573,445.59,0.0023536,514.77,2.1139,4.76E+05,0.71193,1.54E+05,-195.4,-202,5.51,149
DATA,55,9/2/2021,14:05:00,0.0034101,428.56,0.0023147,496.03,2.1139,4.76E+05,0.69988,1.50E+05,-195.4,-202,5.5,161
DATA,56,9/2/2021,14:10:00,0.0030337,439.5,0.0022794,480.47,2.1139,4.76E+05,0.67184,1.43E+05,-195.4,-202,5.5,167
DATA,57,9/2/2021,14:15:00,0.0022809,473.96,0.0022248,463.29,2.0517,4.32E+05,0.68003,1.40E+05,-195.4,-202,5.49,170
DATA,58,9/2/2021,14:20:00,0.0024691,441.37,0.0021964,449.8,2.0517,4.32E+05,0.64963,1.34E+05,-195.4,-202,5.48,171
DATA,59,9/2/2021,14:25:00,0.0022809,488.65,0.0021627,440.12,2.0517,4.32E+05,0.64518,1.31E+05,-195.4,-202,5.47,162
DATA,60,9/2/2021,14:30:00,0.0017162,426.61,0.0021698,434.1,1.9448,3.96E+05,0.65001,1.31E+05,-195.4,-202,5.48,157
DATA,61,9/2/2021,14:35:00,0.0019044,366.26,0.0021845,428.79,1.9448,3.96E+05,0.65772,1.29E+05,-195.4,-202,5.47,188
DATA,62,9/2/2021,14:40:00,0.0011516,402.58,0.0022008,413.24,1.9448,3.96E+05,0.65706,1.26E+05,-195.4,-202,5.47,153
DATA,63,9/2/2021,14:45:00,0.0022809,332.06,0.0022142,395.67,1.9811,3.72E+05,0.66629,1.17E+05,-195.4,-202,5.48,176
DATA,64,9/2/2021,14:50:00,0.0024691,326.87,0.0021937,377.91,1.9811,3.72E+05,0.66967,1.13E+05,-195.4,-202,5.47,195
DATA,65,9/2/2021,14:55:00,0.0019044,325.67,0.0021479,368.63,1.9811,3.72E+05,0.64031,1.10E+05,-195.4,-202,5.47,163
DATA,66,9/2/2021,15:00:00,0.0026573,347.22,0.0021148,360.93,1.9336,3.32E+05,0.62366,1.09E+05,-195.4,-202,5.47,172
DATA,67,9/2/2021,15:05:00,0.0022809,327.55,0.0020849,351.52,1.9336,3.32E+05,0.63956,1.06E+05,-195.4,-202,5.47,168
DATA,68,9/2/2021,15:10:00,0.0030337,323.09,0.0020991,339.49,1.9336,3.32E+05,0.61208,1.02E+05,-195.4,-202,5.46,167
DATA,69,9/2/2021,15:14:59,0.00077518,352.38,0.0020705,325.96,1.8891,3.06E+05,0.63749,97671,-195.4,-202,5.45,255
DATA,70,9/2/2021,15:19:59,0.0019044,270.24,0.0020617,314.42,1.8891,3.06E+05,0.61293,93930,-195.4,-202,5.43,167
DATA,71,9/2/2021,15:24:59,0.0019044,316.48,0.0020322,301.9,1.8891,3.06E+05,0.60634,91344,-195.4,-202,5.41,150
DATA,72,9/2/2021,15:29:59,0.001528,278.47,0.0020395,289.8,1.8295,2.72E+05,0.6102,86419,-195.4,-202,5.46,190
DATA,73,9/2/2021,15:34:59,0.0030337,245.34,0.002078,276.55,1.8295,2.72E+05,0.61895,83020,-195.4,-202,5.45,181
DATA,74,9/2/2021,15:39:59,0.0019044,255.18,0.0021102,265.16,1.8295,2.72E+05,0.63975,79448,-195.4,-202,5.45,190
DATA,75,9/2/2021,15:44:59,0.0024691,231.45,0.0021533,253.53,1.899,2.39E+05,0.64031,76172,-195.4,-202,5.45,174
DATA,76,9/2/2021,15:49:59,0.0024691,235.95,0.0021782,242.23,1.899,2.39E+05,0.65913,72510,-195.4,-202,5.44,195
DATA,77,9/2/2021,15:54:59,0.0026573,208.07,0.0022219,231.89,1.899,2.39E+05,0.66149,69300,-195.4,-202,5.44,200
DATA,78,9/2/2021,15:59:59,0.0022809,228.52,0.0022608,222.58,1.9986,2.09E+05,0.67796,66824,-195.4,-202,5.41,215
DATA,79,9/2/2021,16:04:59,0.0026573,197.79,0.0022972,213.97,1.9986,2.09E+05,0.6948,64163,-195.4,-202,5.42,220
DATA,80,9/2/2021,16:09:59,0.0020927,199.71,0.0022972,205.69,1.9986,2.09E+05,0.69574,61536,-195.4,-202,5.42,208
DATA,81,9/2/2021,16:14:59,0.0011516,188.32,0.0022997,199.81,2.068,1.85E+05,0.67749,59387,-195.4,-202,5.43,203
DATA,82,9/2/2021,16:19:59,0.0022809,178.57,0.0023051,195.57,2.068,1.85E+05,0.69734,58880,-195.4,-202,5.44,200
DATA,83,9/2/2021,16:24:59,0.0024691,181.56,0.002362,191.13,2.068,1.85E+05,0.69828,57717,-195.4,-202,5.43,186
DATA,84,9/2/2021,16:29:59,0.0020927,186.82,0.002399,186.62,2.1255,1.72E+05,0.7299,55417,-195.4,-202,5.43,191
DATA,85,9/2/2021,16:34:59,0.0028455,161.42,0.0024394,181.58,2.1255,1.72E+05,0.73113,54808,-195.4,-202,5.43,166
DATA,86,9/2/2021,16:39:59,0.0022809,170.81,0.0024463,177.97,2.1255,1.72E+05,0.73574,53178,-195.4,-202,5.42,190
DATA,87,9/2/2021,16:44:59,0.0032219,182.56,0.0024438,174.49,2.2018,1.60E+05,0.73498,52148,-195.4,-202,5.42,177
DATA,88,9/2/2021,16:49:59,0.0019044,176.56,0.0024478,172.54,2.2018,1.60E+05,0.7284,51674,-195.4,-202,5.4,171
DATA,89,9/2/2021,16:54:59,0.0030337,157.85,0.0024547,171.23,2.2018,1.60E+05,0.73997,51462,-195.4,-202,5.4,172
DATA,90,9/2/2021,16:59:59,0.001528,175.63,0.0024833,170.44,2.2105,1.54E+05,0.74214,50962,-195.4,-202,5.41,153
DATA,91,9/2/2021,17:04:59,0.0026573,158.96,0.0025019,168.03,2.2105,1.54E+05,0.75211,50988,-195.4,-202,5.43,170
DATA,92,9/2/2021,17:09:59,0.0032219,162.07,0.0025297,163.83,2.2105,1.54E+05,0.75597,49270,-195.4,-202,5.42,170
DATA,93,9/2/2021,17:14:59,0.0024691,142.76,0.0025293,156.52,2.277,1.47E+05,0.76896,47189,-195.4,-202,5.42,202
DATA,94,9/2/2021,17:19:58,0.0028455,138.4,0.0025222,147.36,2.277,1.47E+05,0.75202,44355,-195.4,-202,5.41,161
DATA,95,9/2/2021,17:24:58,0.0024691,120.2,0.0025019,137.35,2.277,1.47E+05,0.75004,41047,-195.4,-202,5.41,145
DATA,96,9/2/2021,17:29:58,0.0030337,117.59,0.0025197,127.42,2.2506,1.24E+05,0.74854,38161,-195.4,-202,5.41,170
DATA,97,9/2/2021,17:34:58,0.0034101,91.1,0.0025358,119.11,2.2506,1.24E+05,0.76961,35439,-195.4,-202,5.38,160
DATA,98,9/2/2021,17:39:58,0.0034101,84.113,0.0025488,107.7,2.2506,1.24E+05,0.76303,33526,-195.4,-202,5.43,162
DATA,99,9/2/2021,17:44:58,0.0030337,80.061,0.0025427,96.399,2.2935,96877,0.76086,27913,-195.4,-202,5.41,219
DATA,100,9/2/2021,17:49:58,0.0022809,73.823,0.0025552,86.6,2.2935,96877,0.76387,25262,-195.4,-202,5.38,211
DATA,101,9/2/2021,17:54:58,0.0028455,74.729,0.0025634,81.844,2.2935,96877,0.77677,24741,-195.4,-202,5.41,216
DATA,102,9/2/2021,17:59:58,0.0028455,70.803,0.0025655,78.279,2.3072,73643,0.76651,23640,-195.4,-202,5.41,193
DATA,103,9/2/2021,18:04:58,0.0022809,60.088,0.0025828,73.299,2.3072,73643,0.76651,22053,-195.4,-202,5.41,176
DATA,104,9/2/2021,18:09:58,0.0037866,49.928,0.0026347,65.117,2.3072,73643,0.79145,20251,-195.4,-202,5.41,200
DATA,105,9/2/2021,18:14:58,0.0022809,48.325,0.0027426,57.113,2.3734,58571,0.81544,16267,-195.4,-202,5.4,192
DATA,106,9/2/2021,18:19:58,0.0024691,42.02,0.0028175,49.823,2.3734,58571,0.86221,14848,-195.4,-202,5.4,191
DATA,107,9/2/2021,18:24:58,0.0024691,46.069,0.0028946,44.993,2.3734,58571,0.85779,13692,-195.4,-202,5.41,232
DATA,108,9/2/2021,18:29:58,0.0022809,37.68,0.0029369,41.678,2.6023,40482,0.88226,11942,-195.4,-202,5.36,203
DATA,109,9/2/2021,18:34:58,0.0026573,36.609,0.0030122,39.356,2.6023,40482,0.90296,11864,-195.4,-202,5.37,189
DATA,110,9/2/2021,18:39:58,0.0026573,37.298,0.003053,38.263,2.6023,40482,0.92489,11610,-195.4,-202,5.4,174
DATA,111,9/2/2021,18:44:58,0.0032219,31.596,0.0030734,36.079,2.7493,34425,0.9215,10951,-195.4,-202,5.4,185
DATA,112,9/2/2021,18:49:58,0.0032219,23.84,0.003068,32.404,2.7493,34425,0.92112,9898.5,-195.4,-202,5.4,188
DATA,113,9/2/2021,18:54:57,0.0037866,22.33,0.0030734,27.061,2.7493,34425,0.91915,8293.6,-195.4,-202,5.39,190
DATA,114,9/2/2021,18:59:57,0.0032219,17.817,0.0029898,22.481,2.7672,24321,0.92696,6129.4,-195.4,-202,5.39,215
DATA,115,9/2/2021,19:04:57,0.0030337,13.817,0.0028892,18.615,2.7672,24321,0.84274,5775.2,-195.4,-202,5.38,190
DATA,116,9/2/2021,19:09:57,0.0037866,11.431,0.0027328,15.861,2.7672,24321,0.83078,4825,-195.4,-202,5.36,188
DATA,117,9/2/2021,19:14:57,0.0024691,11.853,0.0026339,12.878,2.4562,14245,0.7827,3645,-195.4,-202,5.38,184
DATA,118,9/2/2021,19:19:57,0.0024691,8.0421,0.0024641,10.806,2.4562,14245,0.7554,3104.7,-195.4,-202,5.38,176
DATA,119,9/2/2021,19:24:57,0.0024691,7.0152,0.0023392,9.2074,2.4562,14245,0.67909,2962.3,-195.4,-202,5.36,192
DATA,120,9/2/2021,19:29:57,0.001528,6.0684,0.002202,7.9536,2.1048,8276.6,0.67033,2209.6,-195.4,-202,5.38,178
DATA,121,9/2/2021,19:34:57,0.0022809,4.9549,0.0021405,6.5052,2.1048,8276.6,0.63354,1972.7,-195.4,-202,5.37,192
DATA,122,9/2/2021,19:39:57,0.0020927,3.2954,0.0020628,5.3534,2.1048,8276.6,0.623,1663.9,-195.4,-202,5.37,181
DATA,123,9/2/2021,19:44:57,0.0024691,2.2238,0.0019843,4.0327,1.8576,4808.6,0.60107,1172,-195.4,-202,5.36,178
DATA,124,9/2/2021,19:49:57,0.0013398,1.2889,0.0018804,2.7715,1.8576,4808.6,0.55966,784.04,-195.4,-202,5.36,222
DATA,125,9/2/2021,19:54:57,0.001528,0.69367,0.0017359,1.7871,1.8576,4808.6,0.52927,529.29,-195.4,-202,5.35,22
DATA,126,9/2/2021,19:59:57,0.0013398,0.32106,0.0016284,1.0968,1.559,1601.9,0.47008,288.54,-195.4,-202,5.32,238
DATA,127,9/2/2021,20:04:57,0.0013398,0.13758,0.0015271,0.5664,1.559,1601.9,0.46601,164.43,-195.4,-202,5.31,9
DATA,128,9/2/2021,20:09:57,0.00039875,0.057032,0.0014254,0.27624,1.559,1601.9,0.43745,53.926,-195.4,-202,5.32,121
DATA,129,9/2/2021,20:14:57,0.00058697,0.025317,0.0012609,0.10571,1.2831,247.02,0.37968,28.664,-195.4,-202,5.33,116
DATA,130,9/2/2021,20:19:57,0.001528,0.0089732,0.0011003,0.050691,1.2831,247.02,0.31576,11.818,-195.4,-202,5.34,134
DATA,131,9/2/2021,20:24:57,0.001528,0.0039145,0.00098648,0.020783,1.2831,247.02,0.29319,4.8187,-195.4,-202,5.33,206
DATA,132,9/2/2021,20:29:57,0.0011516,0.0021633,0.00092543,0.0085014,0.88785,18.573,0.27889,1.9366,-195.4,-202,5.32,81
DATA,133,9/2/2021,20:34:57,0.00077518,0.0015796,0.00085018,0.0035686,0.88785,18.573,0.26062,0.83669,-195.4,-202,5.31,193
DATA,134,9/2/2021,20:39:57,0.0011516,0.00041222,0.00077164,0.0016777,0.88785,18.573,0.22368,0.41742,-195.4,-202,5.3,164
DATA,135,9/2/2021,20:44:57,2.23E-05,0.00099593,0.0006442,0.00089692,0.69363,1.5015,0.20933,0.24742,-195.4,-202,5.26,51
DATA,136,9/2/2021,20:49:57,0,0.00041222,0.00055904,0.00056128,0.69363,1.5015,0.14695,0.13907,-195.4,-202,5.27,30
DATA,137,9/2/2021,20:54:57,0,0.00021765,0.0004743,0.00039681,0.69363,1.5015,0.14601,0.11592,-195.4,-202,5.29,27
DATA,138,9/2/2021,20:59:57,0.00096339,0.00021765,0.00043381,0.00031853,0.4239,0.35564,0.13094,0.10065,-195.4,-202,5.28,36
DATA,139,9/2/2021,21:04:56,0.00058697,0.00099593,0.000415,0.00028702,0.4239,0.35564,0.11265,0.069999,-195.4,-202,5.29,126
DATA,140,9/2/2021,21:09:56,0.00021054,0,0.0004143,0.00025861,0.4239,0.35564,0.13123,0.087594,-195.4,-202,5.28,114
DATA,141,9/2/2021,21:14:56,0.00077518,0.00041222,0.00044565,0.00025896,0.3727,0.23198,0.12882,0.074391,-195.4,-202,5.27,100
DATA,142,9/2/2021,21:19:56,0.00021054,0,0.00043607,0.00024577,0.3727,0.23198,0.14047,0.07071,-195.4,-202,5.27,114
DATA,143,9/2/2021,21:24:56,0.00021054,0.00099593,0.00041444,0.00024085,0.3727,0.23198,0.12261,0.075839,-195.4,-202,5.26,89
DATA,144,9/2/2021,21:29:56,2.23E-05,0.00080136,0.0003759,0.00022182,0.37319,0.21735,0.11011,0.070799,-195.4,-202,5.25,121
DATA,145,9/2/2021,21:34:56,0,0.00021765,0.00032319,0.00018267,0.37319,0.21735,0.10597,0.053363,-195.4,-202,5.24,120
DATA,146,9/2/2021,21:39:56,0,0.00041222,0.00027637,0.00015058,0.37319,0.21735,0.073218,0.040243,-195.4,-202,5.24,171
DATA,147,9/2/2021,21:44:56,0.00077518,2.31E-05,0.00025664,0.00015563,0.24826,0.13494,0.069068,0.04133,-195.4,-202,5.24,196
DATA,148,9/2/2021,21:49:56,0.00039875,0,0.00027167,0.00016567,0.24826,0.13494,0.088313,0.058495,-195.4,-202,5.26,221
DATA,149,9/2/2021,21:54:56,0,2.31E-05,0.00027272,0.00016296,0.24826,0.13494,0.087642,0.049699,-195.4,-202,5.25,4
DATA,150,9/2/2021,21:59:56,2.23E-05,0,0.00024858,0.00013793,0.24582,0.14665,0.06987,0.038457,-195.4,-202,5.24,251
DATA,151,9/2/2021,22:04:56,0.00096339,2.31E-05,0.00022663,0.00012759,0.24582,0.14665,0.064908,0.035593,-195.4,-202,5.23,202
DATA,152,9/2/2021,22:09:56,0,0,0.00023318,0.00013209,0.24582,0.14665,0.069661,0.041203,-195.4,-202,5.23,219
DATA,153,9/2/2021,22:14:56,0.00077518,0,0.00023276,0.00012675,0.20995,0.11947,0.075385,0.04267,-195.4,-202,5.22,196
DATA,154,9/2/2021,22:19:56,0,0,0.00023115,0.00012828,0.20995,0.11947,0.064681,0.031306,-195.4,-202,5.19,222
DATA,155,9/2/2021,22:24:56,0.00021054,0,0.00022005,0.00012432,0.20995,0.11947,0.067118,0.041232,-195.4,-202,5.22,149
DATA,156,9/2/2021,22:29:56,0,0,0.00021067,0.00013101,0.19768,0.11129,0.065879,0.038754,-195.4,-202,5.19,234
DATA,157,9/2/2021,22:34:56,0,0,0.00018863,0.00011952,0.19768,0.11129,0.057561,0.03665,-195.4,-202,5.2,231
DATA,158,9/2/2021,22:39:56,2.23E-05,0.00041222,0.00014818,9.89E-05,0.19768,0.11129,0.047471,0.031903,-195.4,-202,5.21,246
DATA,159,9/2/2021,22:44:56,0,0,0.00012598,8.34E-05,0.13372,0.089177,0.028688,0.020624,-195.4,-202,5.21,106
DATA,160,9/2/2021,22:49:56,0,0,0.00011065,6.88E-05,0.13372,0.089177,0.036261,0.022616,-195.4,-202,5.2,73
DATA,161,9/2/2021,22:54:56,0,0.00060679,0.00013018,8.07E-05,0.13372,0.089177,0.033671,0.018346,-195.4,-202,5.2,30
DATA,162,9/2/2021,22:59:56,0.00058697,0,0.00014424,8.69E-05,0.11783,0.072446,0.047899,0.031484,-195.4,-202,5.19,77
DATA,163,9/2/2021,23:04:56,0,0,0.00015415,9.90E-05,0.11783,0.072446,0.048138,0.028727,-195.4,-202,5.19,91
DATA,164,9/2/2021,23:09:56,0,0,0.00014615,8.96E-05,0.11783,0.072446,0.042702,0.029654,-195.4,-202,5.16,83
DATA,165,9/2/2021,23:14:56,2.23E-05,0,0.00013185,7.58E-05,0.13156,0.080625,0.040721,0.022244,-195.4,-202,5.19,59
DATA,166,9/2/2021,23:19:56,0,0,0.00012986,6.75E-05,0.13156,0.080625,0.035183,0.016021,-195.4,-202,5.16,77
DATA,167,9/2/2021,23:24:56,0,0,0.0001227,6.47E-05,0.13156,0.080625,0.04118,0.021975,-195.4,-202,5.18,66
DATA,168,9/2/2021,23:29:56,0,0,0.00012557,7.66E-05,0.11045,0.05819,0.034086,0.020194,-195.4,-202,5.19,81
DATA,169,9/2/2021,23:34:56,0,0.00021765,0.00011892,7.71E-05,0.11045,0.05819,0.038022,0.026926,-195.4,-202,5.18,22
DATA,170,9/2/2021,23:39:55,0,0.00041222,0.00012459,8.87E-05,0.11045,0.05819,0.03452,0.022438,-195.4,-202,5.18,8
DATA,171,9/2/2021,23:44:55,0.00039875,2.31E-05,0.00013814,9.01E-05,0.11157,0.079863,0.039024,0.030498,-195.4,-202,5.17,42
DATA,172,9/2/2021,23:49:55,0.00058697,0,0.0001493,9.25E-05,0.11157,0.079863,0.050463,0.028153,-195.4,-202,5.16,38
DATA,173,9/2/2021,23:54:55,0.00039875,0,0.00017934,0.00010253,0.11157,0.079863,0.045091,0.02442,-195.4,-202,5.16,241
DATA,174,9/2/2021,23:59:55,0,0,0.00018185,0.0001051,0.16159,0.092726,0.06604,0.040152,-195.4,-202,5.11,5
DATA,175,9/3/2021,0:04:55,0,0,0.00018454,0.00010457,0.16159,0.092726,0.0535,0.029804,-195.4,-202,5.14,16
DATA,176,9/3/2021,0:09:55,0.00039875,0,0.00015259,8.24E-05,0.16159,0.092726,0.047096,0.024654,-195.4,-202,5.15,58
DATA,177,9/3/2021,0:14:55,0,2.31E-05,0.00012703,6.59E-05,0.13664,0.073731,0.036043,0.019272,-195.4,-202,5.17,75
DATA,178,9/3/2021,0:19:55,0,0,0.00011077,6.14E-05,0.13664,0.073731,0.030215,0.015417,-195.4,-202,5.16,62
DATA,179,9/3/2021,0:24:55,0.00021054,0.00041222,0.00011426,5.61E-05,0.13664,0.073731,0.03305,0.019849,-195.4,-202,5.16,208
DATA,180,9/3/2021,0:29:55,0,0,0.00011595,5.59E-05,0.10263,0.050502,0.039362,0.015236,-195.4,-202,5.16,60
DATA,181,9/3/2021,0:34:55,0,0,0.00010862,4.77E-05,0.10263,0.050502,0.031932,0.015236,-195.4,-202,5.15,50
DATA,182,9/3/2021,0:39:55,0,0,9.68E-05,5.02E-05,0.10263,0.050502,0.025957,0.012429,-195.4,-202,5.14,131
DATA,183,9/3/2021,0:44:55,0,0,8.62E-05,4.77E-05,0.087345,0.045167,0.029455,0.017501,-195.4,-202,5.14,191
DATA,184,9/3/2021,0:49:55,0,0,8.06E-05,4.61E-05,0.087345,0.045167,0.022562,0.013023,-195.4,-202,5.14,170
DATA,185,9/3/2021,0:54:55,2.23E-05,0,7.57E-05,4.55E-05,0.087345,0.045167,0.020445,0.011549,-195.4,-202,5.14,179
DATA,186,9/3/2021,0:59:55,0,2.31E-05,6.65E-05,3.70E-05,0.068007,0.040929,0.025,0.016357,-195.4,-202,5.14,168
DATA,187,9/3/2021,1:04:55,0,0.00021765,6.20E-05,3.49E-05,0.068007,0.040929,0.014011,0.0054216,-195.4,-202,5.14,162
DATA,188,9/3/2021,1:09:55,2.23E-05,0,5.25E-05,2.86E-05,0.068007,0.040929,0.017399,0.0093822,-195.4,-202,5.14,251
DATA,189,9/3/2021,1:14:54,2.23E-05,0,6.91E-05,3.63E-05,0.047356,0.026386,0.015947,0.011582,-195.4,-202,5.14,188
DATA,190,9/3/2021,1:19:54,0.00021054,0,7.32E-05,4.65E-05,0.047356,0.026386,0.028905,0.011674,-195.4,-202,5.14,119
DATA,191,9/3/2021,1:24:54,0.00021054,0.00041222,9.89E-05,5.70E-05,0.047356,0.026386,0.021702,0.018006,-195.4,-202,5.13,60
DATA,192,9/3/2021,1:29:54,0,0,9.09E-05,5.47E-05,0.08972,0.050743,0.039113,0.021063,-195.4,-202,5.1,169
DATA,193,9/3/2021,1:34:54,0,0.00060679,9.89E-05,5.35E-05,0.08972,0.050743,0.021964,0.010975,-195.4,-202,5.11,142
DATA,194,9/3/2021,1:39:54,2.23E-05,0,7.53E-05,4.71E-05,0.08972,0.050743,0.026602,0.017122,-195.4,-202,5.11,172
DATA,195,9/3/2021,1:44:54,0,0,6.89E-05,4.88E-05,0.066851,0.042403,0.018285,0.014306,-195.4,-202,5.1,174
DATA,196,9/3/2021,1:49:54,2.23E-05,0,5.34E-05,3.63E-05,0.066851,0.042403,0.016451,0.011651,-195.4,-202,5.13,165
DATA,197,9/3/2021,1:54:54,0,0,4.43E-05,2.73E-05,0.066851,0.042403,0.013373,0.0057811,-195.4,-202,5.13,215
DATA,198,9/3/2021,1:59:54,2.23E-05,0,3.73E-05,2.32E-05,0.04011,0.024625,0.010286,0.0071925,-195.4,-202,5.13,208
DATA,199,9/3/2021,2:04:54,0,0,3.26E-05,2.20E-05,0.04011,0.024625,0.0096005,0.0078817,-195.4,-202,5.12,238
DATA,200,9/3/2021,2:09:54,2.23E-05,0,3.19E-05,1.65E-05,0.04011,0.024625,0.0094218,0.0046532,-195.4,-202,5.12,235
DATA,201,9/3/2021,2:14:54,0,0,2.69E-05,1.38E-05,0.028431,0.014863,0.0094091,0.0023283,-195.4,-202,5.11,251
DATA,202,9/3/2021,2:19:54,0,0,2.24E-05,1.26E-05,0.028431,0.014863,0.0053115,0.0054315,-195.4,-202,5.08,236
DATA,203,9/3/2021,2:24:54,0,0,1.77E-05,1.25E-05,0.028431,0.014863,0.0056416,0.003621,-195.4,-202,5.11,240
DATA,204,9/3/2021,2:29:54,0,0,1.61E-05,8.62E-06,0.016059,0.011265,0.0051057,0.0022128,-195.4,-202,5.13,240
DATA,205,9/3/2021,2:34:54,0,0,1.17E-05,5.24E-06,0.016059,0.011265,0.0037866,0.0019259,-195.4,-202,5.12,254
DATA,206,9/3/2021,2:39:54,0,0,9.99E-06,5.32E-06,0.016059,0.011265,0.0014419,0.00057383,-195.4,-202,5.11,49
DATA,207,9/3/2021,2:44:54,0,0,9.70E-06,7.88E-06,0.0089099,0.0049006,0.0036813,0.0024008,-195.4,-202,5.11,132
DATA,208,9/3/2021,2:49:53,0,0,1.92E-05,9.84E-06,0.0089099,0.0049006,0.0036048,0.004119,-195.4,-202,5.1,119
DATA,209,9/3/2021,2:54:53,0,0,2.52E-05,1.34E-05,0.0089099,0.0049006,0.0099976,0.002447,-195.4,-202,5.1,120
DATA,210,9/3/2021,2:59:53,0,0,3.32E-05,1.14E-05,0.022681,0.011968,0.0090789,0.0054018,-195.4,-202,5.09,6
DATA,211,9/3/2021,3:04:53,0,0,2.92E-05,1.32E-05,0.022681,0.011968,0.011194,0.0024206,-195.4,-202,5.04,188
DATA,212,9/3/2021,3:09:53,0,0,2.34E-05,1.17E-05,0.022681,0.011968,0.0059303,0.004114,-195.4,-202,5.1,244
DATA,213,9/3/2021,3:14:53,0,0,1.99E-05,1.27E-05,0.021083,0.0105,0.0039589,0.0039656,-195.4,-202,5.09,7
DATA,214,9/3/2021,3:19:53,0,0,1.84E-05,1.02E-05,0.021083,0.0105,0.0075923,0.0033572,-195.4,-202,5.04,241
DATA,215,9/3/2021,3:24:53,0,0,1.99E-05,7.58E-06,0.021083,0.0105,0.0050435,0.0016852,-195.4,-202,5.09,10
DATA,216,9/3/2021,3:29:53,0,0,1.33E-05,5.13E-06,0.01789,0.0068199,0.005254,0.0017775,-195.4,-202,5.09,73
DATA,217,9/3/2021,3:34:53,0,0,9.28E-06,4.60E-06,0.01789,0.0068199,0.0016971,0.0011575,-195.4,-202,5.09,94
DATA,218,9/3/2021,3:39:53,0,0,9.60E-06,5.46E-06,0.01789,0.0068199,0.0013972,0.0012037,-195.4,-202,5.08,79
DATA,219,9/3/2021,3:44:53,0,0,1.38E-05,7.37E-06,0.0086355,0.0053293,0.0055411,0.002968,-195.4,-202,5.08,119
DATA,220,9/3/2021,3:49:53,0,0,1.43E-05,9.47E-06,0.0086355,0.0053293,0.0054199,0.0024635,-195.4,-202,5.08,114
DATA,221,9/3/2021,3:54:53,0,0,1.34E-05,9.56E-06,0.0086355,0.0053293,0.0019523,0.0030933,-195.4,-202,5.08,97
DATA,222,9/3/2021,3:59:53,0.00039875,0,1.24E-05,8.56E-06,0.012521,0.0081917,0.0051488,0.0026349,-195.4,-202,5.03,25
DATA,223,9/3/2021,4:04:53,0,0,1.44E-05,9.33E-06,0.012521,0.0081917,0.0040641,0.0019721,-195.4,-202,5.05,46
DATA,224,9/3/2021,4:09:53,0,0,1.23E-05,8.30E-06,0.012521,0.0081917,0.0037802,0.0037925,-195.4,-202,5.08,43
DATA,225,9/3/2021,4:14:53,0,0,9.38E-06,8.17E-06,0.010594,0.0074728,0.0027498,0.0017083,-195.4,-202,5.08,78
DATA,226,9/3/2021,4:19:53,0,0,9.34E-06,8.45E-06,0.010594,0.0074728,0.0019077,0.0018567,-195.4,-202,5.08,90
DATA,227,9/3/2021,4:24:53,0,0,7.94E-06,7.09E-06,0.010594,0.0074728,0.0037707,0.0040431,-195.4,-202,5.07,60
DATA,228,9/3/2021,4:29:53,0,0,8.80E-06,5.10E-06,0.0071426,0.0063812,0.0014642,0.00048148,-195.4,-202,5.07,167
DATA,229,9/3/2021,4:34:53,0,0,6.00E-06,9.31E-07,0.0071426,0.0063812,0.0026828,6.93E-05,-195.4,-202,5.06,224
DATA,230,9/3/2021,4:39:53,0,0,5.46E-06,1.15E-06,0.0071426,0.0063812,0.0012314,0.00028691,-195.4,-202,5.01,158
DATA,231,9/3/2021,4:44:53,0,0,2.84E-06,1.12E-06,0.0049127,0.0010322,0.00099849,0.00067605,-195.4,-202,5.07,203
DATA,232,9/3/2021,4:49:53,0,0,1.57E-06,8.54E-07,0.0049127,0.0010322,0.0003222,4.62E-05,-195.4,-202,5.06,1
DATA,233,9/3/2021,4:54:53,0,0,1.86E-06,3.44E-07,0.0049127,0.0010322,8.93E-05,4.62E-05,-195.4,-202,5.02,52
DATA,234,9/3/2021,4:59:53,0,0,1.58E-06,5.86E-07,0.0016748,0.00031,0.0012633,0.00021765,-195.4,-202,5.06,197
DATA,235,9/3/2021,5:04:53,0,0,1.53E-06,5.61E-07,0.0016748,0.00031,6.70E-05,0.00026383,-195.4,-202,5.06,51
DATA,236,9/3/2021,5:09:53,0,0,3.83E-07,3.19E-07,0.0016748,0.00031,4.47E-05,2.31E-05,-195.4,-202,5.05,109
DATA,237,9/3/2021,5:14:53,0,0,3.83E-07,2.57E-08,0.00034453,0.00028691,0.00023287,0,-195.4,-202,5.05,99
DATA,238,9/3/2021,5:19:53,0,0,1.79E-06,4.84E-07,0.00034453,0.00028691,6.70E-05,0,-195.4,-202,5.04,178
DATA,239,9/3/2021,5:24:53,0,0,1.86E-06,7.77E-07,0.00034453,0.00028691,0.0013303,0.00043531,-195.4,-202,5.03,0
DATA,240,9/3/2021,5:29:53,0,0,2.05E-06,1.31E-06,0.0016748,0.00069914,0.00027754,0.00026383,-195.4,-202,5,248
DATA,241,9/3/2021,5:34:53,0,2.31E-05,1.39E-06,5.07E-06,0.0016748,0.00069914,0.00025521,0.00050457,-195.4,-202,5.03,7
DATA,242,9/3/2021,5:39:53,0,2.31E-05,1.76E-06,3.78E-05,0.0016748,0.00069914,0.00069862,0.0038156,-195.4,-202,5.05,241
DATA,243,9/3/2021,5:44:52,0,0.0011905,2.07E-06,0.00030414,0.0015855,0.035057,0.00063163,0.030737,-195.4,-202,5.04,141
DATA,244,9/3/2021,5:49:52,0,0.0060547,1.55E-06,0.0013587,0.0015855,0.035057,0.00051041,0.24852,-195.4,-202,5.04,74
DATA,245,9/3/2021,5:54:52,0,0.014616,1.18E-06,0.0042969,0.0015855,0.035057,0.00025521,0.97238,-195.4,-202,5.03,35
DATA,246,9/3/2021,5:59:52,0,0.036991,1.34E-06,0.011886,0.0010655,3.9428,0.00029987,2.7219,-195.4,-202,5.03,121
DATA,247,9/3/2021,6:04:52,0,0.097891,1.26E-06,0.031701,0.0010655,3.9428,0.00065396,7.2,-195.4,-202,5.03,87
DATA,248,9/3/2021,6:09:52,0,0.26639,1.21E-06,0.085107,0.0010655,3.9428,0.00017865,19.13,-195.4,-202,5.02,51
DATA,249,9/3/2021,6:14:52,0,0.68666,7.90E-07,0.22663,0.0010878,77.991,0.00025521,51.661,-195.4,-202,4.98,26
DATA,250,9/3/2021,6:19:52,0,1.6741,6.17E-07,0.58363,0.0010878,77.991,0.00027754,136.84,-195.4,-202,4.99,243
DATA,251,9/3/2021,6:24:52,0,3.4571,3.33E-07,1.3624,0.0010878,77.991,2.23E-05,345.59,-195.4,-202,5,211
DATA,252,9/3/2021,6:29:52,0,6.149,3.08E-07,2.78,0.00029987,1243.7,0,761.24,-195.4,-202,5,249
DATA,253,9/3/2021,6:34:52,0,10.085,7.76E-07,5.117,0.00029987,1243.7,0.00025521,1425.7,-195.4,-202,5.03,199
DATA,254,9/3/2021,6:39:52,0,14.722,1.24E-06,8.3703,0.00029987,1243.7,0.00084217,2464.6,-195.4,-202,5.02,201
DATA,255,9/3/2021,6:44:52,0,20.603,1.22E-06,12.666,0.0011197,7596.1,2.23E-05,3705.7,-195.4,-202,5.02,193
DATA,256,9/3/2021,6:49:52,0,25.501,8.01E-07,17.627,0.0011197,7596.1,0.00023287,5308,-195.4,-202,5.02,147
DATA,257,9/3/2021,6:54:52,0,30.124,3.58E-07,22.768,0.0011197,7596.1,6.70E-05,6935.1,-195.4,-202,5.01,231
DATA,258,9/3/2021,6:59:52,0,34.096,5.67E-07,27.734,0.0003222,20575,2.23E-05,8332.2,-195.4,-202,4.99,8
DATA,259,9/3/2021,7:04:52,0,42.227,1.08E-06,32.934,0.0003222,20575,0.00042109,9774.6,-195.4,-202,4.99,204
DATA,260,9/3/2021,7:09:52,0,60.691,1.84E-06,40.194,0.0003222,20575,0.00053275,11626,-195.4,-202,4.98,194
DATA,261,9/3/2021,7:14:52,0.00021054,75.529,4.86E-06,51.332,0.0016525,36344,0.00069862,14943,-195.4,-202,5.01,102
DATA,262,9/3/2021,7:19:52,0.00096339,89.538,5.31E-05,65.36,0.0016525,36344,0.0031837,19836,-195.4,-202,5.01,81
DATA,263,9/3/2021,7:24:52,0,105.56,0.00019518,81.423,0.0016525,36344,0.045343,24306,-195.4,-202,5,234
DATA,264,9/3/2021,7:29:52,0.00021054,122.3,0.00043548,97.299,0.18033,73524,0.1318,29383,-195.4,-202,5,67
DATA,265,9/3/2021,7:34:51,0.0013398,141.96,0.00074374,114.02,0.18033,73524,0.22016,34153,-195.4,-202,5,248
DATA,266,9/3/2021,7:39:51,0.0017162,157.85,0.0010153,131.07,0.18033,73524,0.32355,39417,-195.4,-202,5,203
DATA,267,9/3/2021,7:44:51,0.001528,138.5,0.0012463,143.86,0.91797,1.18E+05,0.37425,44726,-195.4,-202,4.99,228
DATA,268,9/3/2021,7:49:51,0.0017162,173.1,0.0014205,150.87,0.91797,1.18E+05,0.42905,45439,-195.4,-202,4.97,218
DATA,269,9/3/2021,7:54:51,0.0022809,223.37,0.0015182,169.24,0.91797,1.18E+05,0.47704,45819,-195.4,-202,4.98,239
DATA,270,9/3/2021,7:59:51,0.0017162,247.55,0.0016008,199.23,1.3686,1.53E+05,0.46255,61529,-195.4,-202,4.98,182
DATA,271,9/3/2021,8:04:51,0.0019044,273.35,0.0016796,238.17,1.3686,1.53E+05,0.50377,72637,-195.4,-202,5,182
DATA,272,9/3/2021,8:09:51,0.0026573,307.66,0.0018116,270.2,1.3686,1.53E+05,0.55016,80851,-195.4,-202,5.02,162
DATA,273,9/3/2021,8:14:51,0.0011516,326.04,0.0018833,295.08,1.6334,2.44E+05,0.57943,90225,-195.4,-202,5.02,158
DATA,274,9/3/2021,8:19:51,0.0020927,264.92,0.0019398,316.74,1.6334,2.44E+05,0.56192,94789,-195.4,-202,5.02,191
DATA,275,9/3/2021,8:24:51,0.0020927,321.83,0.0019923,329.92,1.6334,2.44E+05,0.60578,1.01E+05,-195.4,-202,5.02,141
DATA,276,9/3/2021,8:29:51,0.0019044,404.36,0.0020648,351.86,1.7924,2.97E+05,0.62469,1.02E+05,-195.4,-202,5.02,159
DATA,277,9/3/2021,8:34:51,0.0017162,471.29,0.0021215,383.33,1.7924,2.97E+05,0.63457,1.15E+05,-195.4,-202,5.01,140
DATA,278,9/3/2021,8:39:51,0.0024691,618.44,0.0021497,422.46,1.7924,2.97E+05,0.64888,1.28E+05,-195.4,-202,5.01,200
DATA,279,9/3/2021,8:44:51,0.0020927,448.47,0.0021928,459.05,1.9353,3.81E+05,0.65189,1.38E+05,-195.4,-202,5.01,181
DATA,280,9/3/2021,8:49:51,0.0022809,385.63,0.0022798,470.13,1.9353,3.81E+05,0.6741,1.48E+05,-195.4,-202,5.02,172
DATA,281,9/3/2021,8:54:51,0.0022809,671.25,0.0024151,455.11,1.9353,3.81E+05,0.72858,1.38E+05,-195.4,-202,5.03,159
DATA,282,9/3/2021,8:59:51,0.0035983,418.16,0.0025674,447.07,2.1769,4.10E+05,0.77423,1.25E+05,-195.4,-202,5.03,167
DATA,283,9/3/2021,9:04:51,0.0028455,404.52,0.0026663,392.26,2.1769,4.10E+05,0.80914,1.39E+05,-195.4,-202,5.03,152
