Date,Time,Abs Pres (kPa) c:1 2
07/20/21,14:00:00,101.974
07/20/21,14:15:00,101.946
07/20/21,14:30:00,101.952
07/20/21,14:45:00,101.940
07/20/21,15:00:00,101.925
07/20/21,15:15:00,101.925
07/20/21,15:30:00,101.934
07/20/21,15:45:00,101.922
07/20/21,16:00:00,101.900
07/20/21,16:15:00,101.894
07/20/21,16:30:00,101.879
07/20/21,16:45:00,101.870
07/20/21,17:00:00,101.858
07/20/21,17:15:00,101.858
07/20/21,17:30:00,101.849
07/20/21,17:45:00,101.834
07/20/21,18:00:00,101.823
07/20/21,18:15:00,101.802
07/20/21,18:30:00,101.794
07/20/21,18:45:00,101.788
07/20/21,19:00:00,101.770
07/20/21,19:15:00,101.752
07/20/21,19:30:00,101.749
07/20/21,19:45:00,101.734
07/20/21,20:00:00,101.731
07/20/21,20:15:00,101.716
07/20/21,20:30:00,101.698
07/20/21,20:45:00,101.713
07/20/21,21:00:00,101.713
07/20/21,21:15:00,101.713
07/20/21,21:30:00,101.728
07/20/21,21:45:00,101.725
07/20/21,22:00:00,101.710
07/20/21,22:15:00,101.722
07/20/21,22:30:00,101.737
07/20/21,22:45:00,101.734
07/20/21,23:00:00,101.750
07/20/21,23:15:00,101.731
07/20/21,23:30:00,101.744
07/20/21,23:45:00,101.726
07/21/21,00:00:00,101.711
07/21/21,00:15:00,101.708
07/21/21,00:30:00,101.720
07/21/21,00:45:00,101.705
07/21/21,01:00:00,101.717
07/21/21,01:15:00,101.714
07/21/21,01:30:00,101.726
07/21/21,01:45:00,101.726
07/21/21,02:00:00,101.708
07/21/21,02:15:00,101.720
07/21/21,02:30:00,101.705
07/21/21,02:45:00,101.717
07/21/21,03:00:00,101.714
07/21/21,03:15:00,101.714
07/21/21,03:30:00,101.726
07/21/21,03:45:00,101.741
07/21/21,04:00:00,101.753
07/21/21,04:15:00,101.735
07/21/21,04:30:00,101.766
07/21/21,04:45:00,101.763
07/21/21,05:00:00,101.763
07/21/21,05:15:00,101.760
07/21/21,05:30:00,101.790
07/21/21,05:45:00,101.772
07/21/21,06:00:00,101.784
07/21/21,06:15:00,101.784
07/21/21,06:30:00,101.784
07/21/21,06:45:00,101.781
07/21/21,07:00:00,101.775
07/21/21,07:15:00,101.784
07/21/21,07:30:00,101.811
07/21/21,07:45:00,101.805
07/21/21,08:00:00,101.814
07/21/21,08:15:00,101.811
07/21/21,08:30:00,101.823
07/21/21,08:45:00,101.838
07/21/21,09:00:00,101.853
07/21/21,09:15:00,101.865
07/21/21,09:30:00,101.880
07/21/21,09:45:00,101.895
07/21/21,10:00:00,101.895
07/21/21,10:15:00,101.910
07/21/21,10:30:00,101.910
07/21/21,10:45:00,101.910
07/21/21,11:00:00,101.913
07/21/21,11:15:00,101.928
07/21/21,11:30:00,101.931
07/21/21,11:45:00,101.949
07/21/21,12:00:00,101.934
07/21/21,12:15:00,101.922
07/21/21,12:30:00,101.910
07/21/21,12:45:00,101.932
07/21/21,13:00:00,101.935
07/21/21,13:15:00,101.941
07/21/21,13:30:00,101.947
07/21/21,13:45:00,101.938
07/21/21,14:00:00,101.944
07/21/21,14:15:00,101.950
07/21/21,14:30:00,101.956
07/21/21,14:45:00,101.947
07/21/21,15:00:00,101.980
07/21/21,15:15:00,101.955
07/21/21,15:30:00,101.961
07/21/21,15:45:00,101.952
07/21/21,16:00:00,101.970
07/21/21,16:15:00,101.961
07/21/21,16:30:00,101.940
07/21/21,16:45:00,101.954
07/21/21,17:00:00,101.957
07/21/21,17:15:00,101.945
07/21/21,17:30:00,101.930
07/21/21,17:45:00,101.930
07/21/21,18:00:00,101.909
07/21/21,18:15:00,101.915
07/21/21,18:30:00,101.891
07/21/21,18:45:00,101.898
07/21/21,19:00:00,101.889
07/21/21,19:15:00,101.898
07/21/21,19:30:00,101.877
07/21/21,19:45:00,101.856
07/21/21,20:00:00,101.865
07/21/21,20:15:00,101.841
07/21/21,20:30:00,101.835
07/21/21,20:45:00,101.841
07/21/21,21:00:00,101.850
07/21/21,21:15:00,101.844
07/21/21,21:30:00,101.865
07/21/21,21:45:00,101.874
07/21/21,22:00:00,101.880
07/21/21,22:15:00,101.874
07/21/21,22:30:00,101.867
07/21/21,22:45:00,101.876
07/21/21,23:00:00,101.885
07/21/21,23:15:00,101.909
07/21/21,23:30:00,101.873
07/21/21,23:45:00,101.885
07/22/21,00:00:00,101.878
07/22/21,00:15:00,101.887
07/22/21,00:30:00,101.884
07/22/21,00:45:00,101.892
07/22/21,01:00:00,101.886
07/22/21,01:15:00,101.883
07/22/21,01:30:00,101.876
07/22/21,01:45:00,101.888
07/22/21,02:00:00,101.897
07/22/21,02:15:00,101.875
07/22/21,02:30:00,101.887
07/22/21,02:45:00,101.884
07/22/21,03:00:00,101.862
07/22/21,03:15:00,101.889
07/22/21,03:30:00,101.871
07/22/21,03:45:00,101.894
07/22/21,04:00:00,101.891
07/22/21,04:15:00,101.888
07/22/21,04:30:00,101.881
07/22/21,04:45:00,101.878
07/22/21,05:00:00,101.889
07/22/21,05:15:00,101.916
07/22/21,05:30:00,101.913
07/22/21,05:45:00,101.924
07/22/21,06:00:00,101.921
07/22/21,06:15:00,101.933
07/22/21,06:30:00,101.948
07/22/21,06:45:00,101.929
07/22/21,07:00:00,101.944
07/22/21,07:15:00,101.963
07/22/21,07:30:00,101.981
07/22/21,07:45:00,101.958
07/22/21,08:00:00,101.980
07/22/21,08:15:00,102.001
07/22/21,08:30:00,101.996
07/22/21,08:45:00,102.137
07/22/21,09:00:00,102.112
07/22/21,09:15:00,102.256
07/22/21,09:30:00,102.261
07/22/21,09:45:00,102.270
07/22/21,10:00:00,102.248
07/22/21,10:15:00,102.229
07/22/21,10:30:00,102.249
07/22/21,10:45:00,102.278
07/22/21,11:00:00,102.294
07/22/21,11:15:00,102.299
07/22/21,11:30:00,102.309
07/22/21,11:45:00,102.313
07/22/21,12:00:00,102.311
07/22/21,12:15:00,102.292
07/22/21,12:30:00,103.612
07/22/21,12:45:00,105.840
07/22/21,13:00:00,107.704
07/22/21,13:15:00,109.495
07/22/21,13:30:00,111.171
07/22/21,13:45:00,112.847
07/22/21,14:00:00,114.424
07/22/21,14:15:00,116.002
07/22/21,14:30:00,117.493
07/22/21,14:45:00,119.018
07/22/21,15:00:00,120.461
07/22/21,15:15:00,121.946
07/22/21,15:30:00,123.418
07/22/21,15:45:00,124.960
07/22/21,16:00:00,126.411
07/22/21,16:15:00,127.746
07/22/21,16:30:00,129.020
07/22/21,16:45:00,130.069
07/22/21,17:00:00,131.129
07/22/21,17:15:00,131.989
07/22/21,17:30:00,132.407
07/22/21,17:45:00,132.809
07/22/21,18:00:00,132.948
07/22/21,18:15:00,132.824
07/22/21,18:30:00,132.778
07/22/21,18:45:00,132.643
07/22/21,19:00:00,132.535
07/22/21,19:15:00,132.334
07/22/21,19:30:00,132.206
07/22/21,19:45:00,131.897
07/22/21,20:00:00,131.592
07/22/21,20:15:00,131.237
07/22/21,20:30:00,130.897
07/22/21,20:45:00,130.357
07/22/21,21:00:00,130.007
07/22/21,21:15:00,129.606
07/22/21,21:30:00,129.174
07/22/21,21:45:00,129.055
07/22/21,22:00:00,128.824
07/22/21,22:15:00,128.716
07/22/21,22:30:00,128.701
07/22/21,22:45:00,128.639
07/22/21,23:00:00,128.763
07/22/21,23:15:00,128.855
07/22/21,23:30:00,128.932
07/22/21,23:45:00,129.091
07/23/21,00:00:00,129.338
07/23/21,00:15:00,129.589
07/23/21,00:30:00,129.757
07/23/21,00:45:00,130.086
07/23/21,01:00:00,130.373
07/23/21,01:15:00,130.717
07/23/21,01:30:00,131.185
07/23/21,01:45:00,131.649
07/23/21,02:00:00,132.040
07/23/21,02:15:00,132.318
07/23/21,02:30:00,132.462
07/23/21,02:45:00,132.529
07/23/21,03:00:00,132.507
07/23/21,03:15:00,132.331
07/23/21,03:30:00,132.031
07/23/21,03:45:00,131.638
07/23/21,04:00:00,131.210
07/23/21,04:15:00,130.658
07/23/21,04:30:00,129.974
07/23/21,04:45:00,129.218
07/23/21,05:00:00,128.266
07/23/21,05:15:00,127.458
07/23/21,05:30:00,126.470
07/23/21,05:45:00,125.164
07/23/21,06:00:00,124.096
07/23/21,06:15:00,122.802
07/23/21,06:30:00,121.494
07/23/21,06:45:00,120.107
07/23/21,07:00:00,118.627
07/23/21,07:15:00,117.145
07/23/21,07:30:00,115.615
07/23/21,07:45:00,113.946
07/23/21,08:00:00,112.358
07/23/21,08:15:00,110.860
07/23/21,08:30:00,109.515
07/23/21,08:45:00,108.184
07/23/21,09:00:00,106.975
07/23/21,09:15:00,105.961
07/23/21,09:30:00,105.053
07/23/21,09:45:00,104.291
07/23/21,10:00:00,103.657
07/23/21,10:15:00,103.113
07/23/21,10:30:00,102.647
07/23/21,10:45:00,102.604
07/23/21,11:00:00,102.607
07/23/21,11:15:00,102.600
07/23/21,11:30:00,102.608
07/23/21,11:45:00,102.633
07/23/21,12:00:00,102.619
07/23/21,12:15:00,102.628
07/23/21,12:30:00,102.618
07/23/21,12:45:00,102.627
07/23/21,13:00:00,102.619
07/23/21,13:15:00,102.611
07/23/21,13:30:00,104.138
07/23/21,13:45:00,106.573
07/23/21,14:00:00,108.582
07/23/21,14:15:00,110.419
07/23/21,14:30:00,112.167
07/23/21,14:45:00,113.928
07/23/21,15:00:00,115.640
07/23/21,15:15:00,117.333
07/23/21,15:30:00,118.963
07/23/21,15:45:00,120.518
07/23/21,16:00:00,122.122
07/23/21,16:15:00,123.837
07/23/21,16:30:00,125.306
07/23/21,16:45:00,126.984
07/23/21,17:00:00,128.360
07/23/21,17:15:00,129.650
07/23/21,17:30:00,130.812
07/23/21,17:45:00,131.851
07/23/21,18:00:00,132.578
07/23/21,18:15:00,133.077
07/23/21,18:30:00,133.232
07/23/21,18:45:00,133.108
07/23/21,19:00:00,133.139
07/23/21,19:15:00,132.938
07/23/21,19:30:00,132.784
07/23/21,19:45:00,132.830
07/23/21,20:00:00,132.680
07/23/21,20:15:00,132.557
07/23/21,20:30:00,132.325
07/23/21,20:45:00,131.892
07/23/21,21:00:00,131.428
07/23/21,21:15:00,130.811
07/23/21,21:30:00,130.147
07/23/21,21:45:00,129.592
07/23/21,22:00:00,129.114
07/23/21,22:15:00,128.651
07/23/21,22:30:00,128.405
07/23/21,22:45:00,128.112
07/23/21,23:00:00,128.004
07/23/21,23:15:00,127.943
07/23/21,23:30:00,127.820
07/23/21,23:45:00,127.773
07/24/21,00:00:00,127.696
07/24/21,00:15:00,127.686
07/24/21,00:30:00,127.686
07/24/21,00:45:00,127.794
07/24/21,01:00:00,128.009
07/24/21,01:15:00,128.322
07/24/21,01:30:00,128.722
07/24/21,01:45:00,129.154
07/24/21,02:00:00,129.663
07/24/21,02:15:00,130.126
07/24/21,02:30:00,130.542
07/24/21,02:45:00,130.959
07/24/21,03:00:00,131.319
07/24/21,03:15:00,131.582
07/24/21,03:30:00,131.736
07/24/21,03:45:00,131.752
07/24/21,04:00:00,131.597
07/24/21,04:15:00,131.350
07/24/21,04:30:00,131.077
07/24/21,04:45:00,130.706
07/24/21,05:00:00,130.243
07/24/21,05:15:00,129.749
07/24/21,05:30:00,129.071
07/24/21,05:45:00,128.259
07/24/21,06:00:00,127.365
07/24/21,06:15:00,126.329
07/24/21,06:30:00,125.228
07/24/21,06:45:00,124.020
07/24/21,07:00:00,122.813
07/24/21,07:15:00,121.556
07/24/21,07:30:00,120.228
07/24/21,07:45:00,118.816
07/24/21,08:00:00,117.348
07/24/21,08:15:00,115.825
07/24/21,08:30:00,114.357
07/24/21,08:45:00,112.802
07/24/21,09:00:00,111.329
07/24/21,09:15:00,109.874
07/24/21,09:30:00,108.514
07/24/21,09:45:00,107.285
07/24/21,10:00:00,106.177
07/24/21,10:15:00,105.181
07/24/21,10:30:00,104.373
07/24/21,10:45:00,103.666
07/24/21,11:00:00,103.084
07/24/21,11:15:00,102.589
07/24/21,11:30:00,102.261
07/24/21,11:45:00,102.252
07/24/21,12:00:00,102.232
07/24/21,12:15:00,102.234
07/24/21,12:30:00,102.233
07/24/21,12:45:00,102.216
07/24/21,13:00:00,102.197
07/24/21,13:15:00,102.191
07/24/21,13:30:00,102.204
07/24/21,13:45:00,102.180
07/24/21,14:00:00,102.213
07/24/21,14:15:00,104.792
07/24/21,14:30:00,106.881
07/24/21,14:45:00,108.770
07/24/21,15:00:00,110.603
07/24/21,15:15:00,112.380
07/24/21,15:30:00,114.060
07/24/21,15:45:00,115.759
07/24/21,16:00:00,117.352
07/24/21,16:15:00,119.040
07/24/21,16:30:00,120.622
07/24/21,16:45:00,122.283
07/24/21,17:00:00,124.083
07/24/21,17:15:00,125.702
07/24/21,17:30:00,127.348
07/24/21,17:45:00,128.519
07/24/21,18:00:00,129.805
07/24/21,18:15:00,131.051
07/24/21,18:30:00,131.741
07/24/21,18:45:00,132.174
07/24/21,19:00:00,132.622
07/24/21,19:15:00,132.839
07/24/21,19:30:00,132.962
07/24/21,19:45:00,133.086
07/24/21,20:00:00,133.287
07/24/21,20:15:00,133.241
07/24/21,20:30:00,133.148
07/24/21,20:45:00,132.808
07/24/21,21:00:00,132.271
07/24/21,21:15:00,131.545
07/24/21,21:30:00,130.865
07/24/21,21:45:00,130.222
07/24/21,22:00:00,129.620
07/24/21,22:15:00,129.116
07/24/21,22:30:00,128.746
07/24/21,22:45:00,128.345
07/24/21,23:00:00,127.964
07/24/21,23:15:00,127.615
07/24/21,23:30:00,127.166
07/24/21,23:45:00,126.815
07/25/21,00:00:00,126.411
07/25/21,00:15:00,126.098
07/25/21,00:30:00,125.871
07/25/21,00:45:00,125.840
07/25/21,01:00:00,125.960
07/25/21,01:15:00,126.122
07/25/21,01:30:00,126.477
07/25/21,01:45:00,126.804
07/25/21,02:00:00,127.047
07/25/21,02:15:00,127.258
07/25/21,02:30:00,127.496
07/25/21,02:45:00,127.781
07/25/21,03:00:00,128.019
07/25/21,03:15:00,128.462
07/25/21,03:30:00,129.017
07/25/21,03:45:00,129.584
07/25/21,04:00:00,130.017
07/25/21,04:15:00,130.557
07/25/21,04:30:00,130.661
07/25/21,04:45:00,130.734
07/25/21,05:00:00,130.533
07/25/21,05:15:00,130.162
07/25/21,05:30:00,129.679
07/25/21,05:45:00,129.370
07/25/21,06:00:00,128.759
07/25/21,06:15:00,128.195
07/25/21,06:30:00,127.532
07/25/21,06:45:00,126.833
07/25/21,07:00:00,126.041
07/25/21,07:15:00,125.126
07/25/21,07:30:00,124.008
07/25/21,07:45:00,122.868
07/25/21,08:00:00,121.473
07/25/21,08:15:00,120.121
07/25/21,08:30:00,118.740
07/25/21,08:45:00,117.272
07/25/21,09:00:00,115.828
07/25/21,09:15:00,114.321
07/25/21,09:30:00,112.994
07/25/21,09:45:00,111.726
07/25/21,10:00:00,110.413
07/25/21,10:15:00,109.144
07/25/21,10:30:00,107.982
07/25/21,10:45:00,106.821
07/25/21,11:00:00,105.725
07/25/21,11:15:00,104.778
07/25/21,11:30:00,103.983
07/25/21,11:45:00,103.327
07/25/21,12:00:00,102.777
07/25/21,12:15:00,102.300
07/25/21,12:30:00,101.879
07/25/21,12:45:00,101.922
07/25/21,13:00:00,101.928
07/25/21,13:15:00,101.922
07/25/21,13:30:00,101.919
07/25/21,13:45:00,101.920
07/25/21,14:00:00,101.904
07/25/21,14:15:00,101.895
07/25/21,14:30:00,102.209
07/25/21,14:45:00,104.374
07/25/21,15:00:00,106.399
07/25/21,15:15:00,108.253
07/25/21,15:30:00,110.046
07/25/21,15:45:00,111.655
07/25/21,16:00:00,113.230
07/25/21,16:15:00,114.805
07/25/21,16:30:00,116.404
07/25/21,16:45:00,118.085
07/25/21,17:00:00,119.544
07/25/21,17:15:00,121.128
07/25/21,17:30:00,122.836
07/25/21,17:45:00,124.429
07/25/21,18:00:00,126.136
07/25/21,18:15:00,127.563
07/25/21,18:30:00,128.883
07/25/21,18:45:00,130.266
07/25/21,19:00:00,131.187
07/25/21,19:15:00,132.099
07/25/21,19:30:00,132.686
07/25/21,19:45:00,132.779
07/25/21,20:00:00,132.794
07/25/21,20:15:00,132.856
07/25/21,20:30:00,132.794
07/25/21,20:45:00,132.732
07/25/21,21:00:00,132.825
07/25/21,21:15:00,132.521
07/25/21,21:30:00,132.243
07/25/21,21:45:00,131.825
07/25/21,22:00:00,131.058
07/25/21,22:15:00,130.306
07/25/21,22:30:00,129.581
07/25/21,22:45:00,128.820
07/25/21,23:00:00,128.299
07/25/21,23:15:00,127.754
07/25/21,23:30:00,127.143
07/25/21,23:45:00,126.850
07/26/21,00:00:00,126.353
07/26/21,00:15:00,125.728
07/26/21,00:30:00,125.197
07/26/21,00:45:00,124.883
07/26/21,01:00:00,124.560
07/26/21,01:15:00,124.303
07/26/21,01:30:00,124.210
07/26/21,01:45:00,124.180
07/26/21,02:00:00,124.283
07/26/21,02:15:00,124.498
07/26/21,02:30:00,124.740
07/26/21,02:45:00,124.936
07/26/21,03:00:00,125.086
07/26/21,03:15:00,125.343
07/26/21,03:30:00,125.681
07/26/21,03:45:00,126.082
07/26/21,04:00:00,126.636
07/26/21,04:15:00,127.283
07/26/21,04:30:00,127.787
07/26/21,04:45:00,128.230
07/26/21,05:00:00,128.631
07/26/21,05:15:00,128.720
07/26/21,05:30:00,128.647
07/26/21,05:45:00,128.451
07/26/21,06:00:00,128.316
07/26/21,06:15:00,128.074
07/26/21,06:30:00,127.862
07/26/21,06:45:00,127.651
07/26/21,07:00:00,127.204
07/26/21,07:15:00,126.715
07/26/21,07:30:00,125.988
07/26/21,07:45:00,125.057
07/26/21,08:00:00,123.989
07/26/21,08:15:00,122.941
07/26/21,08:30:00,121.840
07/26/21,08:45:00,120.805
07/26/21,09:00:00,119.629
07/26/21,09:15:00,118.461
07/26/21,09:30:00,117.176
07/26/21,09:45:00,115.847
07/26/21,10:00:00,114.381
07/26/21,10:15:00,113.149
07/26/21,10:30:00,111.759
07/26/21,10:45:00,110.503
07/26/21,11:00:00,109.325
07/26/21,11:15:00,108.223
07/26/21,11:30:00,107.156
07/26/21,11:45:00,106.211
07/26/21,12:00:00,105.369
07/26/21,12:15:00,104.652
07/26/21,12:30:00,103.999
07/26/21,12:45:00,103.418
07/26/21,13:00:00,102.928
07/26/21,13:15:00,102.499
07/26/21,13:30:00,102.134
07/26/21,13:45:00,101.859
07/26/21,14:00:00,101.750
07/26/21,14:15:00,101.917
07/26/21,14:30:00,102.275
07/26/21,14:45:00,102.927
07/26/21,15:00:00,104.014
07/26/21,15:15:00,105.411
07/26/21,15:30:00,106.821
07/26/21,15:45:00,108.354
07/26/21,16:00:00,109.953
07/26/21,16:15:00,111.612
07/26/21,16:30:00,113.249
07/26/21,16:45:00,114.908
07/26/21,17:00:00,116.588
07/26/21,17:15:00,118.219
07/26/21,17:30:00,119.752
07/26/21,17:45:00,121.110
07/26/21,18:00:00,122.636
07/26/21,18:15:00,124.085
07/26/21,18:30:00,125.607
07/26/21,18:45:00,126.870
07/26/21,19:00:00,128.277
07/26/21,19:15:00,129.459
07/26/21,19:30:00,130.627
07/26/21,19:45:00,131.363
07/26/21,20:00:00,132.197
07/26/21,20:15:00,132.815
07/26/21,20:30:00,132.950
07/26/21,20:45:00,132.934
07/26/21,21:00:00,132.981
07/26/21,21:15:00,132.733
07/26/21,21:30:00,132.424
07/26/21,21:45:00,132.321
07/26/21,22:00:00,131.996
07/26/21,22:15:00,131.672
07/26/21,22:30:00,131.208
07/26/21,22:45:00,130.452
07/26/21,23:00:00,129.655
07/26/21,23:15:00,128.889
07/26/21,23:30:00,127.983
07/26/21,23:45:00,127.225
07/27/21,00:00:00,126.551
07/27/21,00:15:00,125.944
07/27/21,00:30:00,125.371
07/27/21,00:45:00,124.796
07/27/21,01:00:00,124.180
07/27/21,01:15:00,123.594
07/27/21,01:30:00,123.012
07/27/21,01:45:00,122.487
07/27/21,02:00:00,122.138
07/27/21,02:15:00,121.954
07/27/21,02:30:00,121.980
07/27/21,02:45:00,122.130
07/27/21,03:00:00,122.298
07/27/21,03:15:00,122.559
07/27/21,03:30:00,122.636
07/27/21,03:45:00,122.755
07/27/21,04:00:00,122.931
07/27/21,04:15:00,123.134
07/27/21,04:30:00,123.459
07/27/21,04:45:00,123.900
07/27/21,05:00:00,124.484
07/27/21,05:15:00,125.088
07/27/21,05:30:00,125.627
07/27/21,05:45:00,126.011
07/27/21,06:00:00,126.289
07/27/21,06:15:00,126.423
07/27/21,06:30:00,126.469
07/27/21,06:45:00,126.438
07/27/21,07:00:00,126.403
07/27/21,07:15:00,126.280
07/27/21,07:30:00,126.014
07/27/21,07:45:00,125.614
07/27/21,08:00:00,124.999
07/27/21,08:15:00,124.342
07/27/21,08:30:00,123.532
07/27/21,08:45:00,122.711
07/27/21,09:00:00,121.925
07/27/21,09:15:00,121.151
07/27/21,09:30:00,120.316
07/27/21,09:45:00,119.390
07/27/21,10:00:00,118.407
07/27/21,10:15:00,117.352
07/27/21,10:30:00,116.164
07/27/21,10:45:00,114.958
07/27/21,11:00:00,113.764
07/27/21,11:15:00,112.685
07/27/21,11:30:00,111.637
07/27/21,11:45:00,110.701
07/27/21,12:00:00,109.796
07/27/21,12:15:00,108.936
07/27/21,12:30:00,108.063
07/27/21,12:45:00,107.242
07/27/21,13:00:00,106.436
07/27/21,13:15:00,105.736
07/27/21,13:30:00,105.170
07/27/21,13:45:00,104.756
07/27/21,14:00:00,104.492
07/27/21,14:15:00,104.441
07/27/21,14:30:00,104.583
07/27/21,14:45:00,104.847
07/27/21,15:00:00,105.229
07/27/21,15:15:00,105.741
07/27/21,15:30:00,106.484
07/27/21,15:45:00,107.482
07/27/21,16:00:00,108.712
07/27/21,16:15:00,110.165
07/27/21,16:30:00,111.726
07/27/21,16:45:00,113.308
07/27/21,17:00:00,114.848
07/27/21,17:15:00,116.309
07/27/21,17:30:00,117.721
07/27/21,17:45:00,119.088
07/27/21,18:00:00,120.478
07/27/21,18:15:00,121.846
07/27/21,18:30:00,123.203
07/27/21,18:45:00,124.534
07/27/21,19:00:00,125.821
07/27/21,19:15:00,126.856
07/27/21,19:30:00,128.081
07/27/21,19:45:00,129.206
07/27/21,20:00:00,130.317
07/27/21,20:15:00,131.126
07/27/21,20:30:00,131.956
07/27/21,20:45:00,132.519
07/27/21,21:00:00,132.730
07/27/21,21:15:00,132.900
07/27/21,21:30:00,132.823
07/27/21,21:45:00,132.607
07/27/21,22:00:00,132.390
07/27/21,22:15:00,132.127
07/27/21,22:30:00,131.756
07/27/21,22:45:00,131.308
07/27/21,23:00:00,130.773
07/27/21,23:15:00,130.109
07/27/21,23:30:00,129.353
07/27/21,23:45:00,128.479
07/28/21,00:00:00,127.578
07/28/21,00:15:00,126.665
07/28/21,00:30:00,125.766
07/28/21,00:45:00,124.926
07/28/21,01:00:00,124.135
07/28/21,01:15:00,123.456
07/28/21,01:30:00,122.927
07/28/21,01:45:00,122.332
07/28/21,02:00:00,121.902
07/28/21,02:15:00,121.479
07/28/21,02:30:00,121.131
07/28/21,02:45:00,120.728
07/28/21,03:00:00,120.563
07/28/21,03:15:00,120.325
07/28/21,03:30:00,120.256
07/28/21,03:45:00,120.167
07/28/21,04:00:00,120.293
07/28/21,04:15:00,120.415
07/28/21,04:30:00,120.645
07/28/21,04:45:00,120.937
07/28/21,05:00:00,121.208
07/28/21,05:15:00,121.572
07/28/21,05:30:00,122.028
07/28/21,05:45:00,122.381
07/28/21,06:00:00,122.868
07/28/21,06:15:00,123.375
07/28/21,06:30:00,123.809
07/28/21,06:45:00,124.209
07/28/21,07:00:00,124.563
07/28/21,07:15:00,124.824
07/28/21,07:30:00,124.962
07/28/21,07:45:00,124.932
07/28/21,08:00:00,124.851
07/28/21,08:15:00,124.666
07/28/21,08:30:00,124.359
07/28/21,08:45:00,124.020
07/28/21,09:00:00,123.540
07/28/21,09:15:00,123.029
07/28/21,09:30:00,122.496
07/28/21,09:45:00,121.860
07/28/21,10:00:00,121.239
07/28/21,10:15:00,120.603
07/28/21,10:30:00,119.861
07/28/21,10:45:00,119.092
07/28/21,11:00:00,118.277
07/28/21,11:15:00,117.371
07/28/21,11:30:00,116.409
07/28/21,11:45:00,115.458
07/28/21,12:00:00,114.542
07/28/21,12:15:00,113.603
07/28/21,12:30:00,112.813
07/28/21,12:45:00,112.001
07/28/21,13:00:00,111.284
07/28/21,13:15:00,110.625
07/28/21,13:30:00,110.030
07/28/21,13:45:00,109.478
07/28/21,14:00:00,109.005
07/28/21,14:15:00,108.631
07/28/21,14:30:00,108.364
07/28/21,14:45:00,108.261
07/28/21,15:00:00,108.310
07/28/21,15:15:00,108.514
07/28/21,15:30:00,108.864
07/28/21,15:45:00,109.411
07/28/21,16:00:00,110.122
07/28/21,16:15:00,110.873
07/28/21,16:30:00,111.807
07/28/21,16:45:00,112.864
07/28/21,17:00:00,114.059
07/28/21,17:15:00,115.388
07/28/21,17:30:00,116.773
07/28/21,17:45:00,118.158
07/28/21,18:00:00,119.529
07/28/21,18:15:00,120.759
07/28/21,18:30:00,121.950
07/28/21,18:45:00,123.123
07/28/21,19:00:00,124.372
07/28/21,19:15:00,125.488
07/28/21,19:30:00,126.564
07/28/21,19:45:00,127.689
07/28/21,20:00:00,128.664
07/28/21,20:15:00,129.574
07/28/21,20:30:00,130.335
07/28/21,20:45:00,130.984
07/28/21,21:00:00,131.510
07/28/21,21:15:00,131.927
07/28/21,21:30:00,132.175
07/28/21,21:45:00,132.345
07/28/21,22:00:00,132.376
07/28/21,22:15:00,132.303
07/28/21,22:30:00,132.076
07/28/21,22:45:00,131.766
07/28/21,23:00:00,131.411
07/28/21,23:15:00,130.901
07/28/21,23:30:00,130.205
07/28/21,23:45:00,129.469
07/29/21,00:00:00,128.636
07/29/21,00:15:00,127.649
07/29/21,00:30:00,126.760
07/29/21,00:45:00,125.775
07/29/21,01:00:00,124.898
07/29/21,01:15:00,124.067
07/29/21,01:30:00,123.216
07/29/21,01:45:00,122.438
07/29/21,02:00:00,121.660
07/29/21,02:15:00,120.939
07/29/21,02:30:00,120.230
07/29/21,02:45:00,119.663
07/29/21,03:00:00,119.234
07/29/21,03:15:00,118.836
07/29/21,03:30:00,118.499
07/29/21,03:45:00,118.319
07/29/21,04:00:00,118.136
07/29/21,04:15:00,117.964
07/29/21,04:30:00,117.811
07/29/21,04:45:00,117.780
07/29/21,05:00:00,117.857
07/29/21,05:15:00,118.067
07/29/21,05:30:00,118.427
07/29/21,05:45:00,118.714
07/29/21,06:00:00,118.955
07/29/21,06:15:00,119.441
07/29/21,06:30:00,119.885
07/29/21,06:45:00,120.360
07/29/21,07:00:00,121.050
07/29/21,07:15:00,121.618
07/29/21,07:30:00,122.059
07/29/21,07:45:00,122.351
07/29/21,08:00:00,122.474
07/29/21,08:15:00,122.597
07/29/21,08:30:00,122.689
07/29/21,08:45:00,122.827
07/29/21,09:00:00,122.954
07/29/21,09:15:00,123.154
07/29/21,09:30:00,122.939
07/29/21,09:45:00,122.789
07/29/21,10:00:00,122.497
07/29/21,10:15:00,122.194
07/29/21,10:30:00,121.753
07/29/21,10:45:00,121.200
07/29/21,11:00:00,120.867
07/29/21,11:15:00,120.476
07/29/21,11:30:00,119.912
07/29/21,11:45:00,119.257
07/29/21,12:00:00,118.679
07/29/21,12:15:00,117.967
07/29/21,12:30:00,117.252
07/29/21,12:45:00,116.457
07/29/21,13:00:00,115.791
07/29/21,13:15:00,115.173
07/29/21,13:30:00,114.600
07/29/21,13:45:00,113.976
07/29/21,14:00:00,113.548
07/29/21,14:15:00,113.219
07/29/21,14:30:00,112.833
07/29/21,14:45:00,112.490
07/29/21,15:00:00,112.378
07/29/21,15:15:00,112.320
07/29/21,15:30:00,112.263
07/29/21,15:45:00,112.358
07/29/21,16:00:00,112.751
07/29/21,16:15:00,113.308
07/29/21,16:30:00,113.850
07/29/21,16:45:00,114.542
07/29/21,17:00:00,115.341
07/29/21,17:15:00,116.098
07/29/21,17:30:00,116.856
07/29/21,17:45:00,117.736
07/29/21,18:00:00,118.827
07/29/21,18:15:00,119.981
07/29/21,18:30:00,121.166
07/29/21,18:45:00,122.341
07/29/21,19:00:00,123.401
07/29/21,19:15:00,124.368
07/29/21,19:30:00,125.361
07/29/21,19:45:00,126.209
07/29/21,20:00:00,127.120
07/29/21,20:15:00,128.048
07/29/21,20:30:00,128.971
07/29/21,20:45:00,129.897
07/29/21,21:00:00,130.666
07/29/21,21:15:00,131.290
07/29/21,21:30:00,131.688
07/29/21,21:45:00,131.909
07/29/21,22:00:00,131.893
07/29/21,22:15:00,131.831
07/29/21,22:30:00,131.697
07/29/21,22:45:00,131.609
07/29/21,23:00:00,131.516
07/29/21,23:15:00,131.361
07/29/21,23:30:00,131.130
07/29/21,23:45:00,130.743
07/30/21,00:00:00,130.095
07/30/21,00:15:00,129.246
07/30/21,00:30:00,128.325
07/30/21,00:45:00,127.251
07/30/21,01:00:00,126.215
07/30/21,01:15:00,125.147
07/30/21,01:30:00,124.093
07/30/21,01:45:00,123.237
07/30/21,02:00:00,122.443
07/30/21,02:15:00,121.661
07/30/21,02:30:00,120.970
07/30/21,02:45:00,120.227
07/30/21,03:00:00,119.502
07/30/21,03:15:00,118.671
07/30/21,03:30:00,117.917
07/30/21,03:45:00,117.259
07/30/21,04:00:00,116.724
07/30/21,04:15:00,116.334
07/30/21,04:30:00,116.016
07/30/21,04:45:00,115.821
07/30/21,05:00:00,115.672
07/30/21,05:15:00,115.492
07/30/21,05:30:00,115.370
07/30/21,05:45:00,115.328
07/30/21,06:00:00,115.404
07/30/21,06:15:00,115.603
07/30/21,06:30:00,115.855
07/30/21,06:45:00,116.234
07/30/21,07:00:00,116.758
07/30/21,07:15:00,117.286
07/30/21,07:30:00,117.894
07/30/21,07:45:00,118.422
07/30/21,08:00:00,118.893
07/30/21,08:15:00,119.315
07/30/21,08:30:00,119.667
07/30/21,08:45:00,119.970
07/30/21,09:00:00,120.273
07/30/21,09:15:00,120.621
07/30/21,09:30:00,120.970
07/30/21,09:45:00,121.369
07/30/21,10:00:00,121.672
07/30/21,10:15:00,121.780
07/30/21,10:30:00,121.780
07/30/21,10:45:00,121.672
07/30/21,11:00:00,121.492
07/30/21,11:15:00,121.308
07/30/21,11:30:00,121.220
07/30/21,11:45:00,121.086
07/30/21,12:00:00,121.040
07/30/21,12:15:00,120.890
07/30/21,12:30:00,120.645
07/30/21,12:45:00,120.234
07/30/21,13:00:00,119.751
07/30/21,13:15:00,119.192
07/30/21,13:30:00,118.682
07/30/21,13:45:00,118.204
07/30/21,14:00:00,117.786
07/30/21,14:15:00,117.487
07/30/21,14:30:00,117.353
07/30/21,14:45:00,117.265
07/30/21,15:00:00,117.143
07/30/21,15:15:00,117.051
07/30/21,15:30:00,116.883
07/30/21,15:45:00,116.733
07/30/21,16:00:00,116.611
07/30/21,16:15:00,116.706
07/30/21,16:30:00,116.886
07/30/21,16:45:00,117.234
07/30/21,17:00:00,117.717
07/30/21,17:15:00,118.310
07/30/21,17:30:00,118.870
07/30/21,17:45:00,119.552
07/30/21,18:00:00,120.204
07/30/21,18:15:00,120.856
07/30/21,18:30:00,121.519
07/30/21,18:45:00,122.214
07/30/21,19:00:00,122.909
07/30/21,19:15:00,123.761
07/30/21,19:30:00,124.675
07/30/21,19:45:00,125.565
07/30/21,20:00:00,126.548
07/30/21,20:15:00,127.422
07/30/21,20:30:00,128.299
07/30/21,20:45:00,128.922
07/30/21,21:00:00,129.423
07/30/21,21:15:00,129.850
07/30/21,21:30:00,130.181
07/30/21,21:45:00,130.563
07/30/21,22:00:00,130.805
07/30/21,22:15:00,131.110
07/30/21,22:30:00,131.379
07/30/21,22:45:00,131.498
07/30/21,23:00:00,131.462
07/30/21,23:15:00,131.184
07/30/21,23:30:00,130.705
07/30/21,23:45:00,130.149
07/31/21,00:00:00,129.598
07/31/21,00:15:00,128.919
07/31/21,00:30:00,128.256
07/31/21,00:45:00,127.629
07/31/21,01:00:00,126.956
07/31/21,01:15:00,126.232
07/31/21,01:30:00,125.307
07/31/21,01:45:00,124.410
07/31/21,02:00:00,123.389
07/31/21,02:15:00,122.327
07/31/21,02:30:00,121.261
07/31/21,02:45:00,120.276
07/31/21,03:00:00,119.376
07/31/21,03:15:00,118.595
07/31/21,03:30:00,117.837
07/31/21,03:45:00,117.098
07/31/21,04:00:00,116.475
07/31/21,04:15:00,115.772
07/31/21,04:30:00,115.092
07/31/21,04:45:00,114.480
07/31/21,05:00:00,113.911
07/31/21,05:15:00,113.436
07/31/21,05:30:00,113.169
07/31/21,05:45:00,113.127
07/31/21,06:00:00,113.188
07/31/21,06:15:00,113.157
07/31/21,06:30:00,113.157
07/31/21,06:45:00,113.199
07/31/21,07:00:00,113.215
07/31/21,07:15:00,113.321
07/31/21,07:30:00,113.638
07/31/21,07:45:00,114.169
07/31/21,08:00:00,114.723
07/31/21,08:15:00,115.503
07/31/21,08:30:00,116.238
07/31/21,08:45:00,116.911
07/31/21,09:00:00,117.569
07/31/21,09:15:00,118.021
07/31/21,09:30:00,118.430
07/31/21,09:45:00,118.779
07/31/21,10:00:00,119.372
07/31/21,10:15:00,119.817
07/31/21,10:30:00,120.319
07/31/21,10:45:00,120.717
07/31/21,11:00:00,121.143
07/31/21,11:15:00,121.630
07/31/21,11:30:00,121.964
07/31/21,11:45:00,122.025
07/31/21,12:00:00,122.405
07/31/21,12:15:00,122.544
07/31/21,12:30:00,122.467
07/31/21,12:45:00,122.570
07/31/21,13:00:00,122.233
07/31/21,13:15:00,122.325
07/31/21,13:30:00,122.248
07/31/21,13:45:00,122.263
07/31/21,14:00:00,122.060
07/31/21,14:15:00,121.875
07/31/21,14:30:00,121.588
07/31/21,14:45:00,121.296
07/31/21,15:00:00,120.993
07/31/21,15:15:00,120.871
07/31/21,15:30:00,120.629
07/31/21,15:45:00,120.265
07/31/21,16:00:00,120.388
07/31/21,16:15:00,120.403
07/31/21,16:30:00,120.572
07/31/21,16:45:00,120.633
07/31/21,17:00:00,120.905
07/31/21,17:15:00,121.070
07/31/21,17:30:00,121.346
07/31/21,17:45:00,121.496
07/31/21,18:00:00,121.707
07/31/21,18:15:00,122.102
07/31/21,18:30:00,122.359
07/31/21,18:45:00,122.977
07/31/21,19:00:00,123.322
07/31/21,19:15:00,123.863
07/31/21,19:30:00,124.450
07/31/21,19:45:00,124.976
07/31/21,20:00:00,125.525
07/31/21,20:15:00,126.179
07/31/21,20:30:00,126.773
07/31/21,20:45:00,127.134
07/31/21,21:00:00,127.684
07/31/21,21:15:00,128.297
07/31/21,21:30:00,128.678
07/31/21,21:45:00,129.213
07/31/21,22:00:00,129.583
07/31/21,22:15:00,129.877
07/31/21,22:30:00,130.093
07/31/21,22:45:00,130.155
07/31/21,23:00:00,130.020
07/31/21,23:15:00,129.897
07/31/21,23:30:00,129.773
07/31/21,23:45:00,129.480
08/01/21,00:00:00,129.125
08/01/21,00:15:00,128.739
08/01/21,00:30:00,128.493
08/01/21,00:45:00,127.968
08/01/21,01:00:00,127.295
08/01/21,01:15:00,126.740
08/01/21,01:30:00,125.806
08/01/21,01:45:00,124.988
08/01/21,02:00:00,124.235
08/01/21,02:15:00,123.275
08/01/21,02:30:00,122.273
08/01/21,02:45:00,121.311
08/01/21,03:00:00,120.406
08/01/21,03:15:00,119.582
08/01/21,03:30:00,118.691
08/01/21,03:45:00,117.773
08/01/21,04:00:00,117.019
08/01/21,04:15:00,116.132
08/01/21,04:30:00,115.315
08/01/21,04:45:00,114.479
08/01/21,05:00:00,113.736
08/01/21,05:15:00,113.099
08/01/21,05:30:00,112.517
08/01/21,05:45:00,112.056
08/01/21,06:00:00,111.763
08/01/21,06:15:00,111.410
08/01/21,06:30:00,111.224
08/01/21,06:45:00,111.129
08/01/21,07:00:00,111.084
08/01/21,07:15:00,110.989
08/01/21,07:30:00,111.080
08/01/21,07:45:00,111.278
08/01/21,08:00:00,111.525
08/01/21,08:15:00,111.920
08/01/21,08:30:00,112.396
08/01/21,08:45:00,112.944
08/01/21,09:00:00,113.660
08/01/21,09:15:00,114.331
08/01/21,09:30:00,115.018
08/01/21,09:45:00,115.747
08/01/21,10:00:00,116.431
08/01/21,10:15:00,117.069
08/01/21,10:30:00,117.677
08/01/21,10:45:00,118.312
08/01/21,11:00:00,118.905
08/01/21,11:15:00,119.613
08/01/21,11:30:00,120.325
08/01/21,11:45:00,120.930
08/01/21,12:00:00,121.565
08/01/21,12:15:00,122.074
08/01/21,12:30:00,122.466
08/01/21,12:45:00,122.731
08/01/21,13:00:00,122.942
08/01/21,13:15:00,123.034
08/01/21,13:30:00,123.350
08/01/21,13:45:00,123.653
08/01/21,14:00:00,124.006
08/01/21,14:15:00,124.349
08/01/21,14:30:00,124.537
08/01/21,14:45:00,124.691
08/01/21,15:00:00,124.691
08/01/21,15:15:00,124.561
08/01/21,15:30:00,124.365
08/01/21,15:45:00,124.027
08/01/21,16:00:00,123.908
08/01/21,16:15:00,123.820
08/01/21,16:30:00,123.897
08/01/21,16:45:00,123.963
08/01/21,17:00:00,124.101
08/01/21,17:15:00,124.255
08/01/21,17:30:00,124.224
08/01/21,17:45:00,124.209
08/01/21,18:00:00,124.228
08/01/21,18:15:00,124.182
08/01/21,18:30:00,124.336
08/01/21,18:45:00,124.536
08/01/21,19:00:00,124.797
08/01/21,19:15:00,125.228
08/01/21,19:30:00,125.674
08/01/21,19:45:00,126.029
08/01/21,20:00:00,126.290
08/01/21,20:15:00,126.579
08/01/21,20:30:00,126.922
08/01/21,20:45:00,127.231
08/01/21,21:00:00,127.590
08/01/21,21:15:00,128.006
08/01/21,21:30:00,128.407
08/01/21,21:45:00,128.809
08/01/21,22:00:00,129.168
08/01/21,22:15:00,129.446
08/01/21,22:30:00,129.662
08/01/21,22:45:00,129.848
08/01/21,23:00:00,129.941
08/01/21,23:15:00,129.899
08/01/21,23:30:00,129.883
08/01/21,23:45:00,129.821
08/02/21,00:00:00,129.713
08/02/21,00:15:00,129.574
08/02/21,00:30:00,129.327
08/02/21,00:45:00,129.033
08/02/21,01:00:00,128.508
08/02/21,01:15:00,127.937
08/02/21,01:30:00,127.263
08/02/21,01:45:00,126.470
08/02/21,02:00:00,125.684
08/02/21,02:15:00,124.910
08/02/21,02:30:00,124.098
08/02/21,02:45:00,123.252
08/02/21,03:00:00,122.392
08/02/21,03:15:00,121.502
08/02/21,03:30:00,120.613
08/02/21,03:45:00,119.728
08/02/21,04:00:00,118.691
08/02/21,04:15:00,117.638
08/02/21,04:30:00,116.686
08/02/21,04:45:00,115.746
08/02/21,05:00:00,114.800
08/02/21,05:15:00,113.976
08/02/21,05:30:00,113.378
08/02/21,05:45:00,112.753
08/02/21,06:00:00,112.140
08/02/21,06:15:00,111.562
08/02/21,06:30:00,110.942
08/02/21,06:45:00,110.437
08/02/21,07:00:00,109.966
08/02/21,07:15:00,109.601
08/02/21,07:30:00,109.355
08/02/21,07:45:00,109.233
08/02/21,08:00:00,109.215
08/02/21,08:15:00,109.309
08/02/21,08:30:00,109.537
08/02/21,08:45:00,109.825
08/02/21,09:00:00,110.205
08/02/21,09:15:00,110.737
08/02/21,09:30:00,111.410
08/02/21,09:45:00,112.049
08/02/21,10:00:00,112.856
08/02/21,10:15:00,113.664
08/02/21,10:30:00,114.503
08/02/21,10:45:00,115.342
08/02/21,11:00:00,116.258
08/02/21,11:15:00,117.084
08/02/21,11:30:00,117.864
08/02/21,11:45:00,118.637
08/02/21,12:00:00,119.372
08/02/21,12:15:00,120.008
08/02/21,12:30:00,120.709
08/02/21,12:45:00,121.302
08/02/21,13:00:00,122.000
08/02/21,13:15:00,122.629
08/02/21,13:30:00,123.193
08/02/21,13:45:00,123.801
08/02/21,14:00:00,124.354
08/02/21,14:15:00,124.803
08/02/21,14:30:00,125.224
08/02/21,14:45:00,125.670
08/02/21,15:00:00,126.088
08/02/21,15:15:00,126.348
08/02/21,15:30:00,126.581
08/02/21,15:45:00,126.746
08/02/21,16:00:00,126.821
08/02/21,16:15:00,126.847
08/02/21,16:30:00,126.799
08/02/21,16:45:00,126.631
08/02/21,17:00:00,126.489
08/02/21,17:15:00,126.370
08/02/21,17:30:00,126.184
08/02/21,17:45:00,126.082
08/02/21,18:00:00,125.981
08/02/21,18:15:00,125.952
08/02/21,18:30:00,125.972
08/02/21,18:45:00,125.983
08/02/21,19:00:00,126.076
08/02/21,19:15:00,126.157
08/02/21,19:30:00,126.245
08/02/21,19:45:00,126.359
08/02/21,20:00:00,126.549
08/02/21,20:15:00,126.707
08/02/21,20:30:00,126.896
08/02/21,20:45:00,127.096
08/02/21,21:00:00,127.378
08/02/21,21:15:00,127.629
08/02/21,21:30:00,127.922
08/02/21,21:45:00,128.153
08/02/21,22:00:00,128.303
08/02/21,22:15:00,128.457
08/02/21,22:30:00,128.658
08/02/21,22:45:00,128.777
08/02/21,23:00:00,128.947
08/02/21,23:15:00,129.125
08/02/21,23:30:00,129.286
08/02/21,23:45:00,129.392
08/03/21,00:00:00,129.344
08/03/21,00:15:00,129.205
08/03/21,00:30:00,129.042
08/03/21,00:45:00,128.753
08/03/21,01:00:00,128.424
08/03/21,01:15:00,128.127
08/03/21,01:30:00,127.742
08/03/21,01:45:00,127.367
08/03/21,02:00:00,126.903
08/03/21,02:15:00,126.283
08/03/21,02:30:00,125.602
08/03/21,02:45:00,124.780
08/03/21,03:00:00,123.848
08/03/21,03:15:00,122.970
08/03/21,03:30:00,121.973
08/03/21,03:45:00,120.977
08/03/21,04:00:00,120.042
08/03/21,04:15:00,119.082
08/03/21,04:30:00,118.172
08/03/21,04:45:00,117.195
08/03/21,05:00:00,116.248
08/03/21,05:15:00,115.313
08/03/21,05:30:00,114.348
08/03/21,05:45:00,113.357
08/03/21,06:00:00,112.446
08/03/21,06:15:00,111.669
08/03/21,06:30:00,110.949
08/03/21,06:45:00,110.329
08/03/21,07:00:00,109.740
08/03/21,07:15:00,109.196
08/03/21,07:30:00,108.680
08/03/21,07:45:00,108.119
08/03/21,08:00:00,107.709
08/03/21,08:15:00,107.342
08/03/21,08:30:00,107.096
08/03/21,08:45:00,107.081
08/03/21,09:00:00,107.248
08/03/21,09:15:00,107.554
08/03/21,09:30:00,108.024
08/03/21,09:45:00,108.574
08/03/21,10:00:00,109.196
08/03/21,10:15:00,109.868
08/03/21,10:30:00,110.552
08/03/21,10:45:00,111.355
08/03/21,11:00:00,112.280
08/03/21,11:15:00,113.221
08/03/21,11:30:00,114.174
08/03/21,11:45:00,115.098
08/03/21,12:00:00,116.140
08/03/21,12:15:00,117.092
08/03/21,12:30:00,118.071
08/03/21,12:45:00,119.008
08/03/21,13:00:00,119.972
08/03/21,13:15:00,120.902
08/03/21,13:30:00,121.759
08/03/21,13:45:00,122.622
08/03/21,14:00:00,123.396
08/03/21,14:15:00,124.125
08/03/21,14:30:00,124.828
08/03/21,14:45:00,125.480
08/03/21,15:00:00,126.195
08/03/21,15:15:00,126.668
08/03/21,15:30:00,127.150
08/03/21,15:45:00,127.654
08/03/21,16:00:00,127.927
08/03/21,16:15:00,128.235
08/03/21,16:30:00,128.466
08/03/21,16:45:00,128.543
08/03/21,17:00:00,128.528
08/03/21,17:15:00,128.594
08/03/21,17:30:00,128.424
08/03/21,17:45:00,128.389
08/03/21,18:00:00,128.019
08/03/21,18:15:00,127.665
08/03/21,18:30:00,127.977
08/03/21,18:45:00,127.592
08/03/21,19:00:00,127.500
08/03/21,19:15:00,127.407
08/03/21,19:30:00,127.345
08/03/21,19:45:00,127.438
08/03/21,20:00:00,127.381
08/03/21,20:15:00,127.304
08/03/21,20:30:00,127.519
08/03/21,20:45:00,127.689
08/03/21,21:00:00,127.519
08/03/21,21:15:00,127.678
08/03/21,21:30:00,127.744
08/03/21,21:45:00,128.015
08/03/21,22:00:00,127.973
08/03/21,22:15:00,127.973
08/03/21,22:30:00,127.962
08/03/21,22:45:00,127.977
08/03/21,23:00:00,128.136
08/03/21,23:15:00,128.336
08/03/21,23:30:00,128.552
08/03/21,23:45:00,128.826
08/04/21,00:00:00,128.980
08/04/21,00:15:00,129.103
08/04/21,00:30:00,129.088
08/04/21,00:45:00,129.011
08/04/21,01:00:00,128.676
08/04/21,01:15:00,128.356
08/04/21,01:30:00,128.182
08/04/21,01:45:00,127.889
08/04/21,02:00:00,127.535
08/04/21,02:15:00,127.334
08/04/21,02:30:00,126.980
08/04/21,02:45:00,126.584
08/04/21,03:00:00,125.961
08/04/21,03:15:00,125.185
08/04/21,03:30:00,124.167
08/04/21,03:45:00,123.281
08/04/21,04:00:00,122.139
08/04/21,04:15:00,121.188
08/04/21,04:30:00,120.322
08/04/21,04:45:00,119.410
08/04/21,05:00:00,118.507
08/04/21,05:15:00,117.623
08/04/21,05:30:00,116.609
08/04/21,05:45:00,115.578
08/04/21,06:00:00,114.452
08/04/21,06:15:00,113.506
08/04/21,06:30:00,112.485
08/04/21,06:45:00,111.570
08/04/21,07:00:00,110.725
08/04/21,07:15:00,109.937
08/04/21,07:30:00,109.299
08/04/21,07:45:00,108.631
08/04/21,08:00:00,108.103
08/04/21,08:15:00,107.606
08/04/21,08:30:00,107.166
08/04/21,08:45:00,106.802
08/04/21,09:00:00,106.529
08/04/21,09:15:00,106.335
08/04/21,09:30:00,106.232
08/04/21,09:45:00,106.323
08/04/21,10:00:00,106.524
08/04/21,10:15:00,106.906
08/04/21,10:30:00,107.497
08/04/21,10:45:00,108.244
08/04/21,11:00:00,109.110
08/04/21,11:15:00,110.064
08/04/21,11:30:00,111.019
08/04/21,11:45:00,112.081
08/04/21,12:00:00,113.145
08/04/21,12:15:00,114.209
08/04/21,12:30:00,115.286
08/04/21,12:45:00,116.363
08/04/21,13:00:00,117.461
08/04/21,13:15:00,118.499
08/04/21,13:30:00,119.453
08/04/21,13:45:00,120.514
08/04/21,14:00:00,121.526
08/04/21,14:15:00,122.531
08/04/21,14:30:00,123.532
08/04/21,14:45:00,124.502
08/04/21,15:00:00,125.442
08/04/21,15:15:00,126.252
08/04/21,15:30:00,126.958
08/04/21,15:45:00,127.658
08/04/21,16:00:00,128.250
08/04/21,16:15:00,128.775
08/04/21,16:30:00,129.286
08/04/21,16:45:00,129.780
08/04/21,17:00:00,130.042
08/04/21,17:15:00,130.139
08/04/21,17:30:00,130.139
08/04/21,17:45:00,129.985
08/04/21,18:00:00,129.846
08/04/21,18:15:00,129.650
08/04/21,18:30:00,129.495
08/04/21,18:45:00,129.326
08/04/21,19:00:00,129.145
08/04/21,19:15:00,128.924
08/04/21,19:30:00,128.755
08/04/21,19:45:00,128.636
08/04/21,20:00:00,128.497
08/04/21,20:15:00,128.327
08/04/21,20:30:00,128.250
08/04/21,20:45:00,128.142
08/04/21,21:00:00,128.050
08/04/21,21:15:00,128.045
08/04/21,21:30:00,128.045
08/04/21,21:45:00,128.092
08/04/21,22:00:00,128.169
08/04/21,22:15:00,128.112
08/04/21,22:30:00,128.065
08/04/21,22:45:00,128.004
08/04/21,23:00:00,128.019
08/04/21,23:15:00,128.050
08/04/21,23:30:00,128.127
08/04/21,23:45:00,128.343
08/05/21,00:00:00,128.590
08/05/21,00:15:00,128.805
08/05/21,00:30:00,128.975
08/05/21,00:45:00,128.991
08/05/21,01:00:00,128.872
08/05/21,01:15:00,128.794
08/05/21,01:30:00,128.587
08/05/21,01:45:00,128.488
08/05/21,02:00:00,128.365
08/05/21,02:15:00,128.308
08/05/21,02:30:00,128.184
08/05/21,02:45:00,127.942
08/05/21,03:00:00,127.576
08/05/21,03:15:00,127.081
08/05/21,03:30:00,126.412
08/05/21,03:45:00,125.569
08/05/21,04:00:00,124.765
08/05/21,04:15:00,123.816
08/05/21,04:30:00,122.842
08/05/21,04:45:00,121.841
08/05/21,05:00:00,121.060
08/05/21,05:15:00,120.061
08/05/21,05:30:00,119.047
08/05/21,05:45:00,118.021
08/05/21,06:00:00,116.885
08/05/21,06:15:00,115.711
08/05/21,06:30:00,114.722
08/05/21,06:45:00,113.664
08/05/21,07:00:00,112.665
08/05/21,07:15:00,111.892
08/05/21,07:30:00,110.963
08/05/21,07:45:00,110.145
08/05/21,08:00:00,109.255
08/05/21,08:15:00,108.453
08/05/21,08:30:00,107.676
08/05/21,08:45:00,106.921
08/05/21,09:00:00,106.254
08/05/21,09:15:00,105.709
08/05/21,09:30:00,105.327
08/05/21,09:45:00,105.054
08/05/21,10:00:00,104.982
08/05/21,10:15:00,105.091
08/05/21,10:30:00,105.336
08/05/21,10:45:00,105.676
08/05/21,11:00:00,106.130
08/05/21,11:15:00,106.682
08/05/21,11:30:00,107.338
08/05/21,11:45:00,108.191
08/05/21,12:00:00,109.212
08/05/21,12:15:00,110.383
08/05/21,12:30:00,111.692
08/05/21,12:45:00,113.000
08/05/21,13:00:00,114.278
08/05/21,13:15:00,115.630
08/05/21,13:30:00,116.797
08/05/21,13:45:00,117.881
08/05/21,14:00:00,118.916
08/05/21,14:15:00,119.947
08/05/21,14:30:00,121.073
08/05/21,14:45:00,122.161
08/05/21,15:00:00,123.434
08/05/21,15:15:00,124.480
08/05/21,15:30:00,125.713
08/05/21,15:45:00,126.709
08/05/21,16:00:00,127.634
08/05/21,16:15:00,128.435
08/05/21,16:30:00,129.068
08/05/21,16:45:00,129.542
08/05/21,17:00:00,130.016
08/05/21,17:15:00,130.418
08/05/21,17:30:00,130.795
08/05/21,17:45:00,130.996
08/05/21,18:00:00,131.212
08/05/21,18:15:00,131.192
08/05/21,18:30:00,131.115
08/05/21,18:45:00,131.007
08/05/21,19:00:00,130.641
08/05/21,19:15:00,130.327
08/05/21,19:30:00,130.080
08/05/21,19:45:00,129.540
08/05/21,20:00:00,129.313
08/05/21,20:15:00,129.081
08/05/21,20:30:00,129.019
08/05/21,20:45:00,128.850
08/05/21,21:00:00,128.618
08/05/21,21:15:00,128.464
08/05/21,21:30:00,128.294
08/05/21,21:45:00,127.990
08/05/21,22:00:00,127.744
08/05/21,22:15:00,127.667
08/05/21,22:30:00,127.574
08/05/21,22:45:00,127.548
08/05/21,23:00:00,127.656
08/05/21,23:15:00,127.748
08/05/21,23:30:00,127.979
08/05/21,23:45:00,128.103
08/06/21,00:00:00,128.138
08/06/21,00:15:00,128.246
08/06/21,00:30:00,128.290
08/06/21,00:45:00,128.424
08/06/21,01:00:00,128.532
08/06/21,01:15:00,128.633
08/06/21,01:30:00,128.777
08/06/21,01:45:00,129.043
08/06/21,02:00:00,129.152
08/06/21,02:15:00,129.198
08/06/21,02:30:00,129.145
08/06/21,02:45:00,128.918
08/06/21,03:00:00,128.553
08/06/21,03:15:00,128.182
08/06/21,03:30:00,127.674
08/06/21,03:45:00,127.069
08/06/21,04:00:00,126.511
08/06/21,04:15:00,125.907
08/06/21,04:30:00,125.260
08/06/21,04:45:00,124.599
08/06/21,05:00:00,123.922
08/06/21,05:15:00,123.072
08/06/21,05:30:00,122.130
08/06/21,05:45:00,121.089
08/06/21,06:00:00,119.931
08/06/21,06:15:00,118.774
08/06/21,06:30:00,117.511
08/06/21,06:45:00,116.291
08/06/21,07:00:00,115.048
08/06/21,07:15:00,113.963
08/06/21,07:30:00,112.989
08/06/21,07:45:00,111.960
08/06/21,08:00:00,111.051
08/06/21,08:15:00,110.108
08/06/21,08:30:00,109.180
08/06/21,08:45:00,108.163
08/06/21,09:00:00,107.140
08/06/21,09:15:00,106.330
08/06/21,09:30:00,105.645
08/06/21,09:45:00,105.069
08/06/21,10:00:00,104.646
08/06/21,10:15:00,104.343
08/06/21,10:30:00,104.192
08/06/21,10:45:00,104.222
08/06/21,11:00:00,104.268
08/06/21,11:15:00,104.392
08/06/21,11:30:00,104.625
08/06/21,11:45:00,104.991
08/06/21,12:00:00,105.615
08/06/21,12:15:00,106.728
08/06/21,12:30:00,108.024
08/06/21,12:45:00,109.242
08/06/21,13:00:00,110.489
08/06/21,13:15:00,111.860
08/06/21,13:30:00,113.144
08/06/21,13:45:00,114.331
08/06/21,14:00:00,115.599
08/06/21,14:15:00,116.861
08/06/21,14:30:00,118.056
08/06/21,14:45:00,119.318
08/06/21,15:00:00,120.483
08/06/21,15:15:00,121.804
08/06/21,15:30:00,123.103
08/06/21,15:45:00,124.338
08/06/21,16:00:00,125.479
08/06/21,16:15:00,126.507
08/06/21,16:30:00,127.464
08/06/21,16:45:00,128.389
08/06/21,17:00:00,129.160
08/06/21,17:15:00,129.977
08/06/21,17:30:00,130.472
08/06/21,17:45:00,130.924
08/06/21,18:00:00,131.171
08/06/21,18:15:00,131.357
08/06/21,18:30:00,131.295
08/06/21,18:45:00,131.233
08/06/21,19:00:00,131.001
08/06/21,19:15:00,130.801
08/06/21,19:30:00,130.723
08/06/21,19:45:00,130.646
08/06/21,20:00:00,130.507
08/06/21,20:15:00,130.172
08/06/21,20:30:00,129.781
08/06/21,20:45:00,129.318
08/06/21,21:00:00,128.763
08/06/21,21:15:00,128.193
08/06/21,21:30:00,127.766
08/06/21,21:45:00,127.458
08/06/21,22:00:00,127.319
08/06/21,22:15:00,127.350
08/06/21,22:30:00,127.381
08/06/21,22:45:00,127.277
08/06/21,23:00:00,127.323
08/06/21,23:15:00,127.185
08/06/21,23:30:00,127.112
08/06/21,23:45:00,127.055
08/07/21,00:00:00,127.029
08/07/21,00:15:00,127.172
08/07/21,00:30:00,127.352
08/07/21,00:45:00,127.737
08/07/21,01:00:00,128.015
08/07/21,01:15:00,128.246
08/07/21,01:30:00,128.600
08/07/21,01:45:00,128.755
08/07/21,02:00:00,128.955
08/07/21,02:15:00,129.202
08/07/21,02:30:00,129.140
08/07/21,02:45:00,129.156
08/07/21,03:00:00,129.171
08/07/21,03:15:00,129.032
08/07/21,03:30:00,128.971
08/07/21,03:45:00,128.867
08/07/21,04:00:00,128.435
08/07/21,04:15:00,128.189
08/07/21,04:30:00,127.772
08/07/21,04:45:00,127.141
08/07/21,05:00:00,126.463
08/07/21,05:15:00,125.779
08/07/21,05:30:00,124.774
08/07/21,05:45:00,123.925
08/07/21,06:00:00,122.832
08/07/21,06:15:00,121.862
08/07/21,06:30:00,120.735
08/07/21,06:45:00,119.628
08/07/21,07:00:00,118.434
08/07/21,07:15:00,117.229
08/07/21,07:30:00,115.960
08/07/21,07:45:00,114.832
08/07/21,08:00:00,113.542
08/07/21,08:15:00,112.374
08/07/21,08:30:00,111.257
08/07/21,08:45:00,110.227
08/07/21,09:00:00,109.193
08/07/21,09:15:00,108.152
08/07/21,09:30:00,107.261
08/07/21,09:45:00,106.488
08/07/21,10:00:00,105.773
08/07/21,10:15:00,105.040
08/07/21,10:30:00,104.477
08/07/21,10:45:00,103.993
08/07/21,11:00:00,103.646
08/07/21,11:15:00,103.419
08/07/21,11:30:00,103.416
08/07/21,11:45:00,103.522
08/07/21,12:00:00,103.760
08/07/21,12:15:00,104.123
08/07/21,12:30:00,104.637
08/07/21,12:45:00,105.424
08/07/21,13:00:00,106.408
08/07/21,13:15:00,107.608
08/07/21,13:30:00,108.958
08/07/21,13:45:00,110.352
08/07/21,14:00:00,111.855
08/07/21,14:15:00,113.371
08/07/21,14:30:00,114.965
08/07/21,14:45:00,116.404
08/07/21,15:00:00,117.658
08/07/21,15:15:00,118.920
08/07/21,15:30:00,120.132
08/07/21,15:45:00,121.317
08/07/21,16:00:00,122.483
08/07/21,16:15:00,123.859
08/07/21,16:30:00,125.130
08/07/21,16:45:00,126.217
08/07/21,17:00:00,127.393
08/07/21,17:15:00,128.385
08/07/21,17:30:00,129.310
08/07/21,17:45:00,129.907
08/07/21,18:00:00,130.405
08/07/21,18:15:00,130.807
08/07/21,18:30:00,131.116
08/07/21,18:45:00,131.394
08/07/21,19:00:00,131.579
08/07/21,19:15:00,131.780
08/07/21,19:30:00,131.857
08/07/21,19:45:00,131.857
08/07/21,20:00:00,131.734
08/07/21,20:15:00,131.347
08/07/21,20:30:00,130.884
08/07/21,20:45:00,130.313
08/07/21,21:00:00,129.695
08/07/21,21:15:00,129.202
08/07/21,21:30:00,128.662
08/07/21,21:45:00,128.092
08/07/21,22:00:00,127.696
08/07/21,22:15:00,127.404
08/07/21,22:30:00,127.050
08/07/21,22:45:00,126.823
08/07/21,23:00:00,126.623
08/07/21,23:15:00,126.381
08/07/21,23:30:00,126.320
08/07/21,23:45:00,126.351
08/08/21,00:00:00,126.305
08/08/21,00:15:00,126.551
08/08/21,00:30:00,126.705
08/08/21,00:45:00,126.966
08/08/21,01:00:00,127.202
08/08/21,01:15:00,127.402
08/08/21,01:30:00,127.587
08/08/21,01:45:00,127.787
08/08/21,02:00:00,127.802
08/08/21,02:15:00,128.002
08/08/21,02:30:00,128.249
08/08/21,02:45:00,128.465
08/08/21,03:00:00,128.835
08/08/21,03:15:00,129.128
08/08/21,03:30:00,129.328
08/08/21,03:45:00,129.467
08/08/21,04:00:00,129.251
08/08/21,04:15:00,129.112
08/08/21,04:30:00,128.835
08/08/21,04:45:00,128.392
08/08/21,05:00:00,128.053
08/08/21,05:15:00,127.622
08/08/21,05:30:00,127.145
08/08/21,05:45:00,126.667
08/08/21,06:00:00,125.960
08/08/21,06:15:00,125.222
08/08/21,06:30:00,124.265
08/08/21,06:45:00,123.159
08/08/21,07:00:00,121.891
08/08/21,07:15:00,120.578
08/08/21,07:30:00,119.216
08/08/21,07:45:00,117.982
08/08/21,08:00:00,116.653
08/08/21,08:15:00,115.348
08/08/21,08:30:00,114.132
08/08/21,08:45:00,112.963
08/08/21,09:00:00,111.795
08/08/21,09:15:00,110.692
08/08/21,09:30:00,109.591
08/08/21,09:45:00,108.574
08/08/21,10:00:00,107.589
08/08/21,10:15:00,106.699
08/08/21,10:30:00,105.927
08/08/21,10:45:00,105.243
08/08/21,11:00:00,104.653
08/08/21,11:15:00,104.155
08/08/21,11:30:00,103.717
08/08/21,11:45:00,103.418
08/08/21,12:00:00,103.195
08/08/21,12:15:00,103.093
08/08/21,12:30:00,103.238
08/08/21,12:45:00,103.490
08/08/21,13:00:00,103.874
08/08/21,13:15:00,104.470
08/08/21,13:30:00,105.444
08/08/21,13:45:00,106.822
08/08/21,14:00:00,108.262
08/08/21,14:15:00,109.780
08/08/21,14:30:00,111.330
08/08/21,14:45:00,112.792
08/08/21,15:00:00,114.156
08/08/21,15:15:00,115.499
08/08/21,15:30:00,116.890
08/08/21,15:45:00,118.155
08/08/21,16:00:00,119.618
08/08/21,16:15:00,120.857
08/08/21,16:30:00,122.334
08/08/21,16:45:00,123.835
08/08/21,17:00:00,125.107
08/08/21,17:15:00,126.353
08/08/21,17:30:00,127.558
08/08/21,17:45:00,128.467
08/08/21,18:00:00,129.284
08/08/21,18:15:00,129.993
08/08/21,18:30:00,130.297
08/08/21,18:45:00,130.652
08/08/21,19:00:00,131.100
08/08/21,19:15:00,131.193
08/08/21,19:30:00,131.451
08/08/21,19:45:00,131.605
08/08/21,20:00:00,131.539
08/08/21,20:15:00,131.508
08/08/21,20:30:00,131.168
08/08/21,20:45:00,130.623
08/08/21,21:00:00,130.087
08/08/21,21:15:00,129.439
08/08/21,21:30:00,128.761
08/08/21,21:45:00,128.098
08/08/21,22:00:00,127.575
08/08/21,22:15:00,127.174
08/08/21,22:30:00,126.744
08/08/21,22:45:00,126.405
08/08/21,23:00:00,126.025
08/08/21,23:15:00,125.595
08/08/21,23:30:00,125.164
08/08/21,23:45:00,124.826
08/09/21,00:00:00,124.627
08/09/21,00:15:00,124.473
08/09/21,00:30:00,124.519
08/09/21,00:45:00,124.796
08/09/21,01:00:00,125.087
08/09/21,01:15:00,125.426
08/09/21,01:30:00,125.737
08/09/21,01:45:00,125.922
08/09/21,02:00:00,126.060
08/09/21,02:15:00,126.269
08/09/21,02:30:00,126.412
08/09/21,02:45:00,126.643
08/09/21,03:00:00,127.008
08/09/21,03:15:00,127.501
08/09/21,03:30:00,128.020
08/09/21,03:45:00,128.544
08/09/21,04:00:00,128.918
08/09/21,04:15:00,129.088
08/09/21,04:30:00,129.088
08/09/21,04:45:00,128.934
08/09/21,05:00:00,128.722
08/09/21,05:15:00,128.460
08/09/21,05:30:00,128.229
08/09/21,05:45:00,127.983
08/09/21,06:00:00,127.613
08/09/21,06:15:00,127.213
08/09/21,06:30:00,126.505
08/09/21,06:45:00,125.709
08/09/21,07:00:00,124.745
08/09/21,07:15:00,123.685
08/09/21,07:30:00,122.542
08/09/21,07:45:00,121.374
08/09/21,08:00:00,120.207
08/09/21,08:15:00,119.055
08/09/21,08:30:00,117.810
08/09/21,08:45:00,116.588
08/09/21,09:00:00,115.333
08/09/21,09:15:00,114.037
08/09/21,09:30:00,112.811
08/09/21,09:45:00,111.590
08/09/21,10:00:00,110.389
08/09/21,10:15:00,109.306
08/09/21,10:30:00,108.236
08/09/21,10:45:00,107.258
08/09/21,11:00:00,106.410
08/09/21,11:15:00,105.687
08/09/21,11:30:00,105.088
08/09/21,11:45:00,104.550
08/09/21,12:00:00,104.119
08/09/21,12:15:00,103.739
08/09/21,12:30:00,103.416
08/09/21,12:45:00,103.157
08/09/21,13:00:00,103.018
08/09/21,13:15:00,103.136
08/09/21,13:30:00,103.378
08/09/21,13:45:00,103.853
08/09/21,14:00:00,104.733
08/09/21,14:15:00,106.002
08/09/21,14:30:00,107.481
08/09/21,14:45:00,108.995
08/09/21,15:00:00,110.317
08/09/21,15:15:00,111.809
08/09/21,15:30:00,113.280
08/09/21,15:45:00,114.814
08/09/21,16:00:00,116.312
08/09/21,16:15:00,117.708
08/09/21,16:30:00,119.137
08/09/21,16:45:00,120.462
08/09/21,17:00:00,121.789
08/09/21,17:15:00,123.038
08/09/21,17:30:00,124.315
08/09/21,17:45:00,125.648
08/09/21,18:00:00,126.716
08/09/21,18:15:00,127.719
08/09/21,18:30:00,128.747
08/09/21,18:45:00,129.432
08/09/21,19:00:00,129.982
08/09/21,19:15:00,130.503
08/09/21,19:30:00,130.765
08/09/21,19:45:00,130.935
08/09/21,20:00:00,131.059
08/09/21,20:15:00,131.012
08/09/21,20:30:00,130.827
08/09/21,20:45:00,130.606
08/09/21,21:00:00,130.262
08/09/21,21:15:00,129.799
08/09/21,21:30:00,129.274
08/09/21,21:45:00,128.581
08/09/21,22:00:00,127.980
08/09/21,22:15:00,127.410
08/09/21,22:30:00,126.702
08/09/21,22:45:00,126.117
08/09/21,23:00:00,125.676
08/09/21,23:15:00,125.107
08/09/21,23:30:00,124.600
08/09/21,23:45:00,124.048
08/10/21,00:00:00,123.695
08/10/21,00:15:00,123.418
08/10/21,00:30:00,123.223
08/10/21,00:45:00,123.116
08/10/21,01:00:00,123.177
08/10/21,01:15:00,123.147
08/10/21,01:30:00,123.331
08/10/21,01:45:00,123.453
08/10/21,02:00:00,123.627
08/10/21,02:15:00,123.852
08/10/21,02:30:00,124.102
08/10/21,02:45:00,124.471
08/10/21,03:00:00,124.963
08/10/21,03:15:00,125.393
08/10/21,03:30:00,125.992
08/10/21,03:45:00,126.577
08/10/21,04:00:00,127.136
08/10/21,04:15:00,127.597
08/10/21,04:30:00,128.013
08/10/21,04:45:00,128.275
08/10/21,05:00:00,128.460
08/10/21,05:15:00,128.506
08/10/21,05:30:00,128.429
08/10/21,05:45:00,128.352
08/10/21,06:00:00,128.167
08/10/21,06:15:00,127.890
08/10/21,06:30:00,127.540
08/10/21,06:45:00,127.017
08/10/21,07:00:00,126.432
08/10/21,07:15:00,125.771
08/10/21,07:30:00,125.033
08/10/21,07:45:00,124.208
08/10/21,08:00:00,123.370
08/10/21,08:15:00,122.379
08/10/21,08:30:00,121.329
08/10/21,08:45:00,120.270
08/10/21,09:00:00,118.997
08/10/21,09:15:00,117.766
08/10/21,09:30:00,116.469
08/10/21,09:45:00,115.131
08/10/21,10:00:00,113.854
08/10/21,10:15:00,112.666
08/10/21,10:30:00,111.498
08/10/21,10:45:00,110.376
08/10/21,11:00:00,109.327
08/10/21,11:15:00,108.336
08/10/21,11:30:00,107.467
08/10/21,11:45:00,106.652
08/10/21,12:00:00,106.001
08/10/21,12:15:00,105.417
08/10/21,12:30:00,104.909
08/10/21,12:45:00,104.462
08/10/21,13:00:00,104.105
08/10/21,13:15:00,103.843
08/10/21,13:30:00,103.743
08/10/21,13:45:00,103.916
08/10/21,14:00:00,104.243
08/10/21,14:15:00,104.827
08/10/21,14:30:00,105.784
08/10/21,14:45:00,106.894
08/10/21,15:00:00,108.138
08/10/21,15:15:00,109.471
08/10/21,15:30:00,110.867
08/10/21,15:45:00,112.352
08/10/21,16:00:00,113.759
08/10/21,16:15:00,115.249
08/10/21,16:30:00,116.702
08/10/21,16:45:00,118.017
08/10/21,17:00:00,119.356
08/10/21,17:15:00,120.674
08/10/21,17:30:00,122.074
08/10/21,17:45:00,123.387
08/10/21,18:00:00,124.752
08/10/21,18:15:00,125.973
08/10/21,18:30:00,126.953
08/10/21,18:45:00,128.001
08/10/21,19:00:00,128.859
08/10/21,19:15:00,129.595
08/10/21,19:30:00,130.166
08/10/21,19:45:00,130.629
08/10/21,20:00:00,130.887
08/10/21,20:15:00,131.088
08/10/21,20:30:00,131.037
08/10/21,20:45:00,130.944
08/10/21,21:00:00,130.615
08/10/21,21:15:00,130.287
08/10/21,21:30:00,129.962
08/10/21,21:45:00,129.422
08/10/21,22:00:00,128.847
08/10/21,22:15:00,128.205
08/10/21,22:30:00,127.461
08/10/21,22:45:00,126.768
08/10/21,23:00:00,125.957
08/10/21,23:15:00,125.173
08/10/21,23:30:00,124.482
08/10/21,23:45:00,123.765
08/11/21,00:00:00,123.166
08/11/21,00:15:00,122.599
08/11/21,00:30:00,122.108
08/11/21,00:45:00,121.776
08/11/21,01:00:00,121.482
08/11/21,01:15:00,121.204
08/11/21,01:30:00,121.031
08/11/21,01:45:00,120.966
08/11/21,02:00:00,120.981
08/11/21,02:15:00,121.145
08/11/21,02:30:00,121.405
08/11/21,02:45:00,121.646
08/11/21,03:00:00,121.907
08/11/21,03:15:00,122.290
08/11/21,03:30:00,122.643
08/11/21,03:45:00,123.011
08/11/21,04:00:00,123.517
08/11/21,04:15:00,124.054
08/11/21,04:30:00,124.612
08/11/21,04:45:00,125.224
08/11/21,05:00:00,125.824
08/11/21,05:15:00,126.342
08/11/21,05:30:00,126.707
08/11/21,05:45:00,126.938
08/11/21,06:00:00,127.154
08/11/21,06:15:00,127.231
08/11/21,06:30:00,127.211
08/11/21,06:45:00,127.087
08/11/21,07:00:00,126.892
08/11/21,07:15:00,126.553
08/11/21,07:30:00,126.199
08/11/21,07:45:00,125.692
08/11/21,08:00:00,125.092
08/11/21,08:15:00,124.447
08/11/21,08:30:00,123.756
08/11/21,08:45:00,122.866
08/11/21,09:00:00,121.928
08/11/21,09:15:00,120.969
08/11/21,09:30:00,119.906
08/11/21,09:45:00,118.775
08/11/21,10:00:00,117.610
08/11/21,10:15:00,116.530
08/11/21,10:30:00,115.359
08/11/21,10:45:00,114.212
08/11/21,11:00:00,113.169
08/11/21,11:15:00,112.168
08/11/21,11:30:00,111.206
08/11/21,11:45:00,110.247
08/11/21,12:00:00,109.327
08/11/21,12:15:00,108.461
08/11/21,12:30:00,107.670
08/11/21,12:45:00,106.961
08/11/21,13:00:00,106.419
08/11/21,13:15:00,106.014
08/11/21,13:30:00,105.793
08/11/21,13:45:00,105.797
08/11/21,14:00:00,105.939
08/11/21,14:15:00,106.200
08/11/21,14:30:00,106.612
08/11/21,14:45:00,107.070
08/11/21,15:00:00,107.604
08/11/21,15:15:00,108.321
08/11/21,15:30:00,109.297
08/11/21,15:45:00,110.476
08/11/21,16:00:00,111.954
08/11/21,16:15:00,113.628
08/11/21,16:30:00,115.277
08/11/21,16:45:00,116.748
08/11/21,17:00:00,118.098
08/11/21,17:15:00,119.410
08/11/21,17:30:00,120.512
08/11/21,17:45:00,121.656
08/11/21,18:00:00,122.852
08/11/21,18:15:00,124.069
08/11/21,18:30:00,125.228
08/11/21,18:45:00,126.450
08/11/21,19:00:00,127.622
08/11/21,19:15:00,128.517
08/11/21,19:30:00,129.392
08/11/21,19:45:00,130.163
08/11/21,20:00:00,130.657
08/11/21,20:15:00,131.105
08/11/21,20:30:00,131.202
08/11/21,20:45:00,131.145
08/11/21,21:00:00,131.145
08/11/21,21:15:00,131.006
08/11/21,21:30:00,130.759
08/11/21,21:45:00,130.415
08/11/21,22:00:00,130.095
08/11/21,22:15:00,129.504
08/11/21,22:30:00,128.749
08/11/21,22:45:00,127.901
08/11/21,23:00:00,126.839
08/11/21,23:15:00,125.812
08/11/21,23:30:00,124.844
08/11/21,23:45:00,123.927
08/12/21,00:00:00,123.149
08/12/21,00:15:00,122.421
08/12/21,00:30:00,121.854
08/12/21,00:45:00,121.315
08/12/21,01:00:00,120.757
08/12/21,01:15:00,120.164
08/12/21,01:30:00,119.683
08/12/21,01:45:00,119.202
08/12/21,02:00:00,118.766
08/12/21,02:15:00,118.625
08/12/21,02:30:00,118.566
08/12/21,02:45:00,118.639
08/12/21,03:00:00,118.788
08/12/21,03:15:00,118.971
08/12/21,03:30:00,119.128
08/12/21,03:45:00,119.414
08/12/21,04:00:00,119.751
08/12/21,04:15:00,120.000
08/12/21,04:30:00,120.383
08/12/21,04:45:00,120.919
08/12/21,05:00:00,121.527
08/12/21,05:15:00,122.121
08/12/21,05:30:00,122.929
08/12/21,05:45:00,123.650
08/12/21,06:00:00,124.352
08/12/21,06:15:00,124.906
08/12/21,06:30:00,125.351
08/12/21,06:45:00,125.674
08/12/21,07:00:00,125.890
08/12/21,07:15:00,125.951
08/12/21,07:30:00,125.843
08/12/21,07:45:00,125.628
08/12/21,08:00:00,125.444
08/12/21,08:15:00,125.213
08/12/21,08:30:00,124.921
08/12/21,08:45:00,124.491
08/12/21,09:00:00,124.034
08/12/21,09:15:00,123.512
08/12/21,09:30:00,122.852
08/12/21,09:45:00,122.193
08/12/21,10:00:00,121.416
08/12/21,10:15:00,120.486
08/12/21,10:30:00,119.476
08/12/21,10:45:00,118.669
08/12/21,11:00:00,117.745
08/12/21,11:15:00,116.715
08/12/21,11:30:00,115.690
08/12/21,11:45:00,114.741
08/12/21,12:00:00,113.809
08/12/21,12:15:00,112.953
08/12/21,12:30:00,112.173
08/12/21,12:45:00,111.443
08/12/21,13:00:00,110.831
08/12/21,13:15:00,110.264
08/12/21,13:30:00,109.880
08/12/21,13:45:00,109.481
08/12/21,14:00:00,109.276
08/12/21,14:15:00,109.192
08/12/21,14:30:00,109.301
08/12/21,14:45:00,109.529
08/12/21,15:00:00,109.976
08/12/21,15:15:00,110.459
08/12/21,15:30:00,111.197
08/12/21,15:45:00,111.840
08/12/21,16:00:00,112.730
08/12/21,16:15:00,113.606
08/12/21,16:30:00,114.909
08/12/21,16:45:00,116.233
08/12/21,17:00:00,117.677
08/12/21,17:15:00,119.145
08/12/21,17:30:00,120.553
08/12/21,17:45:00,121.843
08/12/21,18:00:00,123.085
08/12/21,18:15:00,124.112
08/12/21,18:30:00,125.094
08/12/21,18:45:00,125.982
08/12/21,19:00:00,127.018
08/12/21,19:15:00,127.988
08/12/21,19:30:00,128.867
08/12/21,19:45:00,129.736
08/12/21,20:00:00,130.477
08/12/21,20:15:00,131.064
08/12/21,20:30:00,131.435
08/12/21,20:45:00,131.574
08/12/21,21:00:00,131.605
08/12/21,21:15:00,131.528
08/12/21,21:30:00,131.307
08/12/21,21:45:00,131.029
08/12/21,22:00:00,130.797
08/12/21,22:15:00,130.488
08/12/21,22:30:00,129.994
08/12/21,22:45:00,129.315
08/12/21,23:00:00,128.451
08/12/21,23:15:00,127.495
08/12/21,23:30:00,126.432
08/12/21,23:45:00,125.294
08/13/21,00:00:00,124.207
08/13/21,00:15:00,123.198
08/13/21,00:30:00,122.312
08/13/21,00:45:00,121.488
08/13/21,01:00:00,120.769
08/13/21,01:15:00,120.054
08/13/21,01:30:00,119.351
08/13/21,01:45:00,118.620
08/13/21,02:00:00,117.959
08/13/21,02:15:00,117.359
08/13/21,02:30:00,116.870
08/13/21,02:45:00,116.561
08/13/21,03:00:00,116.386
08/13/21,03:15:00,116.222
08/13/21,03:30:00,116.222
08/13/21,03:45:00,116.271
08/13/21,04:00:00,116.332
08/13/21,04:15:00,116.470
08/13/21,04:30:00,116.699
08/13/21,04:45:00,117.000
08/13/21,05:00:00,117.470
08/13/21,05:15:00,118.051
08/13/21,05:30:00,118.708
08/13/21,05:45:00,119.603
08/13/21,06:00:00,120.407
08/13/21,06:15:00,121.261
08/13/21,06:30:00,122.012
08/13/21,06:45:00,122.668
08/13/21,07:00:00,123.185
08/13/21,07:15:00,123.534
08/13/21,07:30:00,123.872
08/13/21,07:45:00,124.184
08/13/21,08:00:00,124.537
08/13/21,08:15:00,124.876
08/13/21,08:30:00,125.157
08/13/21,08:45:00,125.403
08/13/21,09:00:00,125.403
08/13/21,09:15:00,125.157
08/13/21,09:30:00,124.803
08/13/21,09:45:00,124.357
08/13/21,10:00:00,123.896
08/13/21,10:15:00,123.466
08/13/21,10:30:00,123.071
08/13/21,10:45:00,122.702
08/13/21,11:00:00,122.227
08/13/21,11:15:00,121.679
08/13/21,11:30:00,121.015
08/13/21,11:45:00,120.269
08/13/21,12:00:00,119.485
08/13/21,12:15:00,118.548
08/13/21,12:30:00,117.703
08/13/21,12:45:00,116.844
08/13/21,13:00:00,116.138
08/13/21,13:15:00,115.542
08/13/21,13:30:00,115.080
08/13/21,13:45:00,114.634
08/13/21,14:00:00,114.264
08/13/21,14:15:00,114.042
08/13/21,14:30:00,113.821
08/13/21,14:45:00,113.641
08/13/21,15:00:00,113.676
08/13/21,15:15:00,113.797
08/13/21,15:30:00,113.980
08/13/21,15:45:00,114.415
08/13/21,16:00:00,114.918
08/13/21,16:15:00,115.491
08/13/21,16:30:00,116.213
08/13/21,16:45:00,117.042
08/13/21,17:00:00,117.899
08/13/21,17:15:00,118.989
08/13/21,17:30:00,120.145
08/13/21,17:45:00,121.402
08/13/21,18:00:00,122.668
08/13/21,18:15:00,123.773
08/13/21,18:30:00,125.021
08/13/21,18:45:00,125.993
08/13/21,19:00:00,126.839
08/13/21,19:15:00,127.616
08/13/21,19:30:00,128.316
08/13/21,19:45:00,129.167
08/13/21,20:00:00,129.915
08/13/21,20:15:00,130.662
08/13/21,20:30:00,131.462
08/13/21,20:45:00,132.005
08/13/21,21:00:00,132.297
08/13/21,21:15:00,132.430
08/13/21,21:30:00,132.439
08/13/21,21:45:00,132.300
08/13/21,22:00:00,132.048
08/13/21,22:15:00,131.769
08/13/21,22:30:00,131.393
08/13/21,22:45:00,130.945
08/13/21,23:00:00,130.373
08/13/21,23:15:00,129.648
08/13/21,23:30:00,128.799
08/13/21,23:45:00,127.839
08/14/21,00:00:00,126.707
08/14/21,00:15:00,125.540
08/14/21,00:30:00,124.337
08/14/21,00:45:00,123.252
08/14/21,01:00:00,122.126
08/14/21,01:15:00,121.114
08/14/21,01:30:00,120.156
08/14/21,01:45:00,119.230
08/14/21,02:00:00,118.384
08/14/21,02:15:00,117.551
08/14/21,02:30:00,116.737
08/14/21,02:45:00,116.015
08/14/21,03:00:00,115.232
08/14/21,03:15:00,114.724
08/14/21,03:30:00,114.216
08/14/21,03:45:00,113.827
08/14/21,04:00:00,113.571
08/14/21,04:15:00,113.423
08/14/21,04:30:00,113.438
08/14/21,04:45:00,113.575
08/14/21,05:00:00,113.632
08/14/21,05:15:00,113.892
08/14/21,05:30:00,114.178
08/14/21,05:45:00,114.590
08/14/21,06:00:00,114.987
08/14/21,06:15:00,115.697
08/14/21,06:30:00,116.392
08/14/21,06:45:00,117.237
08/14/21,07:00:00,118.071
08/14/21,07:15:00,118.920
08/14/21,07:30:00,119.667
08/14/21,07:45:00,120.322
08/14/21,08:00:00,120.947
08/14/21,08:15:00,121.557
08/14/21,08:30:00,122.044
08/14/21,08:45:00,122.627
08/14/21,09:00:00,123.100
08/14/21,09:15:00,123.587
08/14/21,09:30:00,123.921
08/14/21,09:45:00,124.198
08/14/21,10:00:00,124.291
08/14/21,10:15:00,124.321
08/14/21,10:30:00,124.279
08/14/21,10:45:00,124.402
08/14/21,11:00:00,124.433
08/14/21,11:15:00,124.387
08/14/21,11:30:00,124.156
08/14/21,11:45:00,123.895
08/14/21,12:00:00,123.376
08/14/21,12:15:00,122.838
08/14/21,12:30:00,122.101
08/14/21,12:45:00,121.518
08/14/21,13:00:00,120.908
08/14/21,13:15:00,120.288
08/14/21,13:30:00,119.790
08/14/21,13:45:00,119.472
08/14/21,14:00:00,119.154
08/14/21,14:15:00,118.790
08/14/21,14:30:00,118.473
08/14/21,14:45:00,118.182
08/14/21,15:00:00,117.971
08/14/21,15:15:00,117.822
08/14/21,15:30:00,117.791
08/14/21,15:45:00,117.929
08/14/21,16:00:00,118.220
08/14/21,16:15:00,118.480
08/14/21,16:30:00,118.813
08/14/21,16:45:00,119.349
08/14/21,17:00:00,119.817
08/14/21,17:15:00,120.288
08/14/21,17:30:00,120.898
08/14/21,17:45:00,121.584
08/14/21,18:00:00,122.364
08/14/21,18:15:00,123.247
08/14/21,18:30:00,124.177
08/14/21,18:45:00,125.196
08/14/21,19:00:00,126.089
08/14/21,19:15:00,126.935
08/14/21,19:30:00,127.932
08/14/21,19:45:00,128.779
08/14/21,20:00:00,129.496
08/14/21,20:15:00,130.136
08/14/21,20:30:00,130.750
08/14/21,20:45:00,131.293
08/14/21,21:00:00,131.821
08/14/21,21:15:00,132.192
08/14/21,21:30:00,132.356
08/14/21,21:45:00,132.491
08/14/21,22:00:00,132.533
08/14/21,22:15:00,132.270
08/14/21,22:30:00,131.976
08/14/21,22:45:00,131.584
08/14/21,23:00:00,131.054
08/14/21,23:15:00,130.513
08/14/21,23:30:00,129.833
08/14/21,23:45:00,129.097
08/15/21,00:00:00,128.248
08/15/21,00:15:00,127.374
08/15/21,00:30:00,126.293
08/15/21,00:45:00,125.186
08/15/21,01:00:00,124.062
08/15/21,01:15:00,122.907
08/15/21,01:30:00,121.672
08/15/21,01:45:00,120.541
08/15/21,02:00:00,119.242
08/15/21,02:15:00,118.036
08/15/21,02:30:00,116.992
08/15/21,02:45:00,115.983
08/15/21,03:00:00,115.077
08/15/21,03:15:00,114.154
08/15/21,03:30:00,113.368
08/15/21,03:45:00,112.682
08/15/21,04:00:00,111.939
08/15/21,04:15:00,111.376
08/15/21,04:30:00,110.919
08/15/21,04:45:00,110.478
08/15/21,05:00:00,110.132
08/15/21,05:15:00,109.904
08/15/21,05:30:00,109.767
08/15/21,05:45:00,109.839
08/15/21,06:00:00,109.991
08/15/21,06:15:00,110.414
08/15/21,06:30:00,110.973
08/15/21,06:45:00,111.624
08/15/21,07:00:00,112.397
08/15/21,07:15:00,113.159
08/15/21,07:30:00,113.902
08/15/21,07:45:00,114.692
08/15/21,08:00:00,115.467
08/15/21,08:15:00,116.227
08/15/21,08:30:00,117.080
08/15/21,08:45:00,117.914
08/15/21,09:00:00,118.798
08/15/21,09:15:00,119.545
08/15/21,09:30:00,120.380
08/15/21,09:45:00,121.143
08/15/21,10:00:00,121.841
08/15/21,10:15:00,122.421
08/15/21,10:30:00,122.939
08/15/21,10:45:00,123.431
08/15/21,11:00:00,123.950
08/15/21,11:15:00,124.394
08/15/21,11:30:00,124.892
08/15/21,11:45:00,125.168
08/15/21,12:00:00,125.362
08/15/21,12:15:00,125.445
08/15/21,12:30:00,125.359
08/15/21,12:45:00,125.144
08/15/21,13:00:00,124.894
08/15/21,13:15:00,124.678
08/15/21,13:30:00,124.505
08/15/21,13:45:00,124.336
08/15/21,14:00:00,124.079
08/15/21,14:15:00,123.787
08/15/21,14:30:00,123.453
08/15/21,14:45:00,123.085
08/15/21,15:00:00,122.716
08/15/21,15:15:00,122.368
08/15/21,15:30:00,122.046
08/15/21,15:45:00,121.831
08/15/21,16:00:00,121.908
08/15/21,16:15:00,121.846
08/15/21,16:30:00,122.019
08/15/21,16:45:00,122.157
08/15/21,17:00:00,122.433
08/15/21,17:15:00,122.648
08/15/21,17:30:00,122.940
08/15/21,17:45:00,123.216
08/15/21,18:00:00,123.589
08/15/21,18:15:00,124.034
08/15/21,18:30:00,124.618
08/15/21,18:45:00,125.357
08/15/21,19:00:00,126.003
08/15/21,19:15:00,126.832
08/15/21,19:30:00,127.453
08/15/21,19:45:00,128.177
08/15/21,20:00:00,128.775
08/15/21,20:15:00,129.280
08/15/21,20:30:00,129.789
08/15/21,20:45:00,130.299
08/15/21,21:00:00,130.794
08/15/21,21:15:00,131.350
08/15/21,21:30:00,131.768
08/15/21,21:45:00,132.062
08/15/21,22:00:00,132.526
08/15/21,22:15:00,132.542
08/15/21,22:30:00,132.480
08/15/21,22:45:00,132.124
08/15/21,23:00:00,131.660
08/15/21,23:15:00,131.169
08/15/21,23:30:00,130.849
08/15/21,23:45:00,130.286
08/16/21,00:00:00,129.873
08/16/21,00:15:00,129.321
08/16/21,00:30:00,128.704
08/16/21,00:45:00,127.763
08/16/21,01:00:00,126.626
08/16/21,01:15:00,125.502
08/16/21,01:30:00,124.129
08/16/21,01:45:00,122.890
08/16/21,02:00:00,121.560
08/16/21,02:15:00,120.338
08/16/21,02:30:00,119.261
08/16/21,02:45:00,118.189
08/16/21,03:00:00,117.041
08/16/21,03:15:00,115.813
08/16/21,03:30:00,114.767
08/16/21,03:45:00,113.556
08/16/21,04:00:00,112.367
08/16/21,04:15:00,111.469
08/16/21,04:30:00,110.492
08/16/21,04:45:00,109.807
08/16/21,05:00:00,109.184
08/16/21,05:15:00,108.604
08/16/21,05:30:00,108.191
08/16/21,05:45:00,107.793
08/16/21,06:00:00,107.426
08/16/21,06:15:00,107.165
08/16/21,06:30:00,106.949
08/16/21,06:45:00,107.022
08/16/21,07:00:00,107.203
08/16/21,07:15:00,107.628
08/16/21,07:30:00,108.216
08/16/21,07:45:00,108.866
08/16/21,08:00:00,109.637
08/16/21,08:15:00,110.381
08/16/21,08:30:00,111.157
08/16/21,08:45:00,112.219
08/16/21,09:00:00,113.026
08/16/21,09:15:00,114.029
08/16/21,09:30:00,115.036
08/16/21,09:45:00,116.074
08/16/21,10:00:00,117.206
08/16/21,10:15:00,118.246
08/16/21,10:30:00,119.211
08/16/21,10:45:00,120.154
08/16/21,11:00:00,121.036
08/16/21,11:15:00,121.818
08/16/21,11:30:00,122.605
08/16/21,11:45:00,123.358
08/16/21,12:00:00,124.114
08/16/21,12:15:00,124.806
08/16/21,12:30:00,125.208
08/16/21,12:45:00,125.723
08/16/21,13:00:00,126.180
08/16/21,13:15:00,126.575
08/16/21,13:30:00,126.914
08/16/21,13:45:00,127.088
08/16/21,14:00:00,127.303
08/16/21,14:15:00,127.411
08/16/21,14:30:00,127.277
08/16/21,14:45:00,127.077
08/16/21,15:00:00,126.800
08/16/21,15:15:00,126.619
08/16/21,15:30:00,126.373
08/16/21,15:45:00,126.169
08/16/21,16:00:00,126.061
08/16/21,16:15:00,125.896
08/16/21,16:30:00,125.819
08/16/21,16:45:00,125.619
08/16/21,17:00:00,125.527
08/16/21,17:15:00,125.358
08/16/21,17:30:00,125.266
08/16/21,17:45:00,125.219
08/16/21,18:00:00,125.204
08/16/21,18:15:00,125.362
08/16/21,18:30:00,125.701
08/16/21,18:45:00,125.916
08/16/21,19:00:00,126.270
08/16/21,19:15:00,126.639
08/16/21,19:30:00,127.070
08/16/21,19:45:00,127.429
08/16/21,20:00:00,127.845
08/16/21,20:15:00,128.215
08/16/21,20:30:00,128.616
08/16/21,20:45:00,129.063
08/16/21,21:00:00,129.526
08/16/21,21:15:00,129.943
08/16/21,21:30:00,130.437
08/16/21,21:45:00,130.808
08/16/21,22:00:00,131.132
08/16/21,22:15:00,131.322
08/16/21,22:30:00,131.477
08/16/21,22:45:00,131.508
08/16/21,23:00:00,131.493
08/16/21,23:15:00,131.488
08/16/21,23:30:00,131.426
08/16/21,23:45:00,131.241
08/17/21,00:00:00,131.029
08/17/21,00:15:00,130.627
08/17/21,00:30:00,130.071
08/17/21,00:45:00,129.396
08/17/21,01:00:00,128.548
08/17/21,01:15:00,127.658
08/17/21,01:30:00,126.749
08/17/21,01:45:00,125.768
08/17/21,02:00:00,124.733
08/17/21,02:15:00,123.649
08/17/21,02:30:00,122.528
08/17/21,02:45:00,121.436
08/17/21,03:00:00,120.270
08/17/21,03:15:00,119.012
08/17/21,03:30:00,117.715
08/17/21,03:45:00,116.412
08/17/21,04:00:00,115.145
08/17/21,04:15:00,113.921
08/17/21,04:30:00,112.691
08/17/21,04:45:00,111.699
08/17/21,05:00:00,110.676
08/17/21,05:15:00,109.807
08/17/21,05:30:00,108.954
08/17/21,05:45:00,108.177
08/17/21,06:00:00,107.385
08/17/21,06:15:00,106.685
08/17/21,06:30:00,106.092
08/17/21,06:45:00,105.619
08/17/21,07:00:00,105.298
08/17/21,07:15:00,105.011
08/17/21,07:30:00,104.857
08/17/21,07:45:00,104.887
08/17/21,08:00:00,105.023
08/17/21,08:15:00,105.234
08/17/21,08:30:00,105.594
08/17/21,08:45:00,106.199
08/17/21,09:00:00,107.016
08/17/21,09:15:00,107.985
08/17/21,09:30:00,109.111
08/17/21,09:45:00,110.310
08/17/21,10:00:00,111.484
08/17/21,10:15:00,112.685
08/17/21,10:30:00,113.816
08/17/21,10:45:00,114.959
08/17/21,11:00:00,116.126
08/17/21,11:15:00,117.322
08/17/21,11:30:00,118.365
08/17/21,11:45:00,119.444
08/17/21,12:00:00,120.511
08/17/21,12:15:00,121.566
08/17/21,12:30:00,122.563
08/17/21,12:45:00,123.484
08/17/21,13:00:00,124.366
08/17/21,13:15:00,125.134
08/17/21,13:30:00,125.861
08/17/21,13:45:00,126.476
08/17/21,14:00:00,127.004
08/17/21,14:15:00,127.640
08/17/21,14:30:00,128.087
08/17/21,14:45:00,128.611
08/17/21,15:00:00,128.919
08/17/21,15:15:00,129.073
08/17/21,15:30:00,129.140
08/17/21,15:45:00,129.001
08/17/21,16:00:00,128.893
08/17/21,16:15:00,128.800
08/17/21,16:30:00,128.543
08/17/21,16:45:00,128.389
08/17/21,17:00:00,128.250
08/17/21,17:15:00,128.080
08/17/21,17:30:00,127.818
08/17/21,17:45:00,127.618
08/17/21,18:00:00,127.314
08/17/21,18:15:00,127.053
08/17/21,18:30:00,126.837
08/17/21,18:45:00,126.699
08/17/21,19:00:00,126.514
08/17/21,19:15:00,126.602
08/17/21,19:30:00,126.740
08/17/21,19:45:00,126.940
08/17/21,20:00:00,127.248
08/17/21,20:15:00,127.603
08/17/21,20:30:00,127.988
08/17/21,20:45:00,128.281
08/17/21,21:00:00,128.404
08/17/21,21:15:00,128.651
08/17/21,21:30:00,128.867
08/17/21,21:45:00,129.052
08/17/21,22:00:00,129.298
08/17/21,22:15:00,129.545
08/17/21,22:30:00,129.962
08/17/21,22:45:00,130.317
08/17/21,23:00:00,130.611
08/17/21,23:15:00,130.858
08/17/21,23:30:00,130.935
08/17/21,23:45:00,130.904
08/18/21,00:00:00,130.657
08/18/21,00:15:00,130.441
08/18/21,00:30:00,130.225
08/18/21,00:45:00,129.993
08/18/21,01:00:00,129.808
08/18/21,01:15:00,129.514
08/18/21,01:30:00,129.160
08/18/21,01:45:00,128.604
08/18/21,02:00:00,127.942
08/18/21,02:15:00,127.064
08/18/21,02:30:00,126.048
08/18/21,02:45:00,124.941
08/18/21,03:00:00,123.854
08/18/21,03:15:00,122.631
08/18/21,03:30:00,121.352
08/18/21,03:45:00,120.143
08/18/21,04:00:00,118.939
08/18/21,04:15:00,117.774
08/18/21,04:30:00,116.561
08/18/21,04:45:00,115.348
08/18/21,05:00:00,114.189
08/18/21,05:15:00,112.997
08/18/21,05:30:00,111.814
08/18/21,05:45:00,110.647
08/18/21,06:00:00,109.493
08/18/21,06:15:00,108.458
08/18/21,06:30:00,107.545
08/18/21,06:45:00,106.724
08/18/21,07:00:00,106.021
08/18/21,07:15:00,105.428
08/18/21,07:30:00,104.925
08/18/21,07:45:00,104.484
08/18/21,08:00:00,104.106
08/18/21,08:15:00,103.789
08/18/21,08:30:00,103.518
08/18/21,08:45:00,103.355
08/18/21,09:00:00,103.343
08/18/21,09:15:00,102.087
08/18/21,09:30:00,102.081
08/18/21,09:45:00,102.087
08/18/21,10:00:00,102.113
08/18/21,10:15:00,102.128
08/18/21,10:30:00,102.028
08/18/21,10:45:00,101.859
08/18/21,11:00:00,101.817
08/18/21,11:15:00,101.798
08/18/21,11:30:00,101.795
08/18/21,11:45:00,101.774
08/18/21,12:00:00,101.765
08/18/21,12:15:00,101.754
08/18/21,12:30:00,101.754
08/18/21,12:45:00,101.738
08/18/21,13:00:00,101.750
08/18/21,13:15:00,101.729
08/18/21,13:30:00,101.708
08/18/21,13:45:00,101.716
08/18/21,14:00:00,101.725
08/18/21,14:15:00,101.704
08/18/21,14:30:00,101.697
08/18/21,14:45:00,101.688
08/18/21,15:00:00,101.678
08/18/21,15:15:00,101.651
08/18/21,15:30:00,101.654
08/18/21,15:45:00,101.654
08/18/21,16:00:00,101.624
08/18/21,16:15:00,101.606
08/18/21,16:30:00,101.614
08/18/21,16:45:00,101.599
08/18/21,17:00:00,101.593
08/18/21,17:15:00,101.601
08/18/21,17:30:00,101.589
08/18/21,17:45:00,101.583
08/18/21,18:00:00,101.577
08/18/21,18:15:00,101.569
08/18/21,18:30:00,101.560
08/18/21,18:45:00,101.537
08/18/21,19:00:00,101.558
08/18/21,19:15:00,101.547
08/18/21,19:30:00,101.565
08/18/21,19:45:00,101.557
08/18/21,20:00:00,101.548
08/18/21,20:15:00,101.566
08/18/21,20:30:00,101.557
08/18/21,20:45:00,101.563
08/18/21,21:00:00,101.585
08/18/21,21:15:00,101.591
08/18/21,21:30:00,101.585
08/18/21,21:45:00,101.575
08/18/21,22:00:00,101.584
08/18/21,22:15:00,101.593
08/18/21,22:30:00,101.587
08/18/21,22:45:00,101.599
08/18/21,23:00:00,101.593
08/18/21,23:15:00,101.590
08/18/21,23:30:00,101.568
08/18/21,23:45:00,101.565
08/19/21,00:00:00,101.574
08/19/21,00:15:00,101.556
08/19/21,00:30:00,101.550
08/19/21,00:45:00,101.547
08/19/21,01:00:00,101.510
08/19/21,01:15:00,101.507
08/19/21,01:30:00,101.501
08/19/21,01:45:00,101.527
08/19/21,02:00:00,101.524
08/19/21,02:15:00,101.518
08/19/21,02:30:00,101.515
08/19/21,02:45:00,101.527
08/19/21,03:00:00,101.523
08/19/21,03:15:00,101.505
08/19/21,03:30:00,101.514
08/19/21,03:45:00,101.510
08/19/21,04:00:00,101.522
08/19/21,04:15:00,101.564
08/19/21,04:30:00,101.546
08/19/21,04:45:00,101.527
08/19/21,05:00:00,101.524
08/19/21,05:15:00,101.536
08/19/21,05:30:00,101.548
08/19/21,05:45:00,101.559
08/19/21,06:00:00,101.529
08/19/21,06:15:00,101.526
08/19/21,06:30:00,101.508
08/19/21,06:45:00,101.523
08/19/21,07:00:00,101.550
08/19/21,07:15:00,101.550
08/19/21,07:30:00,101.534
08/19/21,07:45:00,101.553
08/19/21,08:00:00,101.590
08/19/21,08:15:00,101.596
08/19/21,08:30:00,101.599
08/19/21,08:45:00,101.579
08/19/21,09:00:00,101.613
08/19/21,09:15:00,101.589
08/19/21,09:30:00,101.577
08/19/21,09:45:00,101.599
08/19/21,10:00:00,101.572
08/19/21,10:15:00,101.581
08/19/21,10:30:00,101.588
08/19/21,10:45:00,101.570
08/19/21,11:00:00,101.580
08/19/21,11:15:00,101.639
08/19/21,11:30:00,101.656
08/19/21,11:45:00,101.641
08/19/21,12:00:00,101.636
08/19/21,12:15:00,101.590
08/19/21,12:30:00,101.591
