Date,Time,High Range (μS/cm) c:1 3
07/20/21,16:00:00,402.0
07/20/21,16:15:00,115.0
07/20/21,16:30:00,0.0
07/20/21,16:45:00,0.0
07/20/21,17:00:00,0.0
07/20/21,17:15:00,0.0
07/20/21,17:30:00,0.0
07/20/21,17:45:00,0.0
07/20/21,18:00:00,0.0
07/20/21,18:15:00,0.0
07/20/21,18:30:00,0.0
07/20/21,18:45:00,0.0
07/20/21,19:00:00,0.0
07/20/21,19:15:00,0.0
07/20/21,19:30:00,0.0
07/20/21,19:45:00,0.0
07/20/21,20:00:00,0.0
07/20/21,20:15:00,0.0
07/20/21,20:30:00,0.0
07/20/21,20:45:00,0.0
07/20/21,21:00:00,0.0
07/20/21,21:15:00,0.0
07/20/21,21:30:00,0.0
07/20/21,21:45:00,0.0
07/20/21,22:00:00,0.0
07/20/21,22:15:00,0.0
07/20/21,22:30:00,0.0
07/20/21,22:45:00,0.0
07/20/21,23:00:00,0.0
07/20/21,23:15:00,0.0
07/20/21,23:30:00,0.0
07/20/21,23:45:00,0.0
07/21/21,00:00:00,0.0
07/21/21,00:15:00,0.0
07/21/21,00:30:00,0.0
07/21/21,00:45:00,0.0
07/21/21,01:00:00,0.0
07/21/21,01:15:00,0.0
07/21/21,01:30:00,0.0
07/21/21,01:45:00,0.0
07/21/21,02:00:00,0.0
07/21/21,02:15:00,0.0
07/21/21,02:30:00,0.0
07/21/21,02:45:00,0.0
07/21/21,03:00:00,0.0
07/21/21,03:15:00,0.0
07/21/21,03:30:00,0.0
07/21/21,03:45:00,0.0
07/21/21,04:00:00,0.0
07/21/21,04:15:00,0.0
07/21/21,04:30:00,0.0
07/21/21,04:45:00,0.0
07/21/21,05:00:00,0.0
07/21/21,05:15:00,0.0
07/21/21,05:30:00,0.0
07/21/21,05:45:00,0.0
07/21/21,06:00:00,0.0
07/21/21,06:15:00,0.0
07/21/21,06:30:00,0.0
07/21/21,06:45:00,0.0
07/21/21,07:00:00,0.0
07/21/21,07:15:00,0.0
07/21/21,07:30:00,0.0
07/21/21,07:45:00,0.0
07/21/21,08:00:00,0.0
07/21/21,08:15:00,0.0
07/21/21,08:30:00,0.0
07/21/21,08:45:00,0.0
07/21/21,09:00:00,0.0
07/21/21,09:15:00,0.0
07/21/21,09:30:00,0.0
07/21/21,09:45:00,0.0
07/21/21,10:00:00,0.0
07/21/21,10:15:00,0.0
07/21/21,10:30:00,0.0
07/21/21,10:45:00,0.0
07/21/21,11:00:00,0.0
07/21/21,11:15:00,0.0
07/21/21,11:30:00,0.0
07/21/21,11:45:00,0.0
07/21/21,12:00:00,0.0
07/21/21,12:15:00,0.0
07/21/21,12:30:00,0.0
07/21/21,12:45:00,0.0
07/21/21,13:00:00,0.0
07/21/21,13:15:00,0.0
07/21/21,13:30:00,0.0
07/21/21,13:45:00,0.0
07/21/21,14:00:00,0.0
07/21/21,14:15:00,0.0
07/21/21,14:30:00,0.0
07/21/21,14:45:00,0.0
07/21/21,15:00:00,0.0
07/21/21,15:15:00,0.0
07/21/21,15:30:00,0.0
07/21/21,15:45:00,0.0
07/21/21,16:00:00,0.0
07/21/21,16:15:00,0.0
07/21/21,16:30:00,0.0
07/21/21,16:45:00,0.0
07/21/21,17:00:00,0.0
07/21/21,17:15:00,0.0
07/21/21,17:30:00,0.0
07/21/21,17:45:00,0.0
07/21/21,18:00:00,0.0
07/21/21,18:15:00,0.0
07/21/21,18:30:00,0.0
07/21/21,18:45:00,0.0
07/21/21,19:00:00,0.0
07/21/21,19:15:00,0.0
07/21/21,19:30:00,0.0
07/21/21,19:45:00,0.0
07/21/21,20:00:00,0.0
07/21/21,20:15:00,0.0
07/21/21,20:30:00,0.0
07/21/21,20:45:00,0.0
07/21/21,21:00:00,0.0
07/21/21,21:15:00,0.0
07/21/21,21:30:00,0.0
07/21/21,21:45:00,0.0
07/21/21,22:00:00,0.0
07/21/21,22:15:00,0.0
07/21/21,22:30:00,0.0
07/21/21,22:45:00,0.0
07/21/21,23:00:00,0.0
07/21/21,23:15:00,0.0
07/21/21,23:30:00,0.0
07/21/21,23:45:00,0.0
07/22/21,00:00:00,0.0
07/22/21,00:15:00,0.0
07/22/21,00:30:00,0.0
07/22/21,00:45:00,0.0
07/22/21,01:00:00,0.0
07/22/21,01:15:00,0.0
07/22/21,01:30:00,0.0
07/22/21,01:45:00,0.0
07/22/21,02:00:00,0.0
07/22/21,02:15:00,0.0
07/22/21,02:30:00,0.0
07/22/21,02:45:00,0.0
07/22/21,03:00:00,0.0
07/22/21,03:15:00,0.0
07/22/21,03:30:00,0.0
07/22/21,03:45:00,0.0
07/22/21,04:00:00,0.0
07/22/21,04:15:00,0.0
07/22/21,04:30:00,0.0
07/22/21,04:45:00,0.0
07/22/21,05:00:00,0.0
07/22/21,05:15:00,0.0
07/22/21,05:30:00,0.0
07/22/21,05:45:00,0.0
07/22/21,06:00:00,0.0
07/22/21,06:15:00,0.0
07/22/21,06:30:00,0.0
07/22/21,06:45:00,0.0
07/22/21,07:00:00,0.0
07/22/21,07:15:00,0.0
07/22/21,07:30:00,0.0
07/22/21,07:45:00,0.0
07/22/21,08:00:00,0.0
07/22/21,08:15:00,0.0
07/22/21,08:30:00,0.0
07/22/21,08:45:00,0.0
07/22/21,09:00:00,0.0
07/22/21,09:15:00,0.0
07/22/21,09:30:00,0.0
07/22/21,09:45:00,3733.7
07/22/21,10:00:00,898.5
07/22/21,10:15:00,517.2
07/22/21,10:30:00,493.6
07/22/21,10:45:00,373.0
07/22/21,11:00:00,407.8
07/22/21,11:15:00,412.7
07/22/21,11:30:00,398.0
07/22/21,11:45:00,385.8
07/22/21,12:00:00,350.6
07/22/21,12:15:00,344.4
07/22/21,12:30:00,33001.8
07/22/21,12:45:00,32753.2
07/22/21,13:00:00,32351.4
07/22/21,13:15:00,32237.4
07/22/21,13:30:00,32458.5
07/22/21,13:45:00,32124.3
07/22/21,14:00:00,32079.3
07/22/21,14:15:00,31488.5
07/22/21,14:30:00,30263.3
07/22/21,14:45:00,29258.6
07/22/21,15:00:00,29026.0
07/22/21,15:15:00,28960.3
07/22/21,15:30:00,28945.4
07/22/21,15:45:00,28871.2
07/22/21,16:00:00,28721.3
07/22/21,16:15:00,28686.3
07/22/21,16:30:00,28654.3
07/22/21,16:45:00,28622.4
07/22/21,17:00:00,28570.3
07/22/21,17:15:00,28541.5
07/22/21,17:30:00,28507.0
07/22/21,17:45:00,28524.2
07/22/21,18:00:00,28555.9
07/22/21,18:15:00,28570.3
07/22/21,18:30:00,28576.1
07/22/21,18:45:00,28607.9
07/22/21,19:00:00,28576.1
07/22/21,19:15:00,28587.6
07/22/21,19:30:00,28570.3
07/22/21,19:45:00,28593.4
07/22/21,20:00:00,28602.1
07/22/21,20:15:00,28613.7
07/22/21,20:30:00,28628.2
07/22/21,20:45:00,28648.5
07/22/21,21:00:00,28692.1
07/22/21,21:15:00,28712.5
07/22/21,21:30:00,28718.4
07/22/21,21:45:00,28733.0
07/22/21,22:00:00,28744.7
07/22/21,22:15:00,28771.1
07/22/21,22:30:00,28759.4
07/22/21,22:45:00,28771.1
07/22/21,23:00:00,28777.0
07/22/21,23:15:00,28785.8
07/22/21,23:30:00,28815.2
07/22/21,23:45:00,28818.1
07/23/21,00:00:00,28818.1
07/23/21,00:15:00,28897.9
07/23/21,00:30:00,29058.9
07/23/21,00:45:00,29158.4
07/23/21,01:00:00,29234.3
07/23/21,01:15:00,29316.7
07/23/21,01:30:00,29399.7
07/23/21,01:45:00,29409.0
07/23/21,02:00:00,29415.1
07/23/21,02:15:00,29430.6
07/23/21,02:30:00,29498.7
07/23/21,02:45:00,29554.8
07/23/21,03:00:00,29683.4
07/23/21,03:15:00,29838.7
07/23/21,03:30:00,29899.5
07/23/21,03:45:00,30021.8
07/23/21,04:00:00,30109.4
07/23/21,04:15:00,30148.5
07/23/21,04:30:00,30096.4
07/23/21,04:45:00,30102.9
07/23/21,05:00:00,30155.1
07/23/21,05:15:00,30246.8
07/23/21,05:30:00,30379.0
07/23/21,05:45:00,30532.7
07/23/21,06:00:00,30610.1
07/23/21,06:15:00,30549.5
07/23/21,06:30:00,30549.5
07/23/21,06:45:00,30633.8
07/23/21,07:00:00,30633.8
07/23/21,07:15:00,30640.6
07/23/21,07:30:00,30780.1
07/23/21,07:45:00,31063.4
07/23/21,08:00:00,31316.9
07/23/21,08:15:00,31373.9
07/23/21,08:30:00,31431.1
07/23/21,08:45:00,31531.7
07/23/21,09:00:00,31557.0
07/23/21,09:15:00,31589.6
07/23/21,09:30:00,31546.2
07/23/21,09:45:00,31456.2
07/23/21,10:00:00,31481.3
07/23/21,10:15:00,31528.1
07/23/21,10:30:00,31578.7
07/23/21,10:45:00,0.0
07/23/21,11:00:00,0.0
07/23/21,11:15:00,0.0
07/23/21,11:30:00,0.0
07/23/21,11:45:00,0.0
07/23/21,12:00:00,0.0
07/23/21,12:15:00,0.0
07/23/21,12:30:00,0.0
07/23/21,12:45:00,0.0
07/23/21,13:00:00,0.0
07/23/21,13:15:00,0.0
07/23/21,13:30:00,32808.1
07/23/21,13:45:00,31438.3
07/23/21,14:00:00,33935.6
07/23/21,14:15:00,33931.4
07/23/21,14:30:00,32875.0
07/23/21,14:45:00,30515.9
07/23/21,15:00:00,31098.3
07/23/21,15:15:00,30174.7
07/23/21,15:30:00,29234.3
07/23/21,15:45:00,28897.9
07/23/21,16:00:00,28832.8
07/23/21,16:15:00,28651.4
07/23/21,16:30:00,28610.8
07/23/21,16:45:00,28438.2
07/23/21,17:00:00,28324.5
07/23/21,17:15:00,28293.5
07/23/21,17:30:00,28279.4
07/23/21,17:45:00,28372.7
07/23/21,18:00:00,28401.2
07/23/21,18:15:00,28418.3
07/23/21,18:30:00,28406.9
07/23/21,18:45:00,28406.9
07/23/21,19:00:00,28406.9
07/23/21,19:15:00,28412.6
07/23/21,19:30:00,28418.3
07/23/21,19:45:00,28412.6
07/23/21,20:00:00,28415.4
07/23/21,20:15:00,28449.7
07/23/21,20:30:00,28438.2
07/23/21,20:45:00,28432.5
07/23/21,21:00:00,28401.2
07/23/21,21:15:00,28401.2
07/23/21,21:30:00,28432.5
07/23/21,21:45:00,28426.8
07/23/21,22:00:00,28418.3
07/23/21,22:15:00,28438.2
07/23/21,22:30:00,28432.5
07/23/21,22:45:00,28449.7
07/23/21,23:00:00,28443.9
07/23/21,23:15:00,28452.5
07/23/21,23:30:00,28452.5
07/23/21,23:45:00,28475.4
07/24/21,00:00:00,28464.0
07/24/21,00:15:00,28469.7
07/24/21,00:30:00,28495.5
07/24/21,00:45:00,28515.6
07/24/21,01:00:00,28527.1
07/24/21,01:15:00,28521.3
07/24/21,01:30:00,28547.2
07/24/21,01:45:00,28558.8
07/24/21,02:00:00,28553.0
07/24/21,02:15:00,28579.0
07/24/21,02:30:00,28590.5
07/24/21,02:45:00,28579.0
07/24/21,03:00:00,28610.8
07/24/21,03:15:00,28622.4
07/24/21,03:30:00,28605.0
07/24/21,03:45:00,28616.6
07/24/21,04:00:00,28619.5
07/24/21,04:15:00,28663.0
07/24/21,04:30:00,28663.0
07/24/21,04:45:00,28674.6
07/24/21,05:00:00,28700.9
07/24/21,05:15:00,28689.2
07/24/21,05:30:00,28651.4
07/24/21,05:45:00,28651.4
07/24/21,06:00:00,28747.6
07/24/21,06:15:00,29286.1
07/24/21,06:30:00,29954.1
07/24/21,06:45:00,30174.7
07/24/21,07:00:00,30345.9
07/24/21,07:15:00,30525.9
07/24/21,07:30:00,30711.9
07/24/21,07:45:00,30797.2
07/24/21,08:00:00,30903.8
07/24/21,08:15:00,31007.7
07/24/21,08:30:00,31133.4
07/24/21,08:45:00,31341.8
07/24/21,09:00:00,31474.1
07/24/21,09:15:00,31513.7
07/24/21,09:30:00,31622.2
07/24/21,09:45:00,31771.8
07/24/21,10:00:00,31922.9
07/24/21,10:15:00,31797.5
07/24/21,10:30:00,31757.1
07/24/21,10:45:00,31804.8
07/24/21,11:00:00,31915.5
07/24/21,11:15:00,31989.7
07/24/21,11:30:00,282.9
07/24/21,11:45:00,224.1
07/24/21,12:00:00,191.9
07/24/21,12:15:00,198.5
07/24/21,12:30:00,146.8
07/24/21,12:45:00,151.2
07/24/21,13:00:00,164.8
07/24/21,13:15:00,172.1
07/24/21,13:30:00,177.5
07/24/21,13:45:00,174.7
07/24/21,14:00:00,32985.9
07/24/21,14:15:00,33013.7
07/24/21,14:30:00,32772.8
07/24/21,14:45:00,32389.5
07/24/21,15:00:00,32241.2
07/24/21,15:15:00,32520.1
07/24/21,15:30:00,32188.3
07/24/21,15:45:00,31288.5
07/24/21,16:00:00,30349.2
07/24/21,16:15:00,29743.4
07/24/21,16:30:00,29564.2
07/24/21,16:45:00,29387.4
07/24/21,17:00:00,29107.1
07/24/21,17:15:00,28927.6
07/24/21,17:30:00,28927.6
07/24/21,17:45:00,28868.3
07/24/21,18:00:00,28744.7
07/24/21,18:15:00,28660.1
07/24/21,18:30:00,28622.4
07/24/21,18:45:00,28590.5
07/24/21,19:00:00,28596.3
07/24/21,19:15:00,28584.7
07/24/21,19:30:00,28581.8
07/24/21,19:45:00,28584.7
07/24/21,20:00:00,28581.8
07/24/21,20:15:00,28596.3
07/24/21,20:30:00,28584.7
07/24/21,20:45:00,28596.3
07/24/21,21:00:00,28607.9
07/24/21,21:15:00,28628.2
07/24/21,21:30:00,28648.5
07/24/21,21:45:00,28680.5
07/24/21,22:00:00,28695.0
07/24/21,22:15:00,28738.9
07/24/21,22:30:00,28738.9
07/24/21,22:45:00,28747.6
07/24/21,23:00:00,28809.3
07/24/21,23:15:00,28909.7
07/24/21,23:30:00,29083.0
07/24/21,23:45:00,29304.5
07/25/21,00:00:00,29692.8
07/25/21,00:15:00,30008.9
07/25/21,00:30:00,30286.3
07/25/21,00:45:00,30475.7
07/25/21,01:00:00,30650.7
07/25/21,01:15:00,30749.3
07/25/21,01:30:00,30691.5
07/25/21,01:45:00,30735.7
07/25/21,02:00:00,30766.4
07/25/21,02:15:00,30735.7
07/25/21,02:30:00,30633.8
07/25/21,02:45:00,30542.7
07/25/21,03:00:00,30459.0
07/25/21,03:15:00,30489.1
07/25/21,03:30:00,30459.0
07/25/21,03:45:00,30442.3
07/25/21,04:00:00,30415.6
07/25/21,04:15:00,30452.3
07/25/21,04:30:00,30362.4
07/25/21,04:45:00,30362.4
07/25/21,05:00:00,30362.4
07/25/21,05:15:00,30345.9
07/25/21,05:30:00,30326.0
07/25/21,05:45:00,30250.1
07/25/21,06:00:00,30148.5
07/25/21,06:15:00,30119.2
07/25/21,06:30:00,30168.1
07/25/21,06:45:00,30207.4
07/25/21,07:00:00,30322.7
07/25/21,07:15:00,30375.7
07/25/21,07:30:00,30465.7
07/25/21,07:45:00,30566.3
07/25/21,08:00:00,30725.5
07/25/21,08:15:00,30821.2
07/25/21,08:30:00,30934.8
07/25/21,08:45:00,31147.4
07/25/21,09:00:00,31334.7
07/25/21,09:15:00,31495.7
07/25/21,09:30:00,31636.7
07/25/21,09:45:00,31720.5
07/25/21,10:00:00,31871.1
07/25/21,10:15:00,31889.6
07/25/21,10:30:00,32008.3
07/25/21,10:45:00,32128.1
07/25/21,11:00:00,32282.9
07/25/21,11:15:00,32328.5
07/25/21,11:30:00,32450.8
07/25/21,11:45:00,32520.1
07/25/21,12:00:00,32643.9
07/25/21,12:15:00,32714.1
07/25/21,12:30:00,401.2
07/25/21,12:45:00,151.5
07/25/21,13:00:00,125.6
07/25/21,13:15:00,129.0
07/25/21,13:30:00,120.6
07/25/21,13:45:00,120.1
07/25/21,14:00:00,112.3
07/25/21,14:15:00,117.5
07/25/21,14:30:00,33826.3
07/25/21,14:45:00,33392.4
07/25/21,15:00:00,32725.8
07/25/21,15:15:00,32930.3
07/25/21,15:30:00,32890.8
07/25/21,15:45:00,32910.5
07/25/21,16:00:00,32714.1
07/25/21,16:15:00,32401.0
07/25/21,16:30:00,31288.5
07/25/21,16:45:00,30223.8
07/25/21,17:00:00,29520.5
07/25/21,17:15:00,29231.2
07/25/21,17:30:00,29017.0
07/25/21,17:45:00,28812.2
07/25/21,18:00:00,28599.2
07/25/21,18:15:00,28541.5
07/25/21,18:30:00,28495.5
07/25/21,18:45:00,28395.5
07/25/21,19:00:00,28361.4
07/25/21,19:15:00,28313.2
07/25/21,19:30:00,28276.5
07/25/21,19:45:00,28299.1
07/25/21,20:00:00,28282.2
07/25/21,20:15:00,28270.9
07/25/21,20:30:00,28287.8
07/25/21,20:45:00,28287.8
07/25/21,21:00:00,28296.3
07/25/21,21:15:00,28313.2
07/25/21,21:30:00,28321.7
07/25/21,21:45:00,28338.7
07/25/21,22:00:00,28389.8
07/25/21,22:15:00,28398.3
07/25/21,22:30:00,28464.0
07/25/21,22:45:00,28567.4
07/25/21,23:00:00,28797.5
07/25/21,23:15:00,29319.8
07/25/21,23:30:00,29721.3
07/25/21,23:45:00,30012.1
07/26/21,00:00:00,30339.2
07/26/21,00:15:00,30573.0
07/26/21,00:30:00,30620.3
07/26/21,00:45:00,30718.7
07/26/21,01:00:00,30718.7
07/26/21,01:15:00,30711.9
07/26/21,01:30:00,30711.9
07/26/21,01:45:00,30732.3
07/26/21,02:00:00,30688.1
07/26/21,02:15:00,30657.5
07/26/21,02:30:00,30664.3
07/26/21,02:45:00,30610.1
07/26/21,03:00:00,30573.0
07/26/21,03:15:00,30536.0
07/26/21,03:30:00,30549.5
07/26/21,03:45:00,30549.5
07/26/21,04:00:00,30529.3
07/26/21,04:15:00,30549.5
07/26/21,04:30:00,30482.4
07/26/21,04:45:00,30489.1
07/26/21,05:00:00,30452.3
07/26/21,05:15:00,30438.9
07/26/21,05:30:00,30465.7
07/26/21,05:45:00,30512.5
07/26/21,06:00:00,30536.0
07/26/21,06:15:00,30559.6
07/26/21,06:30:00,30603.4
07/26/21,06:45:00,30633.8
07/26/21,07:00:00,30596.6
07/26/21,07:15:00,30650.7
07/26/21,07:30:00,30786.9
07/26/21,07:45:00,30879.6
07/26/21,08:00:00,30941.8
07/26/21,08:15:00,30983.3
07/26/21,08:30:00,31094.8
07/26/21,08:45:00,31203.7
07/26/21,09:00:00,31406.0
07/26/21,09:15:00,31463.4
07/26/21,09:30:00,31456.2
07/26/21,09:45:00,31542.6
07/26/21,10:00:00,31691.3
07/26/21,10:15:00,31867.4
07/26/21,10:30:00,31911.8
07/26/21,10:45:00,32012.1
07/26/21,11:00:00,32131.8
07/26/21,11:15:00,32210.9
07/26/21,11:30:00,32347.6
07/26/21,11:45:00,32477.7
07/26/21,12:00:00,32543.2
07/26/21,12:15:00,32585.8
07/26/21,12:30:00,32721.9
07/26/21,12:45:00,32819.9
07/26/21,13:00:00,32902.6
07/26/21,13:15:00,33001.8
07/26/21,13:30:00,33137.6
07/26/21,13:45:00,33262.5
07/26/21,14:00:00,33335.4
07/26/21,14:15:00,33535.8
07/26/21,14:30:00,33576.9
07/26/21,14:45:00,33626.5
07/26/21,15:00:00,33593.4
07/26/21,15:15:00,33507.0
07/26/21,15:30:00,33343.6
07/26/21,15:45:00,33157.7
07/26/21,16:00:00,33001.8
07/26/21,16:15:00,33065.5
07/26/21,16:30:00,32863.2
07/26/21,16:45:00,32562.5
07/26/21,17:00:00,31804.8
07/26/21,17:15:00,30492.4
07/26/21,17:30:00,29794.2
07/26/21,17:45:00,29359.7
07/26/21,18:00:00,29119.1
07/26/21,18:15:00,28948.4
07/26/21,18:30:00,28706.7
07/26/21,18:45:00,28521.3
07/26/21,19:00:00,28381.3
07/26/21,19:15:00,28299.1
07/26/21,19:30:00,28256.8
07/26/21,19:45:00,28214.7
07/26/21,20:00:00,28200.7
07/26/21,20:15:00,28169.9
07/26/21,20:30:00,28125.3
07/26/21,20:45:00,28083.7
07/26/21,21:00:00,28097.5
07/26/21,21:15:00,28072.6
07/26/21,21:30:00,28083.7
07/26/21,21:45:00,28078.1
07/26/21,22:00:00,28078.1
07/26/21,22:15:00,28067.0
07/26/21,22:30:00,28086.4
07/26/21,22:45:00,28114.2
07/26/21,23:00:00,28128.1
07/26/21,23:15:00,28200.7
07/26/21,23:30:00,28495.5
07/26/21,23:45:00,28841.7
07/27/21,00:00:00,29134.2
07/27/21,00:15:00,29164.5
07/27/21,00:30:00,29197.8
07/27/21,00:45:00,29651.9
07/27/21,01:00:00,30319.4
07/27/21,01:15:00,30688.1
07/27/21,01:30:00,30780.1
07/27/21,01:45:00,30872.7
07/27/21,02:00:00,30890.0
07/27/21,02:15:00,30896.9
07/27/21,02:30:00,30848.7
07/27/21,02:45:00,30834.9
07/27/21,03:00:00,30834.9
07/27/21,03:15:00,30834.9
07/27/21,03:30:00,30828.0
07/27/21,03:45:00,30780.1
07/27/21,04:00:00,30694.9
07/27/21,04:15:00,30559.6
07/27/21,04:30:00,30462.3
07/27/21,04:45:00,30459.0
07/27/21,05:00:00,30459.0
07/27/21,05:15:00,30519.2
07/27/21,05:30:00,30505.8
07/27/21,05:45:00,30512.5
07/27/21,06:00:00,30489.1
07/27/21,06:15:00,30465.7
07/27/21,06:30:00,30452.3
07/27/21,06:45:00,30438.9
07/27/21,07:00:00,30435.6
07/27/21,07:15:00,30415.6
07/27/21,07:30:00,30385.7
07/27/21,07:45:00,30375.7
07/27/21,08:00:00,30382.3
07/27/21,08:15:00,30399.0
07/27/21,08:30:00,30438.9
07/27/21,08:45:00,30536.0
07/27/21,09:00:00,30610.1
07/27/21,09:15:00,30701.7
07/27/21,09:30:00,30780.1
07/27/21,09:45:00,30828.0
07/27/21,10:00:00,30983.3
07/27/21,10:15:00,31133.4
07/27/21,10:30:00,31316.9
07/27/21,10:45:00,31384.6
07/27/21,11:00:00,31539.0
07/27/21,11:15:00,31735.1
07/27/21,11:30:00,31871.1
07/27/21,11:45:00,31978.6
07/27/21,12:00:00,32015.8
07/27/21,12:15:00,32090.6
07/27/21,12:30:00,32083.1
07/27/21,12:45:00,32271.5
07/27/21,13:00:00,32401.0
07/27/21,13:15:00,32543.2
07/27/21,13:30:00,32643.9
07/27/21,13:45:00,32757.1
07/27/21,14:00:00,32831.7
07/27/21,14:15:00,32938.3
07/27/21,14:30:00,32970.0
07/27/21,14:45:00,33021.7
07/27/21,15:00:00,33057.6
07/27/21,15:15:00,33065.5
07/27/21,15:30:00,33005.7
07/27/21,15:45:00,32914.5
07/27/21,16:00:00,32804.1
07/27/21,16:15:00,32721.9
07/27/21,16:30:00,32706.3
07/27/21,16:45:00,32624.5
07/27/21,17:00:00,32401.0
07/27/21,17:15:00,32203.4
07/27/21,17:30:00,31963.7
07/27/21,17:45:00,30745.9
07/27/21,18:00:00,30177.9
07/27/21,18:15:00,29806.9
07/27/21,18:30:00,29467.7
07/27/21,18:45:00,29055.9
07/27/21,19:00:00,28960.3
07/27/21,19:15:00,29014.0
07/27/21,19:30:00,29058.9
07/27/21,19:45:00,29002.0
07/27/21,20:00:00,28981.1
07/27/21,20:15:00,28921.6
07/27/21,20:30:00,28841.7
07/27/21,20:45:00,28718.4
07/27/21,21:00:00,28648.5
07/27/21,21:15:00,28642.7
07/27/21,21:30:00,28636.9
07/27/21,21:45:00,28642.7
07/27/21,22:00:00,28642.7
07/27/21,22:15:00,28631.1
07/27/21,22:30:00,28622.4
07/27/21,22:45:00,28616.6
07/27/21,23:00:00,28674.6
07/27/21,23:15:00,28660.1
07/27/21,23:30:00,28686.3
07/27/21,23:45:00,28706.7
07/28/21,00:00:00,29092.0
07/28/21,00:15:00,29467.7
07/28/21,00:30:00,30005.6
07/28/21,00:45:00,30495.8
07/28/21,01:00:00,30972.9
07/28/21,01:15:00,31165.0
07/28/21,01:30:00,31228.4
07/28/21,01:45:00,31253.1
07/28/21,02:00:00,31207.2
07/28/21,02:15:00,31189.6
07/28/21,02:30:00,31228.4
07/28/21,02:45:00,31157.9
07/28/21,03:00:00,31045.9
07/28/21,03:15:00,30990.3
07/28/21,03:30:00,30921.0
07/28/21,03:45:00,30759.6
07/28/21,04:00:00,30725.5
07/28/21,04:15:00,30705.1
07/28/21,04:30:00,30688.1
07/28/21,04:45:00,30688.1
07/28/21,05:00:00,30664.3
07/28/21,05:15:00,30640.6
07/28/21,05:30:00,30620.3
07/28/21,05:45:00,30616.9
07/28/21,06:00:00,30589.9
07/28/21,06:15:00,30596.6
07/28/21,06:30:00,30596.6
07/28/21,06:45:00,30603.4
07/28/21,07:00:00,30589.9
07/28/21,07:15:00,30610.1
07/28/21,07:30:00,30633.8
07/28/21,07:45:00,30589.9
07/28/21,08:00:00,30586.5
07/28/21,08:15:00,30566.3
07/28/21,08:30:00,30579.8
07/28/21,08:45:00,30559.6
07/28/21,09:00:00,30499.1
07/28/21,09:15:00,30475.7
07/28/21,09:30:00,30525.9
07/28/21,09:45:00,30610.1
07/28/21,10:00:00,30640.6
07/28/21,10:15:00,30732.3
07/28/21,10:30:00,30817.8
07/28/21,10:45:00,30890.0
07/28/21,11:00:00,31014.6
07/28/21,11:15:00,31133.4
07/28/21,11:30:00,31242.5
07/28/21,11:45:00,31334.7
07/28/21,12:00:00,31567.9
07/28/21,12:15:00,31753.4
07/28/21,12:30:00,31911.8
07/28/21,12:45:00,32015.8
07/28/21,13:00:00,32135.6
07/28/21,13:15:00,32256.3
07/28/21,13:30:00,32385.7
07/28/21,13:45:00,32535.5
07/28/21,14:00:00,32640.1
07/28/21,14:15:00,32706.3
07/28/21,14:30:00,32768.8
07/28/21,14:45:00,32804.1
07/28/21,15:00:00,32847.4
07/28/21,15:15:00,32839.5
07/28/21,15:30:00,32886.8
07/28/21,15:45:00,32839.5
07/28/21,16:00:00,32784.5
07/28/21,16:15:00,32702.4
07/28/21,16:30:00,32605.1
07/28/21,16:45:00,32439.3
07/28/21,17:00:00,32305.7
07/28/21,17:15:00,32150.6
07/28/21,17:30:00,31956.3
07/28/21,17:45:00,31775.4
07/28/21,18:00:00,31578.7
07/28/21,18:15:00,31277.9
07/28/21,18:30:00,30529.3
07/28/21,18:45:00,30060.7
07/28/21,19:00:00,29883.5
07/28/21,19:15:00,29714.9
07/28/21,19:30:00,29718.1
07/28/21,19:45:00,29721.3
07/28/21,20:00:00,29708.6
07/28/21,20:15:00,29743.4
07/28/21,20:30:00,29762.4
07/28/21,20:45:00,29743.4
07/28/21,21:00:00,29771.9
07/28/21,21:15:00,29737.1
07/28/21,21:30:00,29756.1
07/28/21,21:45:00,29746.6
07/28/21,22:00:00,29743.4
07/28/21,22:15:00,29775.1
07/28/21,22:30:00,29787.8
07/28/21,22:45:00,29759.2
07/28/21,23:00:00,29781.5
07/28/21,23:15:00,29781.5
07/28/21,23:30:00,29803.7
07/28/21,23:45:00,29781.5
07/29/21,00:00:00,29822.8
07/29/21,00:15:00,29851.5
07/29/21,00:30:00,29851.5
07/29/21,00:45:00,29893.1
07/29/21,01:00:00,30106.1
07/29/21,01:15:00,30392.3
07/29/21,01:30:00,30633.8
07/29/21,01:45:00,30841.8
07/29/21,02:00:00,31087.8
07/29/21,02:15:00,31373.9
07/29/21,02:30:00,31416.8
07/29/21,02:45:00,31431.1
07/29/21,03:00:00,31431.1
07/29/21,03:15:00,31449.0
07/29/21,03:30:00,31470.6
07/29/21,03:45:00,31441.8
07/29/21,04:00:00,31470.6
07/29/21,04:15:00,31463.4
07/29/21,04:30:00,31495.7
07/29/21,04:45:00,31456.2
07/29/21,05:00:00,31445.4
07/29/21,05:15:00,31391.8
07/29/21,05:30:00,31334.7
07/29/21,05:45:00,31277.9
07/29/21,06:00:00,31299.2
07/29/21,06:15:00,31267.3
07/29/21,06:30:00,31246.1
07/29/21,06:45:00,31239.0
07/29/21,07:00:00,31246.1
07/29/21,07:15:00,31246.1
07/29/21,07:30:00,31196.6
07/29/21,07:45:00,31203.7
07/29/21,08:00:00,31196.6
07/29/21,08:15:00,31182.6
07/29/21,08:30:00,31203.7
07/29/21,08:45:00,31203.7
07/29/21,09:00:00,31221.3
07/29/21,09:15:00,31235.5
07/29/21,09:30:00,31246.1
07/29/21,09:45:00,31270.8
07/29/21,10:00:00,31309.8
07/29/21,10:15:00,31309.8
07/29/21,10:30:00,31324.0
07/29/21,10:45:00,31309.8
07/29/21,11:00:00,31406.0
07/29/21,11:15:00,31445.4
07/29/21,11:30:00,31438.3
07/29/21,11:45:00,31506.5
07/29/21,12:00:00,31553.4
07/29/21,12:15:00,31593.2
07/29/21,12:30:00,31651.3
07/29/21,12:45:00,31768.1
07/29/21,13:00:00,31860.0
07/29/21,13:15:00,31893.3
07/29/21,13:30:00,32030.7
07/29/21,13:45:00,32184.5
07/29/21,14:00:00,32222.3
07/29/21,14:15:00,32412.5
07/29/21,14:30:00,32458.5
07/29/21,14:45:00,32570.3
07/29/21,15:00:00,32659.5
07/29/21,15:15:00,32741.4
07/29/21,15:30:00,32733.6
07/29/21,15:45:00,32741.4
07/29/21,16:00:00,32686.8
07/29/21,16:15:00,32535.5
07/29/21,16:30:00,32447.0
07/29/21,16:45:00,32324.7
07/29/21,17:00:00,32222.3
07/29/21,17:15:00,32203.4
07/29/21,17:30:00,32143.1
07/29/21,17:45:00,32030.7
07/29/21,18:00:00,31948.8
07/29/21,18:15:00,31863.7
07/29/21,18:30:00,31768.1
07/29/21,18:45:00,31636.7
07/29/21,19:00:00,31456.2
07/29/21,19:15:00,30793.8
07/29/21,19:30:00,30345.9
07/29/21,19:45:00,30194.3
07/29/21,20:00:00,30128.9
07/29/21,20:15:00,29941.2
07/29/21,20:30:00,29784.6
07/29/21,20:45:00,29359.7
07/29/21,21:00:00,29170.5
07/29/21,21:15:00,29113.1
07/29/21,21:30:00,29055.9
07/29/21,21:45:00,29089.0
07/29/21,22:00:00,29055.9
07/29/21,22:15:00,29095.0
07/29/21,22:30:00,29155.4
07/29/21,22:45:00,29182.6
07/29/21,23:00:00,29191.7
07/29/21,23:15:00,29203.9
07/29/21,23:30:00,29203.9
07/29/21,23:45:00,29191.7
07/30/21,00:00:00,29188.7
07/30/21,00:15:00,29197.8
07/30/21,00:30:00,29225.1
07/30/21,00:45:00,29292.2
07/30/21,01:00:00,29762.4
07/30/21,01:15:00,30349.2
07/30/21,01:30:00,30698.3
07/30/21,01:45:00,30900.3
07/30/21,02:00:00,31094.8
07/30/21,02:15:00,31246.1
07/30/21,02:30:00,31352.5
07/30/21,02:45:00,31384.6
07/30/21,03:00:00,31549.8
07/30/21,03:15:00,31779.1
07/30/21,03:30:00,31845.3
07/30/21,03:45:00,31812.2
07/30/21,04:00:00,31878.5
07/30/21,04:15:00,31945.1
07/30/21,04:30:00,31997.2
07/30/21,04:45:00,32056.9
07/30/21,05:00:00,32049.4
07/30/21,05:15:00,32098.1
07/30/21,05:30:00,32143.1
07/30/21,05:45:00,32158.2
07/30/21,06:00:00,32184.5
07/30/21,06:15:00,32135.6
07/30/21,06:30:00,32064.3
07/30/21,06:45:00,32004.6
07/30/21,07:00:00,31930.3
07/30/21,07:15:00,31860.0
07/30/21,07:30:00,31702.3
07/30/21,07:45:00,31720.5
07/30/21,08:00:00,31644.0
07/30/21,08:15:00,31618.6
07/30/21,08:30:00,31391.8
07/30/21,08:45:00,31571.5
07/30/21,09:00:00,31528.1
07/30/21,09:15:00,31495.7
07/30/21,09:30:00,31510.1
07/30/21,09:45:00,31431.1
07/30/21,10:00:00,31406.0
07/30/21,10:15:00,31391.8
07/30/21,10:30:00,31398.9
07/30/21,10:45:00,31373.9
07/30/21,11:00:00,31416.8
07/30/21,11:15:00,31431.1
07/30/21,11:30:00,31495.7
07/30/21,11:45:00,31502.9
07/30/21,12:00:00,31506.5
07/30/21,12:15:00,31520.9
07/30/21,12:30:00,31513.7
07/30/21,12:45:00,31578.7
07/30/21,13:00:00,31629.5
07/30/21,13:15:00,31702.3
07/30/21,13:30:00,31826.9
07/30/21,13:45:00,31945.1
07/30/21,14:00:00,32023.3
07/30/21,14:15:00,32083.1
07/30/21,14:30:00,32109.3
07/30/21,14:45:00,32177.0
07/30/21,15:00:00,32161.9
07/30/21,15:15:00,32135.6
07/30/21,15:30:00,32177.0
07/30/21,15:45:00,32169.5
07/30/21,16:00:00,32218.5
07/30/21,16:15:00,32218.5
07/30/21,16:30:00,32158.2
07/30/21,16:45:00,32124.3
07/30/21,17:00:00,32071.8
07/30/21,17:15:00,32004.6
07/30/21,17:30:00,31911.8
07/30/21,17:45:00,31797.5
07/30/21,18:00:00,31735.1
07/30/21,18:15:00,31647.6
07/30/21,18:30:00,31578.7
07/30/21,18:45:00,31441.8
07/30/21,19:00:00,31270.8
07/30/21,19:15:00,30869.3
07/30/21,19:30:00,30701.7
07/30/21,19:45:00,30412.3
07/30/21,20:00:00,29950.8
07/30/21,20:15:00,29733.9
07/30/21,20:30:00,29589.2
07/30/21,20:45:00,29470.8
07/30/21,21:00:00,29387.4
07/30/21,21:15:00,29277.0
07/30/21,21:30:00,29237.3
07/30/21,21:45:00,29203.9
07/30/21,22:00:00,29149.3
07/30/21,22:15:00,29074.0
07/30/21,22:30:00,29008.0
07/30/21,22:45:00,28924.6
07/30/21,23:00:00,28844.6
07/30/21,23:15:00,28829.9
07/30/21,23:30:00,28812.2
07/30/21,23:45:00,28844.6
07/31/21,00:00:00,28850.5
07/31/21,00:15:00,28877.1
07/31/21,00:30:00,28871.2
07/31/21,00:45:00,28915.7
07/31/21,01:00:00,28945.4
07/31/21,01:15:00,28945.4
07/31/21,01:30:00,29104.1
07/31/21,01:45:00,29960.5
07/31/21,02:00:00,30546.1
07/31/21,02:15:00,30766.4
07/31/21,02:30:00,31094.8
07/31/21,02:45:00,31359.6
07/31/21,03:00:00,31546.2
07/31/21,03:15:00,31636.7
07/31/21,03:30:00,31786.4
07/31/21,03:45:00,31837.9
07/31/21,04:00:00,31863.7
07/31/21,04:15:00,31945.1
07/31/21,04:30:00,32023.3
07/31/21,04:45:00,32177.0
07/31/21,05:00:00,32305.7
07/31/21,05:15:00,32489.3
07/31/21,05:30:00,32516.2
07/31/21,05:45:00,32605.1
07/31/21,06:00:00,32612.9
07/31/21,06:15:00,32562.5
07/31/21,06:30:00,32589.6
07/31/21,06:45:00,32578.0
07/31/21,07:00:00,32589.6
07/31/21,07:15:00,32562.5
07/31/21,07:30:00,32535.5
07/31/21,07:45:00,32454.7
07/31/21,08:00:00,32275.3
07/31/21,08:15:00,32150.6
07/31/21,08:30:00,31989.7
07/31/21,08:45:00,31830.6
07/31/21,09:00:00,31695.0
07/31/21,09:15:00,31611.3
07/31/21,09:30:00,31596.8
07/31/21,09:45:00,31553.4
07/31/21,10:00:00,31520.9
07/31/21,10:15:00,31513.7
07/31/21,10:30:00,31506.5
07/31/21,10:45:00,31456.2
07/31/21,11:00:00,31441.8
07/31/21,11:15:00,31406.0
07/31/21,11:30:00,31359.6
07/31/21,11:45:00,31359.6
07/31/21,12:00:00,31366.8
07/31/21,12:15:00,31320.5
07/31/21,12:30:00,31270.8
07/31/21,12:45:00,31309.8
07/31/21,13:00:00,31302.7
07/31/21,13:15:00,31270.8
07/31/21,13:30:00,31295.6
07/31/21,13:45:00,31246.1
07/31/21,14:00:00,31246.1
07/31/21,14:15:00,31239.0
07/31/21,14:30:00,31277.9
07/31/21,14:45:00,31295.6
07/31/21,15:00:00,31270.8
07/31/21,15:15:00,31327.6
07/31/21,15:30:00,31359.6
07/31/21,15:45:00,31406.0
07/31/21,16:00:00,31391.8
07/31/21,16:15:00,31406.0
07/31/21,16:30:00,31391.8
07/31/21,16:45:00,31391.8
07/31/21,17:00:00,31359.6
07/31/21,17:15:00,31316.9
07/31/21,17:30:00,31295.6
07/31/21,17:45:00,31263.7
07/31/21,18:00:00,31253.1
07/31/21,18:15:00,31189.6
07/31/21,18:30:00,31119.3
07/31/21,18:45:00,30969.5
07/31/21,19:00:00,30883.1
07/31/21,19:15:00,30739.1
07/31/21,19:30:00,30654.1
07/31/21,19:45:00,30515.9
07/31/21,20:00:00,30204.1
07/31/21,20:15:00,29756.1
07/31/21,20:30:00,29589.2
07/31/21,20:45:00,29505.0
07/31/21,21:00:00,29421.3
07/31/21,21:15:00,29365.8
07/31/21,21:30:00,29344.3
07/31/21,21:45:00,29270.8
07/31/21,22:00:00,29252.5
07/31/21,22:15:00,29264.7
07/31/21,22:30:00,29270.8
07/31/21,22:45:00,29252.5
07/31/21,23:00:00,29270.8
07/31/21,23:15:00,29264.7
07/31/21,23:30:00,29209.9
07/31/21,23:45:00,29307.5
08/01/21,00:00:00,29298.3
08/01/21,00:15:00,29292.2
08/01/21,00:30:00,29298.3
08/01/21,00:45:00,29304.5
08/01/21,01:00:00,29286.1
08/01/21,01:15:00,29319.8
08/01/21,01:30:00,29402.8
08/01/21,01:45:00,29498.7
08/01/21,02:00:00,29533.0
08/01/21,02:15:00,30200.9
08/01/21,02:30:00,30814.3
08/01/21,02:45:00,30962.5
08/01/21,03:00:00,30993.8
08/01/21,03:15:00,31039.0
08/01/21,03:30:00,31182.6
08/01/21,03:45:00,31391.8
08/01/21,04:00:00,31578.7
08/01/21,04:15:00,31768.1
08/01/21,04:30:00,31860.0
08/01/21,04:45:00,31904.4
08/01/21,05:00:00,31960.0
08/01/21,05:15:00,31986.0
08/01/21,05:30:00,31986.0
08/01/21,05:45:00,31978.6
08/01/21,06:00:00,31893.3
08/01/21,06:15:00,31878.5
08/01/21,06:30:00,31867.4
08/01/21,06:45:00,31867.4
08/01/21,07:00:00,31874.8
08/01/21,07:15:00,31841.6
08/01/21,07:30:00,31801.1
08/01/21,07:45:00,31826.9
08/01/21,08:00:00,31815.8
08/01/21,08:15:00,31841.6
08/01/21,08:30:00,31885.9
08/01/21,08:45:00,31874.8
08/01/21,09:00:00,31867.4
08/01/21,09:15:00,31841.6
08/01/21,09:30:00,31834.2
08/01/21,09:45:00,31782.8
08/01/21,10:00:00,31687.7
08/01/21,10:15:00,31644.0
08/01/21,10:30:00,31578.7
08/01/21,10:45:00,31495.7
08/01/21,11:00:00,31406.0
08/01/21,11:15:00,31196.6
08/01/21,11:30:00,30828.0
08/01/21,11:45:00,30532.7
08/01/21,12:00:00,30214.0
08/01/21,12:15:00,30168.1
08/01/21,12:30:00,30349.2
08/01/21,12:45:00,30379.0
08/01/21,13:00:00,30306.2
08/01/21,13:15:00,30355.8
08/01/21,13:30:00,30349.2
08/01/21,13:45:00,30335.9
08/01/21,14:00:00,30349.2
08/01/21,14:15:00,30485.7
08/01/21,14:30:00,30382.3
08/01/21,14:45:00,30365.7
08/01/21,15:00:00,30425.6
08/01/21,15:15:00,30522.6
08/01/21,15:30:00,30492.4
08/01/21,15:45:00,30522.6
08/01/21,16:00:00,30539.4
08/01/21,16:15:00,30448.9
08/01/21,16:30:00,30556.2
08/01/21,16:45:00,30600.0
08/01/21,17:00:00,30576.4
08/01/21,17:15:00,30593.3
08/01/21,17:30:00,30339.2
08/01/21,17:45:00,30630.4
08/01/21,18:00:00,30654.1
08/01/21,18:15:00,30630.4
08/01/21,18:30:00,30616.9
08/01/21,18:45:00,30637.2
08/01/21,19:00:00,30630.4
08/01/21,19:15:00,30637.2
08/01/21,19:30:00,30616.9
08/01/21,19:45:00,30610.1
08/01/21,20:00:00,30569.7
08/01/21,20:15:00,30616.9
08/01/21,20:30:00,30637.2
08/01/21,20:45:00,30660.9
08/01/21,21:00:00,30708.5
08/01/21,21:15:00,30735.7
08/01/21,21:30:00,30735.7
08/01/21,21:45:00,30739.1
08/01/21,22:00:00,30773.2
08/01/21,22:15:00,30745.9
08/01/21,22:30:00,30776.7
08/01/21,22:45:00,30797.2
08/01/21,23:00:00,30759.6
08/01/21,23:15:00,30722.1
08/01/21,23:30:00,30776.7
08/01/21,23:45:00,30800.6
08/02/21,00:00:00,30797.2
08/02/21,00:15:00,30783.5
08/02/21,00:30:00,30790.4
08/02/21,00:45:00,30790.4
08/02/21,01:00:00,30807.5
08/02/21,01:15:00,30807.5
08/02/21,01:30:00,30852.1
08/02/21,01:45:00,30907.2
08/02/21,02:00:00,30869.3
08/02/21,02:15:00,30776.7
08/02/21,02:30:00,30579.8
08/02/21,02:45:00,30566.3
08/02/21,03:00:00,30482.4
08/02/21,03:15:00,30495.8
08/02/21,03:30:00,30495.8
08/02/21,03:45:00,30677.9
08/02/21,04:00:00,31231.9
08/02/21,04:15:00,31531.7
08/02/21,04:30:00,31662.2
08/02/21,04:45:00,31801.1
08/02/21,05:00:00,31845.3
08/02/21,05:15:00,31893.3
08/02/21,05:30:00,31919.2
08/02/21,05:45:00,31919.2
08/02/21,06:00:00,31945.1
08/02/21,06:15:00,31967.4
08/02/21,06:30:00,31974.8
08/02/21,06:45:00,31986.0
08/02/21,07:00:00,31952.6
08/02/21,07:15:00,31919.2
08/02/21,07:30:00,31941.4
08/02/21,07:45:00,31915.5
08/02/21,08:00:00,31941.4
08/02/21,08:15:00,31860.0
08/02/21,08:30:00,31915.5
08/02/21,08:45:00,31960.0
08/02/21,09:00:00,31941.4
08/02/21,09:15:00,31885.9
08/02/21,09:30:00,31967.4
08/02/21,09:45:00,31974.8
08/02/21,10:00:00,31941.4
08/02/21,10:15:00,31967.4
08/02/21,10:30:00,31893.3
08/02/21,10:45:00,31874.8
08/02/21,11:00:00,31808.5
08/02/21,11:15:00,31768.1
08/02/21,11:30:00,31716.9
08/02/21,11:45:00,31513.7
08/02/21,12:00:00,31231.9
08/02/21,12:15:00,30763.0
08/02/21,12:30:00,30472.3
08/02/21,12:45:00,30243.5
08/02/21,13:00:00,30089.9
08/02/21,13:15:00,30279.8
08/02/21,13:30:00,30492.4
08/02/21,13:45:00,30536.0
08/02/21,14:00:00,30603.4
08/02/21,14:15:00,30349.2
08/02/21,14:30:00,29752.9
08/02/21,14:45:00,29467.7
08/02/21,15:00:00,29806.9
08/02/21,15:15:00,29934.8
08/02/21,15:30:00,29756.1
08/02/21,15:45:00,29733.9
08/02/21,16:00:00,30070.4
08/02/21,16:15:00,29718.1
08/02/21,16:30:00,30230.4
08/02/21,16:45:00,30495.8
08/02/21,17:00:00,30492.4
08/02/21,17:15:00,30455.6
08/02/21,17:30:00,30210.7
08/02/21,17:45:00,30060.7
08/02/21,18:00:00,29896.3
08/02/21,18:15:00,29918.7
08/02/21,18:30:00,29832.4
08/02/21,18:45:00,29806.9
08/02/21,19:00:00,29832.4
08/02/21,19:15:00,29861.1
08/02/21,19:30:00,29784.6
08/02/21,19:45:00,29629.9
08/02/21,20:00:00,29664.5
08/02/21,20:15:00,29721.3
08/02/21,20:30:00,29791.0
08/02/21,20:45:00,29765.6
08/02/21,21:00:00,29778.3
08/02/21,21:15:00,29857.9
08/02/21,21:30:00,29905.9
08/02/21,21:45:00,29880.3
08/02/21,22:00:00,29864.3
08/02/21,22:15:00,29857.9
08/02/21,22:30:00,29877.1
08/02/21,22:45:00,29778.3
08/02/21,23:00:00,29841.9
08/02/21,23:15:00,29889.9
08/02/21,23:30:00,29791.0
08/02/21,23:45:00,29589.2
08/03/21,00:00:00,29791.0
08/03/21,00:15:00,29841.9
08/03/21,00:30:00,29724.4
08/03/21,00:45:00,29749.7
08/03/21,01:00:00,29699.2
08/03/21,01:15:00,29582.9
08/03/21,01:30:00,29692.8
08/03/21,01:45:00,29561.0
08/03/21,02:00:00,29402.8
08/03/21,02:15:00,29258.6
08/03/21,02:30:00,29119.1
08/03/21,02:45:00,29101.0
08/03/21,03:00:00,29350.5
08/03/21,03:15:00,29452.2
08/03/21,03:30:00,29548.6
08/03/21,03:45:00,29554.8
08/03/21,04:00:00,29495.6
08/03/21,04:15:00,29570.4
08/03/21,04:30:00,29718.1
08/03/21,04:45:00,29902.7
08/03/21,05:00:00,30412.3
08/03/21,05:15:00,30722.1
08/03/21,05:30:00,30745.9
08/03/21,05:45:00,31098.3
08/03/21,06:00:00,31352.5
08/03/21,06:15:00,31596.8
08/03/21,06:30:00,31702.3
08/03/21,06:45:00,31867.4
08/03/21,07:00:00,31945.1
08/03/21,07:15:00,31997.2
08/03/21,07:30:00,32045.7
08/03/21,07:45:00,32038.2
08/03/21,08:00:00,32053.1
08/03/21,08:15:00,32012.1
08/03/21,08:30:00,31960.0
08/03/21,08:45:00,31945.1
08/03/21,09:00:00,31967.4
08/03/21,09:15:00,32027.0
08/03/21,09:30:00,32027.0
08/03/21,09:45:00,32079.3
08/03/21,10:00:00,32079.3
08/03/21,10:15:00,32064.3
08/03/21,10:30:00,32019.5
08/03/21,10:45:00,31934.0
08/03/21,11:00:00,31793.8
08/03/21,11:15:00,31651.3
08/03/21,11:30:00,31506.5
08/03/21,11:45:00,31359.6
08/03/21,12:00:00,31207.2
08/03/21,12:15:00,30979.9
08/03/21,12:30:00,30739.1
08/03/21,12:45:00,30283.1
08/03/21,13:00:00,29889.9
08/03/21,13:15:00,29567.3
08/03/21,13:30:00,29365.8
08/03/21,13:45:00,29225.1
08/03/21,14:00:00,29065.0
08/03/21,14:15:00,28993.1
08/03/21,14:30:00,28933.5
08/03/21,14:45:00,28824.0
08/03/21,15:00:00,28695.0
08/03/21,15:15:00,28779.9
08/03/21,15:30:00,28800.5
08/03/21,15:45:00,28794.6
08/03/21,16:00:00,28753.5
08/03/21,16:15:00,28791.6
08/03/21,16:30:00,28794.6
08/03/21,16:45:00,28762.3
08/03/21,17:00:00,28803.4
08/03/21,17:15:00,28841.7
08/03/21,17:30:00,28812.2
08/03/21,17:45:00,28768.2
08/03/21,18:00:00,28800.5
08/03/21,18:15:00,28818.1
08/03/21,18:30:00,28762.3
08/03/21,18:45:00,28800.5
08/03/21,19:00:00,28824.0
08/03/21,19:15:00,28827.0
08/03/21,19:30:00,28838.7
08/03/21,19:45:00,28838.7
08/03/21,20:00:00,28850.5
08/03/21,20:15:00,28844.6
08/03/21,20:30:00,28865.3
08/03/21,20:45:00,28859.4
08/03/21,21:00:00,28859.4
08/03/21,21:15:00,28880.1
08/03/21,21:30:00,28951.3
08/03/21,21:45:00,28993.1
08/03/21,22:00:00,28984.1
08/03/21,22:15:00,29043.9
08/03/21,22:30:00,29065.0
08/03/21,22:45:00,29104.1
08/03/21,23:00:00,29119.1
08/03/21,23:15:00,29071.0
08/03/21,23:30:00,29098.0
08/03/21,23:45:00,29080.0
08/04/21,00:00:00,29077.0
08/04/21,00:15:00,29080.0
08/04/21,00:30:00,29058.9
08/04/21,00:45:00,29098.0
08/04/21,01:00:00,29185.7
08/04/21,01:15:00,29179.6
08/04/21,01:30:00,29170.5
08/04/21,01:45:00,29170.5
08/04/21,02:00:00,29203.9
08/04/21,02:15:00,29191.7
08/04/21,02:30:00,29231.2
08/04/21,02:45:00,29252.5
08/04/21,03:00:00,29313.7
08/04/21,03:15:00,29449.1
08/04/21,03:30:00,29623.6
08/04/21,03:45:00,29976.6
08/04/21,04:00:00,30489.1
08/04/21,04:15:00,30640.6
08/04/21,04:30:00,30800.6
08/04/21,04:45:00,30941.8
08/04/21,05:00:00,31200.2
08/04/21,05:15:00,31488.5
08/04/21,05:30:00,31571.5
08/04/21,05:45:00,31720.5
08/04/21,06:00:00,31406.0
08/04/21,06:15:00,31786.4
08/04/21,06:30:00,31878.5
08/04/21,06:45:00,32098.1
08/04/21,07:00:00,32131.8
08/04/21,07:15:00,32237.4
08/04/21,07:30:00,32286.7
08/04/21,07:45:00,32332.3
08/04/21,08:00:00,32408.7
08/04/21,08:15:00,32497.0
08/04/21,08:30:00,32550.9
08/04/21,08:45:00,32578.0
08/04/21,09:00:00,32593.5
08/04/21,09:15:00,32655.6
08/04/21,09:30:00,32690.7
08/04/21,09:45:00,32690.7
08/04/21,10:00:00,32725.8
08/04/21,10:15:00,32710.2
08/04/21,10:30:00,32698.5
08/04/21,10:45:00,32655.6
08/04/21,11:00:00,32523.9
08/04/21,11:15:00,32454.7
08/04/21,11:30:00,32366.6
08/04/21,11:45:00,32263.9
08/04/21,12:00:00,32143.1
08/04/21,12:15:00,32083.1
08/04/21,12:30:00,31997.2
08/04/21,12:45:00,31845.3
08/04/21,13:00:00,31738.8
08/04/21,13:15:00,31441.8
08/04/21,13:30:00,30997.2
08/04/21,13:45:00,30701.7
08/04/21,14:00:00,30610.1
08/04/21,14:15:00,30482.4
08/04/21,14:30:00,30177.9
08/04/21,14:45:00,29787.8
08/04/21,15:00:00,29529.9
08/04/21,15:15:00,29329.0
08/04/21,15:30:00,29167.5
08/04/21,15:45:00,29058.9
08/04/21,16:00:00,29038.0
08/04/21,16:15:00,28927.6
08/04/21,16:30:00,28865.3
08/04/21,16:45:00,28877.1
08/04/21,17:00:00,28915.7
08/04/21,17:15:00,28939.4
08/04/21,17:30:00,28963.2
08/04/21,17:45:00,28978.2
08/04/21,18:00:00,28945.4
08/04/21,18:15:00,28990.1
08/04/21,18:30:00,28972.2
08/04/21,18:45:00,28984.1
08/04/21,19:00:00,29005.0
08/04/21,19:15:00,28960.3
08/04/21,19:30:00,28990.1
08/04/21,19:45:00,28999.1
08/04/21,20:00:00,28990.1
08/04/21,20:15:00,28984.1
08/04/21,20:30:00,28972.2
08/04/21,20:45:00,28993.1
08/04/21,21:00:00,28990.1
08/04/21,21:15:00,28960.3
08/04/21,21:30:00,28972.2
08/04/21,21:45:00,28996.1
08/04/21,22:00:00,28978.2
08/04/21,22:15:00,28966.2
08/04/21,22:30:00,29011.0
08/04/21,22:45:00,29026.0
08/04/21,23:00:00,29023.0
08/04/21,23:15:00,28999.1
08/04/21,23:30:00,29005.0
08/04/21,23:45:00,28981.1
08/05/21,00:00:00,28987.1
08/05/21,00:15:00,29011.0
08/05/21,00:30:00,29032.0
08/05/21,00:45:00,28996.1
08/05/21,01:00:00,29032.0
08/05/21,01:15:00,29029.0
08/05/21,01:30:00,29125.2
08/05/21,01:45:00,29140.3
08/05/21,02:00:00,29161.4
08/05/21,02:15:00,29170.5
08/05/21,02:30:00,29191.7
08/05/21,02:45:00,29258.6
08/05/21,03:00:00,29338.2
08/05/21,03:15:00,29548.6
08/05/21,03:30:00,29620.5
08/05/21,03:45:00,29633.1
08/05/21,04:00:00,29604.8
08/05/21,04:15:00,29714.9
08/05/21,04:30:00,29857.9
08/05/21,04:45:00,29973.4
08/05/21,05:00:00,30191.0
08/05/21,05:15:00,30546.1
08/05/21,05:30:00,30821.2
08/05/21,05:45:00,31042.5
08/05/21,06:00:00,31384.6
08/05/21,06:15:00,31622.2
08/05/21,06:30:00,31885.9
08/05/21,06:45:00,31997.2
08/05/21,07:00:00,32131.8
08/05/21,07:15:00,32169.5
08/05/21,07:30:00,32210.9
08/05/21,07:45:00,32339.9
08/05/21,08:00:00,32462.3
08/05/21,08:15:00,32585.8
08/05/21,08:30:00,32578.0
08/05/21,08:45:00,32628.4
08/05/21,09:00:00,32601.2
08/05/21,09:15:00,32682.9
08/05/21,09:30:00,32690.7
08/05/21,09:45:00,32636.2
08/05/21,10:00:00,32675.1
08/05/21,10:15:00,32718.0
08/05/21,10:30:00,32788.4
08/05/21,10:45:00,32753.2
08/05/21,11:00:00,32772.8
08/05/21,11:15:00,32827.7
08/05/21,11:30:00,32871.1
08/05/21,11:45:00,32906.6
08/05/21,12:00:00,32835.6
08/05/21,12:15:00,32808.1
08/05/21,12:30:00,32702.4
08/05/21,12:45:00,32589.6
08/05/21,13:00:00,32500.8
08/05/21,13:15:00,32366.6
08/05/21,13:30:00,32237.4
08/05/21,13:45:00,31856.4
08/05/21,14:00:00,31306.3
08/05/21,14:15:00,30780.1
08/05/21,14:30:00,30355.8
08/05/21,14:45:00,29954.1
08/05/21,15:00:00,29614.2
08/05/21,15:15:00,29325.9
08/05/21,15:30:00,29246.4
08/05/21,15:45:00,29240.4
08/05/21,16:00:00,29246.4
08/05/21,16:15:00,29252.5
08/05/21,16:30:00,29246.4
08/05/21,16:45:00,29213.0
08/05/21,17:00:00,29240.4
08/05/21,17:15:00,29158.4
08/05/21,17:30:00,29137.2
08/05/21,17:45:00,29092.0
08/05/21,18:00:00,29131.2
08/05/21,18:15:00,29046.9
08/05/21,18:30:00,29071.0
08/05/21,18:45:00,28906.8
08/05/21,19:00:00,29104.1
08/05/21,19:15:00,29083.0
08/05/21,19:30:00,29052.9
08/05/21,19:45:00,29052.9
08/05/21,20:00:00,29071.0
08/05/21,20:15:00,29008.0
08/05/21,20:30:00,29071.0
08/05/21,20:45:00,29092.0
08/05/21,21:00:00,29092.0
08/05/21,21:15:00,29058.9
08/05/21,21:30:00,29092.0
08/05/21,21:45:00,29061.9
08/05/21,22:00:00,29068.0
08/05/21,22:15:00,29119.1
08/05/21,22:30:00,29152.4
08/05/21,22:45:00,29134.2
08/05/21,23:00:00,29122.1
08/05/21,23:15:00,29128.2
08/05/21,23:30:00,29128.2
08/05/21,23:45:00,29155.4
08/06/21,00:00:00,29188.7
08/06/21,00:15:00,29467.7
08/06/21,00:30:00,29570.4
08/06/21,00:45:00,29529.9
08/06/21,01:00:00,29586.0
08/06/21,01:15:00,29708.6
08/06/21,01:30:00,29699.2
08/06/21,01:45:00,29705.5
08/06/21,02:00:00,29711.8
08/06/21,02:15:00,29752.9
08/06/21,02:30:00,29810.1
08/06/21,02:45:00,29996.0
08/06/21,03:00:00,30220.5
08/06/21,03:15:00,30593.3
08/06/21,03:30:00,30654.1
08/06/21,03:45:00,30831.5
08/06/21,04:00:00,30986.8
08/06/21,04:15:00,31150.9
08/06/21,04:30:00,31345.4
08/06/21,04:45:00,31571.5
08/06/21,05:00:00,31793.8
08/06/21,05:15:00,31897.0
08/06/21,05:30:00,32049.4
08/06/21,05:45:00,31889.6
08/06/21,06:00:00,31823.2
08/06/21,06:15:00,31665.8
08/06/21,06:30:00,31593.2
08/06/21,06:45:00,31713.2
08/06/21,07:00:00,31856.4
08/06/21,07:15:00,32049.4
08/06/21,07:30:00,32263.9
08/06/21,07:45:00,32275.3
08/06/21,08:00:00,32143.1
08/06/21,08:15:00,32135.6
08/06/21,08:30:00,32109.3
08/06/21,08:45:00,32056.9
08/06/21,09:00:00,32090.6
08/06/21,09:15:00,31937.7
08/06/21,09:30:00,32041.9
08/06/21,09:45:00,32105.6
08/06/21,10:00:00,32124.3
08/06/21,10:15:00,32131.8
08/06/21,10:30:00,32192.1
08/06/21,10:45:00,32165.7
08/06/21,11:00:00,32158.2
08/06/21,11:15:00,32184.5
08/06/21,11:30:00,32260.1
08/06/21,11:45:00,32256.3
08/06/21,12:00:00,32263.9
08/06/21,12:15:00,32282.9
08/06/21,12:30:00,32298.1
08/06/21,12:45:00,32317.1
08/06/21,13:00:00,32305.7
08/06/21,13:15:00,32324.7
08/06/21,13:30:00,32317.1
08/06/21,13:45:00,32317.1
08/06/21,14:00:00,32290.5
08/06/21,14:15:00,32210.9
08/06/21,14:30:00,31974.8
08/06/21,14:45:00,31299.2
08/06/21,15:00:00,30054.2
08/06/21,15:15:00,29387.4
08/06/21,15:30:00,29237.3
08/06/21,15:45:00,29131.2
08/06/21,16:00:00,28990.1
08/06/21,16:15:00,28797.5
08/06/21,16:30:00,28680.5
08/06/21,16:45:00,28660.1
08/06/21,17:00:00,28660.1
08/06/21,17:15:00,28680.5
08/06/21,17:30:00,28700.9
08/06/21,17:45:00,28686.3
08/06/21,18:00:00,28686.3
08/06/21,18:15:00,28695.0
08/06/21,18:30:00,28683.4
08/06/21,18:45:00,28674.6
08/06/21,19:00:00,28706.7
08/06/21,19:15:00,28686.3
08/06/21,19:30:00,28668.8
08/06/21,19:45:00,28668.8
08/06/21,20:00:00,28683.4
08/06/21,20:15:00,28706.7
08/06/21,20:30:00,28695.0
08/06/21,20:45:00,28689.2
08/06/21,21:00:00,28686.3
08/06/21,21:15:00,28695.0
08/06/21,21:30:00,28665.9
08/06/21,21:45:00,28689.2
08/06/21,22:00:00,28709.6
08/06/21,22:15:00,28733.0
08/06/21,22:30:00,28727.2
08/06/21,22:45:00,28721.3
08/06/21,23:00:00,28747.6
08/06/21,23:15:00,28785.8
08/06/21,23:30:00,28812.2
08/06/21,23:45:00,28859.4
08/07/21,00:00:00,28903.8
08/07/21,00:15:00,28948.4
08/07/21,00:30:00,28897.9
08/07/21,00:45:00,28897.9
08/07/21,01:00:00,28897.9
08/07/21,01:15:00,28874.2
08/07/21,01:30:00,28880.1
08/07/21,01:45:00,28886.0
08/07/21,02:00:00,28900.8
08/07/21,02:15:00,28889.0
08/07/21,02:30:00,28912.7
08/07/21,02:45:00,28918.6
08/07/21,03:00:00,28912.7
08/07/21,03:15:00,28918.6
08/07/21,03:30:00,28906.8
08/07/21,03:45:00,28918.6
08/07/21,04:00:00,28921.6
08/07/21,04:15:00,28927.6
08/07/21,04:30:00,28945.4
08/07/21,04:45:00,28933.5
08/07/21,05:00:00,28957.3
08/07/21,05:15:00,29464.6
08/07/21,05:30:00,29714.9
08/07/21,05:45:00,29800.5
08/07/21,06:00:00,29921.9
08/07/21,06:15:00,30057.4
08/07/21,06:30:00,30132.2
08/07/21,06:45:00,30316.1
08/07/21,07:00:00,30766.4
08/07/21,07:15:00,31112.3
08/07/21,07:30:00,31488.5
08/07/21,07:45:00,31607.7
08/07/21,08:00:00,31622.2
08/07/21,08:15:00,31274.4
08/07/21,08:30:00,31066.9
08/07/21,08:45:00,31091.3
08/07/21,09:00:00,31338.3
08/07/21,09:15:00,31352.5
08/07/21,09:30:00,31320.5
08/07/21,09:45:00,31467.0
08/07/21,10:00:00,31402.5
08/07/21,10:15:00,31295.6
08/07/21,10:30:00,31334.7
08/07/21,10:45:00,31327.6
08/07/21,11:00:00,31341.8
08/07/21,11:15:00,31320.5
08/07/21,11:30:00,31295.6
08/07/21,11:45:00,31136.9
08/07/21,12:00:00,31270.8
08/07/21,12:15:00,31277.9
08/07/21,12:30:00,31277.9
08/07/21,12:45:00,31239.0
08/07/21,13:00:00,31231.9
08/07/21,13:15:00,31256.7
08/07/21,13:30:00,31231.9
08/07/21,13:45:00,31119.3
08/07/21,14:00:00,31091.3
08/07/21,14:15:00,30941.8
08/07/21,14:30:00,30900.3
08/07/21,14:45:00,30993.8
08/07/21,15:00:00,30907.2
08/07/21,15:15:00,30395.6
08/07/21,15:30:00,29561.0
08/07/21,15:45:00,28850.5
08/07/21,16:00:00,28535.7
08/07/21,16:15:00,28452.5
08/07/21,16:30:00,28415.4
08/07/21,16:45:00,28321.7
08/07/21,17:00:00,28217.5
08/07/21,17:15:00,28050.4
08/07/21,17:30:00,28000.7
08/07/21,17:45:00,27976.0
08/07/21,18:00:00,27948.5
08/07/21,18:15:00,27989.7
08/07/21,18:30:00,27954.0
08/07/21,18:45:00,27943.0
08/07/21,19:00:00,27970.5
08/07/21,19:15:00,27965.0
08/07/21,19:30:00,27948.5
08/07/21,19:45:00,27959.5
08/07/21,20:00:00,27948.5
08/07/21,20:15:00,27995.2
08/07/21,20:30:00,27948.5
08/07/21,20:45:00,27929.4
08/07/21,21:00:00,27940.3
08/07/21,21:15:00,27934.8
08/07/21,21:30:00,27940.3
08/07/21,21:45:00,27965.0
08/07/21,22:00:00,27995.2
08/07/21,22:15:00,27989.7
08/07/21,22:30:00,28009.0
08/07/21,22:45:00,28036.6
08/07/21,23:00:00,28050.4
08/07/21,23:15:00,28075.3
08/07/21,23:30:00,28147.6
08/07/21,23:45:00,28130.9
08/08/21,00:00:00,28136.5
08/08/21,00:15:00,28130.9
08/08/21,00:30:00,28119.8
08/08/21,00:45:00,28130.9
08/08/21,01:00:00,28156.0
08/08/21,01:15:00,28161.6
08/08/21,01:30:00,28175.5
08/08/21,01:45:00,28169.9
08/08/21,02:00:00,28181.1
08/08/21,02:15:00,28164.3
08/08/21,02:30:00,28175.5
08/08/21,02:45:00,28200.7
08/08/21,03:00:00,28181.1
08/08/21,03:15:00,28197.9
08/08/21,03:30:00,28195.1
08/08/21,03:45:00,28172.7
08/08/21,04:00:00,28195.1
08/08/21,04:15:00,28206.3
08/08/21,04:30:00,28206.3
08/08/21,04:45:00,28206.3
08/08/21,05:00:00,28225.9
08/08/21,05:15:00,28220.3
08/08/21,05:30:00,28225.9
08/08/21,05:45:00,28217.5
08/08/21,06:00:00,28256.8
08/08/21,06:15:00,28262.5
08/08/21,06:30:00,28596.3
08/08/21,06:45:00,29046.9
08/08/21,07:00:00,29295.3
08/08/21,07:15:00,29536.1
08/08/21,07:30:00,29740.2
08/08/21,07:45:00,29970.2
08/08/21,08:00:00,30073.6
08/08/21,08:15:00,30168.1
08/08/21,08:30:00,30210.7
08/08/21,08:45:00,30223.8
08/08/21,09:00:00,30233.7
08/08/21,09:15:00,30286.3
08/08/21,09:30:00,30345.9
08/08/21,09:45:00,30365.7
08/08/21,10:00:00,30345.9
08/08/21,10:15:00,30425.6
08/08/21,10:30:00,30418.9
08/08/21,10:45:00,30425.6
08/08/21,11:00:00,30462.3
08/08/21,11:15:00,30462.3
08/08/21,11:30:00,30425.6
08/08/21,11:45:00,30492.4
08/08/21,12:00:00,30529.3
08/08/21,12:15:00,30606.8
08/08/21,12:30:00,30698.3
08/08/21,12:45:00,30759.6
08/08/21,13:00:00,30814.3
08/08/21,13:15:00,30869.3
08/08/21,13:30:00,30931.4
08/08/21,13:45:00,30893.4
08/08/21,14:00:00,30869.3
08/08/21,14:15:00,30831.5
08/08/21,14:30:00,30862.4
08/08/21,14:45:00,30776.7
08/08/21,15:00:00,30701.7
08/08/21,15:15:00,30593.3
08/08/21,15:30:00,30472.3
08/08/21,15:45:00,30191.0
08/08/21,16:00:00,29347.4
08/08/21,16:15:00,28892.0
08/08/21,16:30:00,28636.9
08/08/21,16:45:00,28350.0
08/08/21,17:00:00,28150.4
08/08/21,17:15:00,28136.5
08/08/21,17:30:00,28117.0
08/08/21,17:45:00,28125.3
08/08/21,18:00:00,27831.2
08/08/21,18:15:00,28086.4
08/08/21,18:30:00,28078.1
08/08/21,18:45:00,28061.5
08/08/21,19:00:00,28047.7
08/08/21,19:15:00,28022.8
08/08/21,19:30:00,27956.8
08/08/21,19:45:00,27915.7
08/08/21,20:00:00,27874.7
08/08/21,20:15:00,27850.2
08/08/21,20:30:00,27728.5
08/08/21,20:45:00,27712.3
08/08/21,21:00:00,27760.8
08/08/21,21:15:00,27733.9
08/08/21,21:30:00,27720.4
08/08/21,21:45:00,27771.6
08/08/21,22:00:00,27733.9
08/08/21,22:15:00,27750.0
08/08/21,22:30:00,27739.2
08/08/21,22:45:00,27760.8
08/08/21,23:00:00,27763.5
08/08/21,23:15:00,27774.3
08/08/21,23:30:00,27798.7
08/08/21,23:45:00,27787.8
08/09/21,00:00:00,27774.3
08/09/21,00:15:00,27793.2
08/09/21,00:30:00,27787.8
08/09/21,00:45:00,27793.2
08/09/21,01:00:00,27787.8
08/09/21,01:15:00,27806.8
08/09/21,01:30:00,27752.7
08/09/21,01:45:00,27825.8
08/09/21,02:00:00,27855.7
08/09/21,02:15:00,27967.7
08/09/21,02:30:00,28003.5
08/09/21,02:45:00,27987.0
08/09/21,03:00:00,27976.0
08/09/21,03:15:00,27934.8
08/09/21,03:30:00,27932.1
08/09/21,03:45:00,27915.7
08/09/21,04:00:00,27915.7
08/09/21,04:15:00,27934.8
08/09/21,04:30:00,27956.8
08/09/21,04:45:00,27976.0
08/09/21,05:00:00,28006.3
08/09/21,05:15:00,28000.7
08/09/21,05:30:00,27995.2
08/09/21,05:45:00,27989.7
08/09/21,06:00:00,27987.0
08/09/21,06:15:00,27995.2
08/09/21,06:30:00,28000.7
08/09/21,06:45:00,28031.1
08/09/21,07:00:00,28103.1
08/09/21,07:15:00,28634.0
08/09/21,07:30:00,29058.9
08/09/21,07:45:00,29182.6
08/09/21,08:00:00,29310.6
08/09/21,08:15:00,29415.1
08/09/21,08:30:00,29570.4
08/09/21,08:45:00,29683.4
08/09/21,09:00:00,29737.1
08/09/21,09:15:00,29721.3
08/09/21,09:30:00,29829.2
08/09/21,09:45:00,29963.7
08/09/21,10:00:00,30086.6
08/09/21,10:15:00,30145.3
08/09/21,10:30:00,30220.5
08/09/21,10:45:00,30269.9
08/09/21,11:00:00,30214.0
08/09/21,11:15:00,30286.3
08/09/21,11:30:00,30418.9
08/09/21,11:45:00,30502.5
08/09/21,12:00:00,30562.9
08/09/21,12:15:00,30677.9
08/09/21,12:30:00,30786.9
08/09/21,12:45:00,30872.7
08/09/21,13:00:00,31025.1
08/09/21,13:15:00,31011.1
08/09/21,13:30:00,31193.1
08/09/21,13:45:00,31172.0
08/09/21,14:00:00,31186.1
08/09/21,14:15:00,31147.4
08/09/21,14:30:00,30525.9
08/09/21,14:45:00,31004.2
08/09/21,15:00:00,31021.6
08/09/21,15:15:00,30983.3
08/09/21,15:30:00,30865.9
08/09/21,15:45:00,30664.3
08/09/21,16:00:00,30465.7
08/09/21,16:15:00,30187.8
08/09/21,16:30:00,29405.9
08/09/21,16:45:00,29071.0
08/09/21,17:00:00,28912.7
08/09/21,17:15:00,28832.8
08/09/21,17:30:00,28665.9
08/09/21,17:45:00,28654.3
08/09/21,18:00:00,28509.8
08/09/21,18:15:00,28375.6
08/09/21,18:30:00,28256.8
08/09/21,18:45:00,28158.8
08/09/21,19:00:00,28064.3
08/09/21,19:15:00,28039.4
08/09/21,19:30:00,28033.8
08/09/21,19:45:00,28000.7
08/09/21,20:00:00,28028.3
08/09/21,20:15:00,27981.5
08/09/21,20:30:00,27998.0
08/09/21,20:45:00,27937.6
08/09/21,21:00:00,27872.0
08/09/21,21:15:00,27831.2
08/09/21,21:30:00,27866.6
08/09/21,21:45:00,27855.7
08/09/21,22:00:00,27847.5
08/09/21,22:15:00,27847.5
08/09/21,22:30:00,27847.5
08/09/21,22:45:00,27861.1
08/09/21,23:00:00,27874.7
08/09/21,23:15:00,27874.7
08/09/21,23:30:00,27869.3
08/09/21,23:45:00,27896.5
08/10/21,00:00:00,27910.2
08/10/21,00:15:00,27910.2
08/10/21,00:30:00,27904.7
08/10/21,00:45:00,27912.9
08/10/21,01:00:00,27934.8
08/10/21,01:15:00,27912.9
08/10/21,01:30:00,27940.3
08/10/21,01:45:00,27945.8
08/10/21,02:00:00,27954.0
08/10/21,02:15:00,27976.0
08/10/21,02:30:00,27954.0
08/10/21,02:45:00,27976.0
08/10/21,03:00:00,27948.5
08/10/21,03:15:00,27978.7
08/10/21,03:30:00,27973.2
08/10/21,03:45:00,27987.0
08/10/21,04:00:00,28022.8
08/10/21,04:15:00,28028.3
08/10/21,04:30:00,28017.3
08/10/21,04:45:00,28011.8
08/10/21,05:00:00,28017.3
08/10/21,05:15:00,28017.3
08/10/21,05:30:00,28036.6
08/10/21,05:45:00,28047.7
08/10/21,06:00:00,28067.0
08/10/21,06:15:00,28058.7
08/10/21,06:30:00,28061.5
08/10/21,06:45:00,28061.5
08/10/21,07:00:00,28078.1
08/10/21,07:15:00,28072.6
08/10/21,07:30:00,28094.8
08/10/21,07:45:00,28136.5
08/10/21,08:00:00,28421.1
08/10/21,08:15:00,28703.8
08/10/21,08:30:00,28827.0
08/10/21,08:45:00,28921.6
08/10/21,09:00:00,29065.0
08/10/21,09:15:00,29206.9
08/10/21,09:30:00,29350.5
08/10/21,09:45:00,29523.6
08/10/21,10:00:00,29692.8
08/10/21,10:15:00,29861.1
08/10/21,10:30:00,30008.9
08/10/21,10:45:00,30181.2
08/10/21,11:00:00,30279.8
08/10/21,11:15:00,30389.0
08/10/21,11:30:00,30452.3
08/10/21,11:45:00,30489.1
08/10/21,12:00:00,30489.1
08/10/21,12:15:00,30562.9
08/10/21,12:30:00,30596.6
08/10/21,12:45:00,30677.9
08/10/21,13:00:00,30769.8
08/10/21,13:15:00,30869.3
08/10/21,13:30:00,30903.8
08/10/21,13:45:00,30966.0
08/10/21,14:00:00,31052.9
08/10/21,14:15:00,31101.8
08/10/21,14:30:00,31147.4
08/10/21,14:45:00,31147.4
08/10/21,15:00:00,31140.4
08/10/21,15:15:00,31147.4
08/10/21,15:30:00,30879.6
08/10/21,15:45:00,31042.5
08/10/21,16:00:00,30917.6
08/10/21,16:15:00,30640.6
08/10/21,16:30:00,30369.1
08/10/21,16:45:00,30122.4
08/10/21,17:00:00,29645.6
08/10/21,17:15:00,28951.3
08/10/21,17:30:00,28700.9
08/10/21,17:45:00,28599.2
08/10/21,18:00:00,28335.9
08/10/21,18:15:00,28228.7
08/10/21,18:30:00,28178.3
08/10/21,18:45:00,28130.9
08/10/21,19:00:00,28075.3
08/10/21,19:15:00,28050.4
08/10/21,19:30:00,27984.2
08/10/21,19:45:00,27956.8
08/10/21,20:00:00,27912.9
08/10/21,20:15:00,27882.9
08/10/21,20:30:00,27893.8
08/10/21,20:45:00,27888.4
08/10/21,21:00:00,27823.1
08/10/21,21:15:00,27774.3
08/10/21,21:30:00,27739.2
08/10/21,21:45:00,27744.6
08/10/21,22:00:00,27728.5
08/10/21,22:15:00,27728.5
08/10/21,22:30:00,27704.3
08/10/21,22:45:00,27709.6
08/10/21,23:00:00,27728.5
08/10/21,23:15:00,27723.1
08/10/21,23:30:00,27758.1
08/10/21,23:45:00,27787.8
08/11/21,00:00:00,27817.6
08/11/21,00:15:00,27823.1
08/11/21,00:30:00,27831.2
08/11/21,00:45:00,27891.1
08/11/21,01:00:00,28014.5
08/11/21,01:15:00,28105.9
08/11/21,01:30:00,28083.7
08/11/21,01:45:00,28086.4
08/11/21,02:00:00,28050.4
08/11/21,02:15:00,28009.0
08/11/21,02:30:00,27973.2
08/11/21,02:45:00,27943.0
08/11/21,03:00:00,27967.7
08/11/21,03:15:00,27937.6
08/11/21,03:30:00,27921.1
08/11/21,03:45:00,27926.6
08/11/21,04:00:00,27926.6
08/11/21,04:15:00,27888.4
08/11/21,04:30:00,27978.7
08/11/21,04:45:00,28136.5
08/11/21,05:00:00,28111.4
08/11/21,05:15:00,28053.2
08/11/21,05:30:00,28039.4
08/11/21,05:45:00,28006.3
08/11/21,06:00:00,28028.3
08/11/21,06:15:00,28028.3
08/11/21,06:30:00,28014.5
08/11/21,06:45:00,28014.5
08/11/21,07:00:00,28053.2
08/11/21,07:15:00,28020.0
08/11/21,07:30:00,28014.5
08/11/21,07:45:00,28033.8
08/11/21,08:00:00,28050.4
08/11/21,08:15:00,28039.4
08/11/21,08:30:00,28083.7
08/11/21,08:45:00,28083.7
08/11/21,09:00:00,28231.5
08/11/21,09:15:00,28564.5
08/11/21,09:30:00,28883.1
08/11/21,09:45:00,29008.0
08/11/21,10:00:00,29140.3
08/11/21,10:15:00,29164.5
08/11/21,10:30:00,29209.9
08/11/21,10:45:00,29399.7
08/11/21,11:00:00,29623.6
08/11/21,11:15:00,29743.4
08/11/21,11:30:00,29835.6
08/11/21,11:45:00,29979.8
08/11/21,12:00:00,30161.6
08/11/21,12:15:00,30302.9
08/11/21,12:30:00,30415.6
08/11/21,12:45:00,30422.3
08/11/21,13:00:00,30469.0
08/11/21,13:15:00,30475.7
08/11/21,13:30:00,30566.3
08/11/21,13:45:00,30603.4
08/11/21,14:00:00,30664.3
08/11/21,14:15:00,30657.5
08/11/21,14:30:00,30711.9
08/11/21,14:45:00,30769.8
08/11/21,15:00:00,30749.3
08/11/21,15:15:00,30810.9
08/11/21,15:30:00,30983.3
08/11/21,15:45:00,30886.5
08/11/21,16:00:00,30705.1
08/11/21,16:15:00,30499.1
08/11/21,16:30:00,30408.9
08/11/21,16:45:00,30177.9
08/11/21,17:00:00,29973.4
08/11/21,17:15:00,29778.3
08/11/21,17:30:00,29489.4
08/11/21,17:45:00,29179.6
08/11/21,18:00:00,28648.5
08/11/21,18:15:00,28429.7
08/11/21,18:30:00,28296.3
08/11/21,18:45:00,28150.4
08/11/21,19:00:00,27948.5
08/11/21,19:15:00,27850.2
08/11/21,19:30:00,27774.3
08/11/21,19:45:00,27728.5
08/11/21,20:00:00,27723.1
08/11/21,20:15:00,27763.5
08/11/21,20:30:00,27804.1
08/11/21,20:45:00,27801.4
08/11/21,21:00:00,27796.0
08/11/21,21:15:00,27790.5
08/11/21,21:30:00,27674.8
08/11/21,21:45:00,27771.6
08/11/21,22:00:00,27766.2
08/11/21,22:15:00,27766.2
08/11/21,22:30:00,27768.9
08/11/21,22:45:00,27771.6
08/11/21,23:00:00,27763.5
08/11/21,23:15:00,27804.1
08/11/21,23:30:00,27731.2
08/11/21,23:45:00,27861.1
08/12/21,00:00:00,27932.1
08/12/21,00:15:00,27981.5
08/12/21,00:30:00,28050.4
08/12/21,00:45:00,28147.6
08/12/21,01:00:00,28293.5
08/12/21,01:15:00,28324.5
08/12/21,01:30:00,28429.7
08/12/21,01:45:00,28532.8
08/12/21,02:00:00,28561.6
08/12/21,02:15:00,28498.3
08/12/21,02:30:00,28435.4
08/12/21,02:45:00,28389.8
08/12/21,03:00:00,28262.5
08/12/21,03:15:00,28350.0
08/12/21,03:30:00,28429.7
08/12/21,03:45:00,28350.0
08/12/21,04:00:00,28386.9
08/12/21,04:15:00,28378.4
08/12/21,04:30:00,28398.3
08/12/21,04:45:00,28421.1
08/12/21,05:00:00,28364.2
08/12/21,05:15:00,28299.1
08/12/21,05:30:00,28276.5
08/12/21,05:45:00,28237.2
08/12/21,06:00:00,28231.5
08/12/21,06:15:00,28220.3
08/12/21,06:30:00,28206.3
08/12/21,06:45:00,28217.5
08/12/21,07:00:00,28086.4
08/12/21,07:15:00,28214.7
08/12/21,07:30:00,28223.1
08/12/21,07:45:00,28245.6
08/12/21,08:00:00,28237.2
08/12/21,08:15:00,28237.2
08/12/21,08:30:00,28242.8
08/12/21,08:45:00,28237.2
08/12/21,09:00:00,28256.8
08/12/21,09:15:00,28245.6
08/12/21,09:30:00,28172.7
08/12/21,09:45:00,28299.1
08/12/21,10:00:00,28318.9
08/12/21,10:15:00,28369.9
08/12/21,10:30:00,28406.9
08/12/21,10:45:00,28469.7
08/12/21,11:00:00,28550.1
08/12/21,11:15:00,28671.7
08/12/21,11:30:00,28765.2
08/12/21,11:45:00,28906.8
08/12/21,12:00:00,29035.0
08/12/21,12:15:00,29173.5
08/12/21,12:30:00,29316.7
08/12/21,12:45:00,29427.5
08/12/21,13:00:00,29557.9
08/12/21,13:15:00,29629.9
08/12/21,13:30:00,29762.4
08/12/21,13:45:00,29864.3
08/12/21,14:00:00,29928.3
08/12/21,14:15:00,29963.7
08/12/21,14:30:00,29960.5
08/12/21,14:45:00,29950.8
08/12/21,15:00:00,30050.9
08/12/21,15:15:00,29950.8
08/12/21,15:30:00,29810.1
08/12/21,15:45:00,29848.3
08/12/21,16:00:00,29733.9
08/12/21,16:15:00,29718.1
08/12/21,16:30:00,29636.2
08/12/21,16:45:00,29545.4
08/12/21,17:00:00,29498.7
08/12/21,17:15:00,29399.7
08/12/21,17:30:00,29095.0
08/12/21,17:45:00,29128.2
08/12/21,18:00:00,28800.5
08/12/21,18:15:00,28631.1
08/12/21,18:30:00,28418.3
08/12/21,18:45:00,28409.7
08/12/21,19:00:00,28452.5
08/12/21,19:15:00,28461.1
08/12/21,19:30:00,28478.3
08/12/21,19:45:00,28541.5
08/12/21,20:00:00,28573.2
08/12/21,20:15:00,28602.1
08/12/21,20:30:00,28553.0
08/12/21,20:45:00,28561.6
08/12/21,21:00:00,28535.7
08/12/21,21:15:00,28429.7
08/12/21,21:30:00,28492.6
08/12/21,21:45:00,28466.8
08/12/21,22:00:00,28504.1
08/12/21,22:15:00,28455.4
08/12/21,22:30:00,28466.8
08/12/21,22:45:00,28472.5
08/12/21,23:00:00,28461.1
08/12/21,23:15:00,28461.1
08/12/21,23:30:00,28424.0
08/12/21,23:45:00,28355.7
08/13/21,00:00:00,28424.0
08/13/21,00:15:00,28481.1
08/13/21,00:30:00,28464.0
08/13/21,00:45:00,28532.8
08/13/21,01:00:00,28844.6
08/13/21,01:15:00,29170.5
08/13/21,01:30:00,29267.8
08/13/21,01:45:00,29280.0
08/13/21,02:00:00,29206.9
08/13/21,02:15:00,29158.4
08/13/21,02:30:00,29213.0
08/13/21,02:45:00,29329.0
08/13/21,03:00:00,29390.5
08/13/21,03:15:00,29418.2
08/13/21,03:30:00,29446.0
08/13/21,03:45:00,29480.1
08/13/21,04:00:00,29470.8
08/13/21,04:15:00,29430.6
08/13/21,04:30:00,29418.2
08/13/21,04:45:00,29378.1
08/13/21,05:00:00,29405.9
08/13/21,05:15:00,29310.6
08/13/21,05:30:00,29149.3
08/13/21,05:45:00,29026.0
08/13/21,06:00:00,29046.9
08/13/21,06:15:00,29032.0
08/13/21,06:30:00,28981.1
08/13/21,06:45:00,28906.8
08/13/21,07:00:00,28865.3
08/13/21,07:15:00,28856.5
08/13/21,07:30:00,28812.2
08/13/21,07:45:00,28862.4
08/13/21,08:00:00,28862.4
08/13/21,08:15:00,28741.8
08/13/21,08:30:00,28927.6
08/13/21,08:45:00,28909.7
08/13/21,09:00:00,28889.0
08/13/21,09:15:00,28933.5
08/13/21,09:30:00,28978.2
08/13/21,09:45:00,28978.2
08/13/21,10:00:00,28957.3
08/13/21,10:15:00,28939.4
08/13/21,10:30:00,28978.2
08/13/21,10:45:00,28966.2
08/13/21,11:00:00,28996.1
08/13/21,11:15:00,29029.0
08/13/21,11:30:00,29002.0
08/13/21,11:45:00,28999.1
08/13/21,12:00:00,29040.9
08/13/21,12:15:00,29258.6
08/13/21,12:30:00,29442.9
08/13/21,12:45:00,29548.6
08/13/21,13:00:00,29673.9
08/13/21,13:15:00,29822.8
08/13/21,13:30:00,29944.4
08/13/21,13:45:00,30089.9
08/13/21,14:00:00,30155.1
08/13/21,14:15:00,30237.0
08/13/21,14:30:00,30253.4
08/13/21,14:45:00,30128.9
08/13/21,15:00:00,30319.4
08/13/21,15:15:00,30296.2
08/13/21,15:30:00,30306.2
08/13/21,15:45:00,30428.9
08/13/21,16:00:00,30392.3
08/13/21,16:15:00,30302.9
08/13/21,16:30:00,30155.1
08/13/21,16:45:00,29979.8
08/13/21,17:00:00,29845.1
08/13/21,17:15:00,29601.7
08/13/21,17:30:00,29604.8
08/13/21,17:45:00,29486.3
08/13/21,18:00:00,29322.8
08/13/21,18:15:00,29173.5
08/13/21,18:30:00,29046.9
08/13/21,18:45:00,28894.9
08/13/21,19:00:00,28698.0
08/13/21,19:15:00,28584.7
08/13/21,19:30:00,28478.3
08/13/21,19:45:00,28327.4
08/13/21,20:00:00,28192.3
08/13/21,20:15:00,28122.5
08/13/21,20:30:00,28039.4
08/13/21,20:45:00,27954.0
08/13/21,21:00:00,28304.8
08/13/21,21:15:00,28429.7
08/13/21,21:30:00,28392.6
08/13/21,21:45:00,28392.6
08/13/21,22:00:00,28338.7
08/13/21,22:15:00,28240.0
08/13/21,22:30:00,28245.6
08/13/21,22:45:00,27954.0
08/13/21,23:00:00,28256.8
08/13/21,23:15:00,28375.6
08/13/21,23:30:00,28167.1
08/13/21,23:45:00,28122.5
08/14/21,00:00:00,28270.9
08/14/21,00:15:00,28521.3
08/14/21,00:30:00,28686.3
08/14/21,00:45:00,28966.2
08/14/21,01:00:00,29240.4
08/14/21,01:15:00,29365.8
08/14/21,01:30:00,29467.7
08/14/21,01:45:00,29576.7
08/14/21,02:00:00,29683.4
08/14/21,02:15:00,29803.7
08/14/21,02:30:00,29902.7
08/14/21,02:45:00,30031.5
08/14/21,03:00:00,30184.5
08/14/21,03:15:00,30312.8
08/14/21,03:30:00,30408.9
08/14/21,03:45:00,30455.6
08/14/21,04:00:00,30499.1
08/14/21,04:15:00,30499.1
08/14/21,04:30:00,30485.7
08/14/21,04:45:00,30485.7
08/14/21,05:00:00,30492.4
08/14/21,05:15:00,30438.9
08/14/21,05:30:00,30389.0
08/14/21,05:45:00,30408.9
08/14/21,06:00:00,30432.3
08/14/21,06:15:00,30352.5
08/14/21,06:30:00,30008.9
08/14/21,06:45:00,30214.0
08/14/21,07:00:00,30076.9
08/14/21,07:15:00,30025.0
08/14/21,07:30:00,29989.5
08/14/21,07:45:00,29931.6
08/14/21,08:00:00,29918.7
08/14/21,08:15:00,29873.9
08/14/21,08:30:00,29762.4
08/14/21,08:45:00,29816.4
08/14/21,09:00:00,29797.3
08/14/21,09:15:00,29737.1
08/14/21,09:30:00,29683.4
08/14/21,09:45:00,29683.4
08/14/21,10:00:00,29677.1
08/14/21,10:15:00,29711.8
08/14/21,10:30:00,29683.4
08/14/21,10:45:00,29724.4
08/14/21,11:00:00,29743.4
08/14/21,11:15:00,29724.4
08/14/21,11:30:00,29711.8
08/14/21,11:45:00,29730.7
08/14/21,12:00:00,29759.2
08/14/21,12:15:00,29737.1
08/14/21,12:30:00,29724.4
08/14/21,12:45:00,29746.6
08/14/21,13:00:00,29775.1
08/14/21,13:15:00,29838.7
08/14/21,13:30:00,29902.7
08/14/21,13:45:00,29938.0
08/14/21,14:00:00,29989.5
08/14/21,14:15:00,30008.9
08/14/21,14:30:00,30025.0
08/14/21,14:45:00,30054.2
08/14/21,15:00:00,30067.2
08/14/21,15:15:00,30089.9
08/14/21,15:30:00,30112.7
08/14/21,15:45:00,30096.4
08/14/21,16:00:00,30073.6
08/14/21,16:15:00,30044.5
08/14/21,16:30:00,30015.3
08/14/21,16:45:00,30171.4
08/14/21,17:00:00,30260.0
08/14/21,17:15:00,30181.2
08/14/21,17:30:00,30135.5
08/14/21,17:45:00,30128.9
08/14/21,18:00:00,29918.7
08/14/21,18:15:00,29954.1
08/14/21,18:30:00,29861.1
08/14/21,18:45:00,29727.6
08/14/21,19:00:00,29523.6
08/14/21,19:15:00,29359.7
08/14/21,19:30:00,29170.5
08/14/21,19:45:00,29011.0
08/14/21,20:00:00,28903.8
08/14/21,20:15:00,28806.3
08/14/21,20:30:00,28818.1
08/14/21,20:45:00,28619.5
08/14/21,21:00:00,28599.2
08/14/21,21:15:00,28605.0
08/14/21,21:30:00,28573.2
08/14/21,21:45:00,28518.4
08/14/21,22:00:00,28472.5
08/14/21,22:15:00,28553.0
08/14/21,22:30:00,28509.8
08/14/21,22:45:00,28498.3
08/14/21,23:00:00,28446.8
08/14/21,23:15:00,28404.0
08/14/21,23:30:00,28392.6
08/14/21,23:45:00,28446.8
08/15/21,00:00:00,28484.0
08/15/21,00:15:00,28518.4
08/15/21,00:30:00,28668.8
08/15/21,00:45:00,28853.5
08/15/21,01:00:00,29143.3
08/15/21,01:15:00,29511.2
08/15/21,01:30:00,29762.4
08/15/21,01:45:00,29781.5
08/15/21,02:00:00,29905.9
08/15/21,02:15:00,30135.5
08/15/21,02:30:00,30194.3
08/15/21,02:45:00,30352.5
08/15/21,03:00:00,30502.5
08/15/21,03:15:00,30552.8
08/15/21,03:30:00,30525.9
08/15/21,03:45:00,30593.3
08/15/21,04:00:00,30630.4
08/15/21,04:15:00,30654.1
08/15/21,04:30:00,30677.9
08/15/21,04:45:00,30660.9
08/15/21,05:00:00,30671.1
08/15/21,05:15:00,30671.1
08/15/21,05:30:00,30684.7
08/15/21,05:45:00,30671.1
08/15/21,06:00:00,30684.7
08/15/21,06:15:00,30610.1
08/15/21,06:30:00,30569.7
08/15/21,06:45:00,30525.9
08/15/21,07:00:00,30539.4
08/15/21,07:15:00,30509.2
08/15/21,07:30:00,30479.0
08/15/21,07:45:00,30448.9
08/15/21,08:00:00,30418.9
08/15/21,08:15:00,30339.2
08/15/21,08:30:00,30279.8
08/15/21,08:45:00,30246.8
08/15/21,09:00:00,30184.5
08/15/21,09:15:00,30132.2
08/15/21,09:30:00,30044.5
08/15/21,09:45:00,29963.7
08/15/21,10:00:00,29912.3
08/15/21,10:15:00,29886.7
08/15/21,10:30:00,29835.6
08/15/21,10:45:00,29800.5
08/15/21,11:00:00,29645.6
08/15/21,11:15:00,29381.2
08/15/21,11:30:00,29131.2
08/15/21,11:45:00,29023.0
08/15/21,12:00:00,28915.7
08/15/21,12:15:00,28515.6
08/15/21,12:30:00,28521.3
08/15/21,12:45:00,28484.0
08/15/21,13:00:00,28455.4
08/15/21,13:15:00,28401.2
08/15/21,13:30:00,28282.2
08/15/21,13:45:00,28381.3
08/15/21,14:00:00,28449.7
08/15/21,14:15:00,28449.7
08/15/21,14:30:00,28424.0
08/15/21,14:45:00,28461.1
08/15/21,15:00:00,28481.1
08/15/21,15:15:00,28406.9
08/15/21,15:30:00,28478.3
08/15/21,15:45:00,28421.1
08/15/21,16:00:00,28418.3
08/15/21,16:15:00,28406.9
08/15/21,16:30:00,28498.3
08/15/21,16:45:00,28504.1
08/15/21,17:00:00,28421.1
08/15/21,17:15:00,28504.1
08/15/21,17:30:00,28544.3
08/15/21,17:45:00,28538.6
08/15/21,18:00:00,28550.1
08/15/21,18:15:00,28579.0
08/15/21,18:30:00,28567.4
08/15/21,18:45:00,28555.9
08/15/21,19:00:00,28550.1
08/15/21,19:15:00,28703.8
08/15/21,19:30:00,28692.1
08/15/21,19:45:00,28700.9
08/15/21,20:00:00,28616.6
08/15/21,20:15:00,28558.8
08/15/21,20:30:00,28515.6
08/15/21,20:45:00,28547.2
08/15/21,21:00:00,28573.2
08/15/21,21:15:00,28535.7
08/15/21,21:30:00,28509.8
08/15/21,21:45:00,28561.6
08/15/21,22:00:00,28553.0
08/15/21,22:15:00,28573.2
08/15/21,22:30:00,28547.2
08/15/21,22:45:00,28610.8
08/15/21,23:00:00,28636.9
08/15/21,23:15:00,28680.5
08/15/21,23:30:00,28706.7
08/15/21,23:45:00,28779.9
08/16/21,00:00:00,28785.8
08/16/21,00:15:00,28832.8
08/16/21,00:30:00,28806.3
08/16/21,00:45:00,28844.6
08/16/21,01:00:00,28800.5
08/16/21,01:15:00,29035.0
08/16/21,01:30:00,28936.5
08/16/21,01:45:00,29261.7
08/16/21,02:00:00,29648.8
08/16/21,02:15:00,29947.6
08/16/21,02:30:00,30217.3
08/16/21,02:45:00,30352.5
08/16/21,03:00:00,30502.5
08/16/21,03:15:00,30667.7
08/16/21,03:30:00,30769.8
08/16/21,03:45:00,30862.4
08/16/21,04:00:00,30900.3
08/16/21,04:15:00,30938.3
08/16/21,04:30:00,30914.1
08/16/21,04:45:00,30900.3
08/16/21,05:00:00,30921.0
08/16/21,05:15:00,30938.3
08/16/21,05:30:00,30896.9
08/16/21,05:45:00,30903.8
08/16/21,06:00:00,30865.9
08/16/21,06:15:00,30834.9
08/16/21,06:30:00,30834.9
08/16/21,06:45:00,30790.4
08/16/21,07:00:00,30821.2
08/16/21,07:15:00,30797.2
08/16/21,07:30:00,30728.9
08/16/21,07:45:00,30667.7
08/16/21,08:00:00,30657.5
08/16/21,08:15:00,30620.3
08/16/21,08:30:00,30606.8
08/16/21,08:45:00,30583.1
08/16/21,09:00:00,30539.4
08/16/21,09:15:00,30515.9
08/16/21,09:30:00,30479.0
08/16/21,09:45:00,30469.0
08/16/21,10:00:00,30462.3
08/16/21,10:15:00,30425.6
08/16/21,10:30:00,30389.0
08/16/21,10:45:00,30240.2
08/16/21,11:00:00,29902.7
08/16/21,11:15:00,29480.1
08/16/21,11:30:00,28996.1
08/16/21,11:45:00,28584.7
08/16/21,12:00:00,28384.1
08/16/21,12:15:00,28153.2
08/16/21,12:30:00,28033.8
08/16/21,12:45:00,27956.8
08/16/21,13:00:00,27847.5
08/16/21,13:15:00,27814.9
08/16/21,13:30:00,27833.9
08/16/21,13:45:00,27863.8
08/16/21,14:00:00,27847.5
08/16/21,14:15:00,27858.4
08/16/21,14:30:00,27899.3
08/16/21,14:45:00,27902.0
08/16/21,15:00:00,27937.6
08/16/21,15:15:00,27929.4
08/16/21,15:30:00,27918.4
08/16/21,15:45:00,27902.0
08/16/21,16:00:00,27893.8
08/16/21,16:15:00,27923.9
08/16/21,16:30:00,27926.6
08/16/21,16:45:00,27937.6
08/16/21,17:00:00,27937.6
08/16/21,17:15:00,27962.2
08/16/21,17:30:00,27967.7
08/16/21,17:45:00,27954.0
08/16/21,18:00:00,27956.8
08/16/21,18:15:00,27951.3
08/16/21,18:30:00,27978.7
08/16/21,18:45:00,27973.2
08/16/21,19:00:00,27973.2
08/16/21,19:15:00,27987.0
08/16/21,19:30:00,27992.5
08/16/21,19:45:00,27998.0
08/16/21,20:00:00,28011.8
08/16/21,20:15:00,28003.5
08/16/21,20:30:00,28011.8
08/16/21,20:45:00,28022.8
08/16/21,21:00:00,28011.8
08/16/21,21:15:00,28006.3
08/16/21,21:30:00,28000.7
08/16/21,21:45:00,28036.6
08/16/21,22:00:00,28042.1
08/16/21,22:15:00,28036.6
08/16/21,22:30:00,28025.6
08/16/21,22:45:00,28042.1
08/16/21,23:00:00,28042.1
08/16/21,23:15:00,28031.1
08/16/21,23:30:00,28053.2
08/16/21,23:45:00,28047.7
08/17/21,00:00:00,28072.6
08/17/21,00:15:00,28078.1
08/17/21,00:30:00,28080.9
08/17/21,00:45:00,28105.9
08/17/21,01:00:00,28105.9
08/17/21,01:15:00,28178.3
08/17/21,01:30:00,28509.8
08/17/21,01:45:00,28590.5
08/17/21,02:00:00,28570.3
08/17/21,02:15:00,28449.7
08/17/21,02:30:00,28486.9
08/17/21,02:45:00,28660.1
08/17/21,03:00:00,29119.1
08/17/21,03:15:00,29680.2
08/17/21,03:30:00,30044.5
08/17/21,03:45:00,30161.6
08/17/21,04:00:00,30155.1
08/17/21,04:15:00,30073.6
08/17/21,04:30:00,29963.7
08/17/21,04:45:00,29886.7
08/17/21,05:00:00,29829.2
08/17/21,05:15:00,29800.5
08/17/21,05:30:00,29749.7
08/17/21,05:45:00,29724.4
08/17/21,06:00:00,29692.8
08/17/21,06:15:00,29651.9
08/17/21,06:30:00,29629.9
08/17/21,06:45:00,29617.4
08/17/21,07:00:00,29589.2
08/17/21,07:15:00,29548.6
08/17/21,07:30:00,29582.9
08/17/21,07:45:00,29567.3
08/17/21,08:00:00,29561.0
08/17/21,08:15:00,29582.9
08/17/21,08:30:00,29533.0
08/17/21,08:45:00,29511.2
08/17/21,09:00:00,29517.4
08/17/21,09:15:00,29511.2
08/17/21,09:30:00,29545.4
08/17/21,09:45:00,29533.0
08/17/21,10:00:00,29561.0
08/17/21,10:15:00,29573.5
08/17/21,10:30:00,29601.7
08/17/21,10:45:00,29673.9
08/17/21,11:00:00,29727.6
08/17/21,11:15:00,29791.0
08/17/21,11:30:00,29794.2
08/17/21,11:45:00,29589.2
08/17/21,12:00:00,29092.0
08/17/21,12:15:00,28524.2
08/17/21,12:30:00,27937.6
08/17/21,12:45:00,27637.3
08/17/21,13:00:00,27520.4
08/17/21,13:15:00,27520.4
08/17/21,13:30:00,27549.5
08/17/21,13:45:00,27557.4
08/17/21,14:00:00,27597.3
08/17/21,14:15:00,27618.6
08/17/21,14:30:00,27624.0
08/17/21,14:45:00,27632.0
08/17/21,15:00:00,27648.0
08/17/21,15:15:00,27672.1
08/17/21,15:30:00,27677.4
08/17/21,15:45:00,27677.4
08/17/21,16:00:00,27701.6
08/17/21,16:15:00,27736.5
08/17/21,16:30:00,27747.3
08/17/21,16:45:00,27747.3
08/17/21,17:00:00,27758.1
08/17/21,17:15:00,27763.5
08/17/21,17:30:00,27747.3
08/17/21,17:45:00,27766.2
08/17/21,18:00:00,27771.6
08/17/21,18:15:00,27777.0
08/17/21,18:30:00,27806.8
08/17/21,18:45:00,27801.4
08/17/21,19:00:00,27782.4
08/17/21,19:15:00,27777.0
08/17/21,19:30:00,27766.2
08/17/21,19:45:00,27760.8
08/17/21,20:00:00,27777.0
08/17/21,20:15:00,27766.2
08/17/21,20:30:00,27755.4
08/17/21,20:45:00,27760.8
08/17/21,21:00:00,27777.0
08/17/21,21:15:00,27766.2
08/17/21,21:30:00,27733.9
08/17/21,21:45:00,27755.4
08/17/21,22:00:00,27744.6
08/17/21,22:15:00,27744.6
08/17/21,22:30:00,27728.5
08/17/21,22:45:00,27744.6
08/17/21,23:00:00,27723.1
08/17/21,23:15:00,27739.2
08/17/21,23:30:00,27733.9
08/17/21,23:45:00,27733.9
08/18/21,00:00:00,27744.6
08/18/21,00:15:00,27739.2
08/18/21,00:30:00,27736.5
08/18/21,00:45:00,27768.9
08/18/21,01:00:00,27752.7
08/18/21,01:15:00,27741.9
08/18/21,01:30:00,27744.6
08/18/21,01:45:00,27739.2
08/18/21,02:00:00,27741.9
08/18/21,02:15:00,27763.5
08/18/21,02:30:00,27739.2
08/18/21,02:45:00,27793.2
08/18/21,03:00:00,27839.3
08/18/21,03:15:00,27899.3
08/18/21,03:30:00,28050.4
08/18/21,03:45:00,28301.9
08/18/21,04:00:00,28599.2
08/18/21,04:15:00,28794.6
08/18/21,04:30:00,29122.1
08/18/21,04:45:00,29381.2
08/18/21,05:00:00,29595.4
08/18/21,05:15:00,29692.8
08/18/21,05:30:00,29696.0
08/18/21,05:45:00,29714.9
08/18/21,06:00:00,29673.9
08/18/21,06:15:00,29598.6
08/18/21,06:30:00,29589.2
08/18/21,06:45:00,29573.5
08/18/21,07:00:00,29533.0
08/18/21,07:15:00,29492.5
08/18/21,07:30:00,29464.6
08/18/21,07:45:00,29477.0
08/18/21,08:00:00,29461.5
08/18/21,08:15:00,29461.5
08/18/21,08:30:00,29483.2
08/18/21,08:45:00,29517.4
08/18/21,09:00:00,29551.7
08/18/21,09:15:00,976.4
08/18/21,09:30:00,830.6
08/18/21,09:45:00,1017.9
08/18/21,10:00:00,1156.4
08/18/21,10:15:00,1221.6
08/18/21,10:30:00,1315.7
08/18/21,10:45:00,1360.9
08/18/21,11:00:00,0.0
08/18/21,11:15:00,0.0
08/18/21,11:30:00,0.0
08/18/21,11:45:00,0.0
08/18/21,12:00:00,0.0
08/18/21,12:15:00,0.0
08/18/21,12:30:00,0.0
08/18/21,12:45:00,0.0
08/18/21,13:00:00,0.0
08/18/21,13:15:00,0.0
08/18/21,13:30:00,0.0
08/18/21,13:45:00,0.0
08/18/21,14:00:00,0.0
08/18/21,14:15:00,0.0
08/18/21,14:30:00,0.0
08/18/21,14:45:00,0.0
08/18/21,15:00:00,0.0
08/18/21,15:15:00,0.0
08/18/21,15:30:00,0.0
08/18/21,15:45:00,0.0
08/18/21,16:00:00,0.0
08/18/21,16:15:00,0.0
08/18/21,16:30:00,0.0
08/18/21,16:45:00,0.0
08/18/21,17:00:00,0.0
08/18/21,17:15:00,0.0
08/18/21,17:30:00,0.0
08/18/21,17:45:00,0.0
08/18/21,18:00:00,0.0
08/18/21,18:15:00,0.0
08/18/21,18:30:00,0.0
08/18/21,18:45:00,0.0
08/18/21,19:00:00,0.0
08/18/21,19:15:00,0.0
08/18/21,19:30:00,0.0
08/18/21,19:45:00,0.0
08/18/21,20:00:00,0.0
08/18/21,20:15:00,0.0
08/18/21,20:30:00,0.0
08/18/21,20:45:00,0.0
08/18/21,21:00:00,0.0
08/18/21,21:15:00,0.0
08/18/21,21:30:00,0.0
08/18/21,21:45:00,0.0
08/18/21,22:00:00,0.0
08/18/21,22:15:00,0.0
08/18/21,22:30:00,0.0
08/18/21,22:45:00,0.0
08/18/21,23:00:00,0.0
08/18/21,23:15:00,0.0
08/18/21,23:30:00,0.0
08/18/21,23:45:00,0.0
08/19/21,00:00:00,0.0
08/19/21,00:15:00,0.0
08/19/21,00:30:00,0.0
08/19/21,00:45:00,0.0
08/19/21,01:00:00,0.0
08/19/21,01:15:00,0.0
08/19/21,01:30:00,0.0
08/19/21,01:45:00,0.0
08/19/21,02:00:00,0.0
08/19/21,02:15:00,0.0
08/19/21,02:30:00,0.0
08/19/21,02:45:00,0.0
08/19/21,03:00:00,0.0
08/19/21,03:15:00,0.0
08/19/21,03:30:00,0.0
08/19/21,03:45:00,0.0
08/19/21,04:00:00,0.0
08/19/21,04:15:00,0.0
08/19/21,04:30:00,0.0
08/19/21,04:45:00,0.0
08/19/21,05:00:00,0.0
08/19/21,05:15:00,0.0
08/19/21,05:30:00,0.0
08/19/21,05:45:00,0.0
08/19/21,06:00:00,0.0
08/19/21,06:15:00,0.0
08/19/21,06:30:00,0.0
08/19/21,06:45:00,0.0
08/19/21,07:00:00,0.0
08/19/21,07:15:00,0.0
08/19/21,07:30:00,0.0
08/19/21,07:45:00,0.0
08/19/21,08:00:00,0.0
08/19/21,08:15:00,0.0
08/19/21,08:30:00,0.0
08/19/21,08:45:00,0.0
08/19/21,09:00:00,0.0
08/19/21,09:15:00,0.0
08/19/21,09:30:00,0.0
08/19/21,09:45:00,0.0
08/19/21,10:00:00,0.0
08/19/21,10:15:00,0.0
08/19/21,10:30:00,0.0
08/19/21,10:45:00,0.0
08/19/21,11:00:00,0.0
08/19/21,11:15:00,0.0
08/19/21,11:30:00,0.0
08/19/21,11:45:00,0.0
08/19/21,12:00:00,0.0
08/19/21,12:15:00,0.0
