Date,Time,DO conc (mg/L) c:1 2
07/20/21,14:00:00,8.92
07/20/21,14:15:00,8.90
07/20/21,14:30:00,8.83
07/20/21,14:45:00,8.79
07/20/21,15:00:00,8.77
07/20/21,15:15:00,8.75
07/20/21,15:30:00,8.66
07/20/21,15:45:00,8.60
07/20/21,16:00:00,8.58
07/20/21,16:15:00,8.64
07/20/21,16:30:00,8.65
07/20/21,16:45:00,8.64
07/20/21,17:00:00,8.61
07/20/21,17:15:00,8.61
07/20/21,17:30:00,8.66
07/20/21,17:45:00,8.66
07/20/21,18:00:00,8.66
07/20/21,18:15:00,8.65
07/20/21,18:30:00,8.65
07/20/21,18:45:00,8.64
07/20/21,19:00:00,8.65
07/20/21,19:15:00,8.65
07/20/21,19:30:00,8.66
07/20/21,19:45:00,8.66
07/20/21,20:00:00,8.66
07/20/21,20:15:00,8.66
07/20/21,20:30:00,8.65
07/20/21,20:45:00,8.66
07/20/21,21:00:00,8.65
07/20/21,21:15:00,8.67
07/20/21,21:30:00,8.68
07/20/21,21:45:00,8.67
07/20/21,22:00:00,8.70
07/20/21,22:15:00,8.72
07/20/21,22:30:00,8.70
07/20/21,22:45:00,8.73
07/20/21,23:00:00,8.73
07/20/21,23:15:00,8.75
07/20/21,23:30:00,8.76
07/20/21,23:45:00,8.77
07/21/21,00:00:00,8.79
07/21/21,00:15:00,8.81
07/21/21,00:30:00,8.82
07/21/21,00:45:00,8.83
07/21/21,01:00:00,8.86
07/21/21,01:15:00,8.86
07/21/21,01:30:00,8.88
07/21/21,01:45:00,8.90
07/21/21,02:00:00,8.91
07/21/21,02:15:00,8.91
07/21/21,02:30:00,8.93
07/21/21,02:45:00,8.94
07/21/21,03:00:00,8.94
07/21/21,03:15:00,8.96
07/21/21,03:30:00,8.96
07/21/21,03:45:00,8.96
07/21/21,04:00:00,8.98
07/21/21,04:15:00,9.00
07/21/21,04:30:00,9.01
07/21/21,04:45:00,9.03
07/21/21,05:00:00,9.03
07/21/21,05:15:00,9.04
07/21/21,05:30:00,9.06
07/21/21,05:45:00,9.07
07/21/21,06:00:00,9.07
07/21/21,06:15:00,9.09
07/21/21,06:30:00,9.09
07/21/21,06:45:00,9.11
07/21/21,07:00:00,9.17
07/21/21,07:15:00,9.28
07/21/21,07:30:00,9.32
07/21/21,07:45:00,9.35
07/21/21,08:00:00,9.39
07/21/21,08:15:00,9.43
07/21/21,08:30:00,9.44
07/21/21,08:45:00,9.44
07/21/21,09:00:00,9.43
07/21/21,09:15:00,9.44
07/21/21,09:30:00,9.44
07/21/21,09:45:00,9.44
07/21/21,10:00:00,9.44
07/21/21,10:15:00,9.44
07/21/21,10:30:00,9.43
07/21/21,10:45:00,9.43
07/21/21,11:00:00,9.40
07/21/21,11:15:00,9.40
07/21/21,11:30:00,9.39
07/21/21,11:45:00,9.38
07/21/21,12:00:00,9.37
07/21/21,12:15:00,9.35
07/21/21,12:30:00,9.33
07/21/21,12:45:00,9.28
07/21/21,13:00:00,9.26
07/21/21,13:15:00,9.22
07/21/21,13:30:00,9.20
07/21/21,13:45:00,9.17
07/21/21,14:00:00,9.13
07/21/21,14:15:00,9.09
07/21/21,14:30:00,9.06
07/21/21,14:45:00,8.95
07/21/21,15:00:00,8.32
07/21/21,15:15:00,8.62
07/21/21,15:30:00,8.79
07/21/21,15:45:00,8.88
07/21/21,16:00:00,8.95
07/21/21,16:15:00,9.02
07/21/21,16:30:00,9.04
07/21/21,16:45:00,9.08
07/21/21,17:00:00,9.10
07/21/21,17:15:00,9.11
07/21/21,17:30:00,9.12
07/21/21,17:45:00,9.11
07/21/21,18:00:00,9.13
07/21/21,18:15:00,9.12
07/21/21,18:30:00,9.13
07/21/21,18:45:00,9.13
07/21/21,19:00:00,9.13
07/21/21,19:15:00,9.12
07/21/21,19:30:00,9.12
07/21/21,19:45:00,9.13
07/21/21,20:00:00,9.13
07/21/21,20:15:00,9.14
07/21/21,20:30:00,9.14
07/21/21,20:45:00,9.13
07/21/21,21:00:00,9.14
07/21/21,21:15:00,9.14
07/21/21,21:30:00,9.12
07/21/21,21:45:00,9.13
07/21/21,22:00:00,9.13
07/21/21,22:15:00,9.14
07/21/21,22:30:00,9.15
07/21/21,22:45:00,9.15
07/21/21,23:00:00,9.17
07/21/21,23:15:00,9.17
07/21/21,23:30:00,9.18
07/21/21,23:45:00,9.18
07/22/21,00:00:00,9.18
07/22/21,00:15:00,9.18
07/22/21,00:30:00,9.19
07/22/21,00:45:00,9.20
07/22/21,01:00:00,9.20
07/22/21,01:15:00,9.21
07/22/21,01:30:00,9.21
07/22/21,01:45:00,9.22
07/22/21,02:00:00,9.21
07/22/21,02:15:00,9.23
07/22/21,02:30:00,9.22
07/22/21,02:45:00,9.23
07/22/21,03:00:00,9.23
07/22/21,03:15:00,9.24
07/22/21,03:30:00,9.24
07/22/21,03:45:00,9.25
07/22/21,04:00:00,9.25
07/22/21,04:15:00,9.26
07/22/21,04:30:00,9.26
07/22/21,04:45:00,9.27
07/22/21,05:00:00,9.27
07/22/21,05:15:00,9.28
07/22/21,05:30:00,9.28
07/22/21,05:45:00,9.29
07/22/21,06:00:00,9.29
07/22/21,06:15:00,9.31
07/22/21,06:30:00,9.31
07/22/21,06:45:00,9.30
07/22/21,07:00:00,9.29
07/22/21,07:15:00,9.29
07/22/21,07:30:00,9.31
07/22/21,07:45:00,9.32
07/22/21,08:00:00,9.32
07/22/21,08:15:00,9.26
07/22/21,08:30:00,9.38
07/22/21,08:45:00,9.49
07/22/21,09:00:00,9.18
07/22/21,09:15:00,8.92
07/22/21,09:30:00,8.99
07/22/21,09:45:00,8.95
07/22/21,10:00:00,8.98
07/22/21,10:15:00,9.20
07/22/21,10:30:00,11.90
07/22/21,10:45:00,12.18
07/22/21,11:00:00,11.85
07/22/21,11:15:00,11.78
07/22/21,11:30:00,11.93
07/22/21,11:45:00,11.93
07/22/21,12:00:00,11.90
07/22/21,12:15:00,11.49
07/22/21,12:30:00,11.63
07/22/21,12:45:00,12.06
07/22/21,13:00:00,12.95
07/22/21,13:15:00,11.67
07/22/21,13:30:00,12.16
07/22/21,13:45:00,12.44
07/22/21,14:00:00,12.95
07/22/21,14:15:00,13.75
07/22/21,14:30:00,14.85
07/22/21,14:45:00,15.12
07/22/21,15:00:00,15.28
07/22/21,15:15:00,15.27
07/22/21,15:30:00,15.11
07/22/21,15:45:00,14.95
07/22/21,16:00:00,14.66
07/22/21,16:15:00,14.42
07/22/21,16:30:00,14.27
07/22/21,16:45:00,14.11
07/22/21,17:00:00,14.07
07/22/21,17:15:00,14.15
07/22/21,17:30:00,14.23
07/22/21,17:45:00,14.18
07/22/21,18:00:00,14.18
07/22/21,18:15:00,14.02
07/22/21,18:30:00,14.10
07/22/21,18:45:00,14.01
07/22/21,19:00:00,13.95
07/22/21,19:15:00,14.03
07/22/21,19:30:00,13.92
07/22/21,19:45:00,13.99
07/22/21,20:00:00,13.86
07/22/21,20:15:00,13.82
07/22/21,20:30:00,13.72
07/22/21,20:45:00,13.85
07/22/21,21:00:00,13.66
07/22/21,21:15:00,13.66
07/22/21,21:30:00,13.59
07/22/21,21:45:00,13.29
07/22/21,22:00:00,13.29
07/22/21,22:15:00,12.97
07/22/21,22:30:00,12.98
07/22/21,22:45:00,13.09
07/22/21,23:00:00,13.10
07/22/21,23:15:00,13.20
07/22/21,23:30:00,13.12
07/22/21,23:45:00,13.28
07/23/21,00:00:00,13.17
07/23/21,00:15:00,13.12
07/23/21,00:30:00,12.81
07/23/21,00:45:00,12.82
07/23/21,01:00:00,12.69
07/23/21,01:15:00,12.49
07/23/21,01:30:00,12.44
07/23/21,01:45:00,12.54
07/23/21,02:00:00,12.44
07/23/21,02:15:00,12.45
07/23/21,02:30:00,12.38
07/23/21,02:45:00,12.15
07/23/21,03:00:00,12.23
07/23/21,03:15:00,12.40
07/23/21,03:30:00,12.44
07/23/21,03:45:00,12.29
07/23/21,04:00:00,12.14
07/23/21,04:15:00,12.30
07/23/21,04:30:00,12.07
07/23/21,04:45:00,12.03
07/23/21,05:00:00,12.24
07/23/21,05:15:00,12.26
07/23/21,05:30:00,12.22
07/23/21,05:45:00,12.17
07/23/21,06:00:00,12.05
07/23/21,06:15:00,11.99
07/23/21,06:30:00,11.70
07/23/21,06:45:00,11.65
07/23/21,07:00:00,11.54
07/23/21,07:15:00,11.37
07/23/21,07:30:00,11.32
07/23/21,07:45:00,11.31
07/23/21,08:00:00,11.09
07/23/21,08:15:00,11.00
07/23/21,08:30:00,10.88
07/23/21,08:45:00,10.62
07/23/21,09:00:00,10.27
07/23/21,09:15:00,9.50
07/23/21,09:30:00,9.49
07/23/21,09:45:00,10.39
07/23/21,10:00:00,10.91
07/23/21,10:15:00,11.10
07/23/21,10:30:00,11.69
07/23/21,10:45:00,12.31
07/23/21,11:00:00,12.86
07/23/21,11:15:00,12.78
07/23/21,11:30:00,13.03
07/23/21,11:45:00,8.48
07/23/21,12:00:00,14.69
07/23/21,12:15:00,14.09
07/23/21,12:30:00,13.24
07/23/21,12:45:00,12.95
07/23/21,13:00:00,12.54
07/23/21,13:15:00,12.35
07/23/21,13:30:00,12.40
07/23/21,13:45:00,13.46
07/23/21,14:00:00,11.99
07/23/21,14:15:00,12.83
07/23/21,14:30:00,13.28
07/23/21,14:45:00,13.62
07/23/21,15:00:00,14.36
07/23/21,15:15:00,15.47
07/23/21,15:30:00,16.27
07/23/21,15:45:00,16.37
07/23/21,16:00:00,16.27
07/23/21,16:15:00,15.87
07/23/21,16:30:00,15.39
07/23/21,16:45:00,14.93
07/23/21,17:00:00,14.42
07/23/21,17:15:00,14.36
07/23/21,17:30:00,14.21
07/23/21,17:45:00,14.21
07/23/21,18:00:00,14.16
07/23/21,18:15:00,14.06
07/23/21,18:30:00,14.04
07/23/21,18:45:00,13.99
07/23/21,19:00:00,13.81
07/23/21,19:15:00,13.83
07/23/21,19:30:00,13.71
07/23/21,19:45:00,13.50
07/23/21,20:00:00,13.55
07/23/21,20:15:00,13.38
07/23/21,20:30:00,13.34
07/23/21,20:45:00,13.33
07/23/21,21:00:00,13.23
07/23/21,21:15:00,13.15
07/23/21,21:30:00,13.15
07/23/21,21:45:00,12.55
07/23/21,22:00:00,12.19
07/23/21,22:15:00,12.40
07/23/21,22:30:00,12.10
07/23/21,22:45:00,12.43
07/23/21,23:00:00,12.07
07/23/21,23:15:00,12.04
07/23/21,23:30:00,12.48
07/23/21,23:45:00,12.28
07/24/21,00:00:00,12.51
07/24/21,00:15:00,12.52
07/24/21,00:30:00,12.45
07/24/21,00:45:00,12.79
07/24/21,01:00:00,12.89
07/24/21,01:15:00,12.88
07/24/21,01:30:00,12.80
07/24/21,01:45:00,12.74
07/24/21,02:00:00,12.52
07/24/21,02:15:00,12.31
07/24/21,02:30:00,12.15
07/24/21,02:45:00,12.15
07/24/21,03:00:00,11.93
07/24/21,03:15:00,12.17
07/24/21,03:30:00,11.80
07/24/21,03:45:00,11.85
07/24/21,04:00:00,11.96
07/24/21,04:15:00,11.77
07/24/21,04:30:00,11.30
07/24/21,04:45:00,11.83
07/24/21,05:00:00,11.69
07/24/21,05:15:00,11.35
07/24/21,05:30:00,11.34
07/24/21,05:45:00,11.34
07/24/21,06:00:00,11.20
07/24/21,06:15:00,11.10
07/24/21,06:30:00,12.11
07/24/21,06:45:00,12.67
07/24/21,07:00:00,12.66
07/24/21,07:15:00,12.79
07/24/21,07:30:00,12.43
07/24/21,07:45:00,12.39
07/24/21,08:00:00,12.30
07/24/21,08:15:00,12.25
07/24/21,08:30:00,11.86
07/24/21,08:45:00,11.90
07/24/21,09:00:00,12.15
07/24/21,09:15:00,12.25
07/24/21,09:30:00,12.24
07/24/21,09:45:00,12.39
07/24/21,10:00:00,11.45
07/24/21,10:15:00,10.49
07/24/21,10:30:00,11.51
07/24/21,10:45:00,12.41
07/24/21,11:00:00,12.75
07/24/21,11:15:00,13.10
07/24/21,11:30:00,13.54
07/24/21,11:45:00,13.64
07/24/21,12:00:00,13.63
07/24/21,12:15:00,13.89
07/24/21,12:30:00,14.05
07/24/21,12:45:00,14.18
07/24/21,13:00:00,13.88
07/24/21,13:15:00,13.56
07/24/21,13:30:00,13.58
07/24/21,13:45:00,13.48
07/24/21,14:00:00,13.47
07/24/21,14:15:00,13.53
07/24/21,14:30:00,14.78
07/24/21,14:45:00,13.13
07/24/21,15:00:00,14.25
07/24/21,15:15:00,14.68
07/24/21,15:30:00,15.07
07/24/21,15:45:00,15.59
07/24/21,16:00:00,16.50
07/24/21,16:15:00,16.97
07/24/21,16:30:00,17.25
07/24/21,16:45:00,17.20
07/24/21,17:00:00,16.78
07/24/21,17:15:00,16.30
07/24/21,17:30:00,16.01
07/24/21,17:45:00,15.77
07/24/21,18:00:00,15.47
07/24/21,18:15:00,15.31
07/24/21,18:30:00,15.05
07/24/21,18:45:00,14.87
07/24/21,19:00:00,14.77
07/24/21,19:15:00,14.57
07/24/21,19:30:00,14.51
07/24/21,19:45:00,14.31
07/24/21,20:00:00,14.27
07/24/21,20:15:00,14.08
07/24/21,20:30:00,14.07
07/24/21,20:45:00,14.16
07/24/21,21:00:00,14.03
07/24/21,21:15:00,13.93
07/24/21,21:30:00,13.82
07/24/21,21:45:00,13.54
07/24/21,22:00:00,13.12
07/24/21,22:15:00,13.23
07/24/21,22:30:00,13.32
07/24/21,22:45:00,12.97
07/24/21,23:00:00,13.01
07/24/21,23:15:00,12.71
07/24/21,23:30:00,13.15
07/24/21,23:45:00,13.56
07/25/21,00:00:00,14.03
07/25/21,00:15:00,13.85
07/25/21,00:30:00,13.81
07/25/21,00:45:00,14.01
07/25/21,01:00:00,13.92
07/25/21,01:15:00,13.61
07/25/21,01:30:00,13.66
07/25/21,01:45:00,13.65
07/25/21,02:00:00,13.45
07/25/21,02:15:00,13.31
07/25/21,02:30:00,13.01
07/25/21,02:45:00,13.03
07/25/21,03:00:00,12.91
07/25/21,03:15:00,12.79
07/25/21,03:30:00,12.72
07/25/21,03:45:00,12.59
07/25/21,04:00:00,12.41
07/25/21,04:15:00,12.27
07/25/21,04:30:00,12.03
07/25/21,04:45:00,12.04
07/25/21,05:00:00,11.72
07/25/21,05:15:00,11.58
07/25/21,05:30:00,11.30
07/25/21,05:45:00,11.09
07/25/21,06:00:00,11.26
07/25/21,06:15:00,11.83
07/25/21,06:30:00,11.93
07/25/21,06:45:00,11.86
07/25/21,07:00:00,11.88
07/25/21,07:15:00,11.98
07/25/21,07:30:00,12.04
07/25/21,07:45:00,12.12
07/25/21,08:00:00,12.07
07/25/21,08:15:00,11.93
07/25/21,08:30:00,11.78
07/25/21,08:45:00,11.66
07/25/21,09:00:00,11.47
07/25/21,09:15:00,11.45
07/25/21,09:30:00,11.63
07/25/21,09:45:00,11.67
07/25/21,10:00:00,11.60
07/25/21,10:15:00,11.57
07/25/21,10:30:00,11.66
07/25/21,10:45:00,11.62
07/25/21,11:00:00,11.43
07/25/21,11:15:00,11.16
07/25/21,11:30:00,11.23
07/25/21,11:45:00,11.24
07/25/21,12:00:00,11.58
07/25/21,12:15:00,11.86
07/25/21,12:30:00,12.27
07/25/21,12:45:00,12.86
07/25/21,13:00:00,13.42
07/25/21,13:15:00,13.47
07/25/21,13:30:00,13.25
07/25/21,13:45:00,13.30
07/25/21,14:00:00,13.27
07/25/21,14:15:00,13.30
07/25/21,14:30:00,13.27
07/25/21,14:45:00,13.50
07/25/21,15:00:00,14.94
07/25/21,15:15:00,12.94
07/25/21,15:30:00,13.73
07/25/21,15:45:00,14.10
07/25/21,16:00:00,14.34
07/25/21,16:15:00,15.08
07/25/21,16:30:00,15.85
07/25/21,16:45:00,16.24
07/25/21,17:00:00,16.26
07/25/21,17:15:00,16.46
07/25/21,17:30:00,16.28
07/25/21,17:45:00,15.93
07/25/21,18:00:00,15.43
07/25/21,18:15:00,15.12
07/25/21,18:30:00,14.70
07/25/21,18:45:00,14.52
07/25/21,19:00:00,14.29
07/25/21,19:15:00,14.05
07/25/21,19:30:00,13.84
07/25/21,19:45:00,13.76
07/25/21,20:00:00,13.63
07/25/21,20:15:00,13.53
07/25/21,20:30:00,13.55
07/25/21,20:45:00,13.34
07/25/21,21:00:00,13.23
07/25/21,21:15:00,13.05
07/25/21,21:30:00,13.00
07/25/21,21:45:00,12.86
07/25/21,22:00:00,13.09
07/25/21,22:15:00,13.11
07/25/21,22:30:00,13.04
07/25/21,22:45:00,13.10
07/25/21,23:00:00,13.04
07/25/21,23:15:00,13.11
07/25/21,23:30:00,13.17
07/25/21,23:45:00,13.10
07/26/21,00:00:00,13.11
07/26/21,00:15:00,13.11
07/26/21,00:30:00,13.09
07/26/21,00:45:00,12.96
07/26/21,01:00:00,12.82
07/26/21,01:15:00,12.74
07/26/21,01:30:00,12.64
07/26/21,01:45:00,12.53
07/26/21,02:00:00,12.26
07/26/21,02:15:00,12.23
07/26/21,02:30:00,12.19
07/26/21,02:45:00,12.05
07/26/21,03:00:00,12.04
07/26/21,03:15:00,11.92
07/26/21,03:30:00,11.83
07/26/21,03:45:00,11.75
07/26/21,04:00:00,11.63
07/26/21,04:15:00,11.58
07/26/21,04:30:00,11.38
07/26/21,04:45:00,11.18
07/26/21,05:00:00,11.00
07/26/21,05:15:00,10.76
07/26/21,05:30:00,10.71
07/26/21,05:45:00,10.44
07/26/21,06:00:00,10.49
07/26/21,06:15:00,10.37
07/26/21,06:30:00,10.36
07/26/21,06:45:00,10.23
07/26/21,07:00:00,10.04
07/26/21,07:15:00,9.97
07/26/21,07:30:00,9.98
07/26/21,07:45:00,10.01
07/26/21,08:00:00,10.78
07/26/21,08:15:00,10.95
07/26/21,08:30:00,10.96
07/26/21,08:45:00,11.01
07/26/21,09:00:00,10.82
07/26/21,09:15:00,10.96
07/26/21,09:30:00,10.92
07/26/21,09:45:00,10.73
07/26/21,10:00:00,10.91
07/26/21,10:15:00,11.01
07/26/21,10:30:00,10.93
07/26/21,10:45:00,10.85
07/26/21,11:00:00,10.91
07/26/21,11:15:00,10.87
07/26/21,11:30:00,10.73
07/26/21,11:45:00,10.90
07/26/21,12:00:00,10.81
07/26/21,12:15:00,11.00
07/26/21,12:30:00,11.23
07/26/21,12:45:00,11.65
07/26/21,13:00:00,12.18
07/26/21,13:15:00,12.72
07/26/21,13:30:00,13.02
07/26/21,13:45:00,13.13
07/26/21,14:00:00,12.65
07/26/21,14:15:00,13.42
07/26/21,14:30:00,12.86
07/26/21,14:45:00,12.82
07/26/21,15:00:00,12.72
07/26/21,15:15:00,13.23
07/26/21,15:30:00,14.04
07/26/21,15:45:00,12.83
07/26/21,16:00:00,13.03
07/26/21,16:15:00,13.38
07/26/21,16:30:00,13.64
07/26/21,16:45:00,14.26
07/26/21,17:00:00,15.07
07/26/21,17:15:00,15.38
07/26/21,17:30:00,15.61
07/26/21,17:45:00,15.93
07/26/21,18:00:00,15.87
07/26/21,18:15:00,15.41
07/26/21,18:30:00,14.94
07/26/21,18:45:00,14.52
07/26/21,19:00:00,14.18
07/26/21,19:15:00,13.76
07/26/21,19:30:00,13.63
07/26/21,19:45:00,13.47
07/26/21,20:00:00,13.32
07/26/21,20:15:00,13.22
07/26/21,20:30:00,13.19
07/26/21,20:45:00,13.01
07/26/21,21:00:00,12.85
07/26/21,21:15:00,12.76
07/26/21,21:30:00,12.67
07/26/21,21:45:00,12.66
07/26/21,22:00:00,12.36
07/26/21,22:15:00,12.26
07/26/21,22:30:00,12.27
07/26/21,22:45:00,12.00
07/26/21,23:00:00,12.32
07/26/21,23:15:00,12.43
07/26/21,23:30:00,12.42
07/26/21,23:45:00,12.48
07/27/21,00:00:00,12.64
07/27/21,00:15:00,12.56
07/27/21,00:30:00,12.62
07/27/21,00:45:00,12.60
07/27/21,01:00:00,12.59
07/27/21,01:15:00,12.51
07/27/21,01:30:00,12.58
07/27/21,01:45:00,12.55
07/27/21,02:00:00,12.42
07/27/21,02:15:00,12.24
07/27/21,02:30:00,12.07
07/27/21,02:45:00,12.05
07/27/21,03:00:00,11.82
07/27/21,03:15:00,11.72
07/27/21,03:30:00,11.75
07/27/21,03:45:00,11.83
07/27/21,04:00:00,11.66
07/27/21,04:15:00,11.52
07/27/21,04:30:00,11.51
07/27/21,04:45:00,11.51
07/27/21,05:00:00,11.40
07/27/21,05:15:00,11.19
07/27/21,05:30:00,11.00
07/27/21,05:45:00,10.81
07/27/21,06:00:00,10.64
07/27/21,06:15:00,10.58
07/27/21,06:30:00,10.58
07/27/21,06:45:00,10.46
07/27/21,07:00:00,10.43
07/27/21,07:15:00,10.40
07/27/21,07:30:00,10.26
07/27/21,07:45:00,10.25
07/27/21,08:00:00,10.26
07/27/21,08:15:00,10.12
07/27/21,08:30:00,10.10
07/27/21,08:45:00,10.42
07/27/21,09:00:00,10.81
07/27/21,09:15:00,10.92
07/27/21,09:30:00,10.94
07/27/21,09:45:00,10.90
07/27/21,10:00:00,10.88
07/27/21,10:15:00,10.96
07/27/21,10:30:00,11.16
07/27/21,10:45:00,11.17
07/27/21,11:00:00,11.29
07/27/21,11:15:00,11.57
07/27/21,11:30:00,11.72
07/27/21,11:45:00,11.70
07/27/21,12:00:00,11.60
07/27/21,12:15:00,11.63
07/27/21,12:30:00,11.74
07/27/21,12:45:00,11.79
07/27/21,13:00:00,11.83
07/27/21,13:15:00,11.79
07/27/21,13:30:00,11.12
07/27/21,13:45:00,11.30
07/27/21,14:00:00,11.50
07/27/21,14:15:00,11.58
07/27/21,14:30:00,11.44
07/27/21,14:45:00,11.41
07/27/21,15:00:00,11.98
07/27/21,15:15:00,12.66
07/27/21,15:30:00,13.06
07/27/21,15:45:00,13.53
07/27/21,16:00:00,14.01
07/27/21,16:15:00,13.31
07/27/21,16:30:00,13.11
07/27/21,16:45:00,13.44
07/27/21,17:00:00,13.77
07/27/21,17:15:00,14.08
07/27/21,17:30:00,14.72
07/27/21,17:45:00,15.04
07/27/21,18:00:00,15.36
07/27/21,18:15:00,15.83
07/27/21,18:30:00,16.03
07/27/21,18:45:00,15.83
07/27/21,19:00:00,15.41
07/27/21,19:15:00,15.01
07/27/21,19:30:00,14.66
07/27/21,19:45:00,14.34
07/27/21,20:00:00,14.06
07/27/21,20:15:00,13.78
07/27/21,20:30:00,13.55
07/27/21,20:45:00,13.33
07/27/21,21:00:00,13.22
07/27/21,21:15:00,13.10
07/27/21,21:30:00,13.16
07/27/21,21:45:00,13.04
07/27/21,22:00:00,12.93
07/27/21,22:15:00,12.65
07/27/21,22:30:00,12.50
07/27/21,22:45:00,12.36
07/27/21,23:00:00,12.31
07/27/21,23:15:00,12.26
07/27/21,23:30:00,12.02
07/27/21,23:45:00,11.69
07/28/21,00:00:00,12.64
07/28/21,00:15:00,12.91
07/28/21,00:30:00,12.93
07/28/21,00:45:00,12.93
07/28/21,01:00:00,12.89
07/28/21,01:15:00,12.88
07/28/21,01:30:00,12.77
07/28/21,01:45:00,12.75
07/28/21,02:00:00,12.69
07/28/21,02:15:00,12.45
07/28/21,02:30:00,12.32
07/28/21,02:45:00,12.19
07/28/21,03:00:00,11.85
07/28/21,03:15:00,11.91
07/28/21,03:30:00,11.97
07/28/21,03:45:00,11.76
07/28/21,04:00:00,11.68
07/28/21,04:15:00,11.58
07/28/21,04:30:00,11.44
07/28/21,04:45:00,11.25
07/28/21,05:00:00,11.51
07/28/21,05:15:00,11.51
07/28/21,05:30:00,11.34
07/28/21,05:45:00,11.34
07/28/21,06:00:00,11.23
07/28/21,06:15:00,11.14
07/28/21,06:30:00,11.06
07/28/21,06:45:00,10.93
07/28/21,07:00:00,10.87
07/28/21,07:15:00,10.73
07/28/21,07:30:00,10.67
07/28/21,07:45:00,10.66
07/28/21,08:00:00,10.57
07/28/21,08:15:00,10.64
07/28/21,08:30:00,10.67
07/28/21,08:45:00,10.78
07/28/21,09:00:00,10.83
07/28/21,09:15:00,10.73
07/28/21,09:30:00,10.91
07/28/21,09:45:00,10.87
07/28/21,10:00:00,11.06
07/28/21,10:15:00,11.20
07/28/21,10:30:00,11.24
07/28/21,10:45:00,11.19
07/28/21,11:00:00,11.05
07/28/21,11:15:00,10.85
07/28/21,11:30:00,10.73
07/28/21,11:45:00,10.53
07/28/21,12:00:00,9.89
07/28/21,12:15:00,9.78
07/28/21,12:30:00,10.18
07/28/21,12:45:00,10.67
07/28/21,13:00:00,11.01
07/28/21,13:15:00,11.26
07/28/21,13:30:00,11.44
07/28/21,13:45:00,11.57
07/28/21,14:00:00,11.70
07/28/21,14:15:00,11.71
07/28/21,14:30:00,11.75
07/28/21,14:45:00,11.74
07/28/21,15:00:00,12.10
07/28/21,15:15:00,12.30
07/28/21,15:30:00,12.48
07/28/21,15:45:00,12.64
07/28/21,16:00:00,12.77
07/28/21,16:15:00,12.81
07/28/21,16:30:00,12.72
07/28/21,16:45:00,12.51
07/28/21,17:00:00,12.56
07/28/21,17:15:00,12.78
07/28/21,17:30:00,13.09
07/28/21,17:45:00,13.47
07/28/21,18:00:00,13.70
07/28/21,18:15:00,14.05
07/28/21,18:30:00,14.42
07/28/21,18:45:00,14.86
07/28/21,19:00:00,15.14
07/28/21,19:15:00,15.20
07/28/21,19:30:00,15.01
07/28/21,19:45:00,14.80
07/28/21,20:00:00,14.56
07/28/21,20:15:00,14.36
07/28/21,20:30:00,14.01
07/28/21,20:45:00,13.80
07/28/21,21:00:00,13.61
07/28/21,21:15:00,13.58
07/28/21,21:30:00,13.48
07/28/21,21:45:00,13.28
07/28/21,22:00:00,13.10
07/28/21,22:15:00,13.05
07/28/21,22:30:00,12.88
07/28/21,22:45:00,12.69
07/28/21,23:00:00,12.74
07/28/21,23:15:00,12.86
07/28/21,23:30:00,13.13
07/28/21,23:45:00,13.31
07/29/21,00:00:00,13.24
07/29/21,00:15:00,13.18
07/29/21,00:30:00,13.09
07/29/21,00:45:00,13.12
07/29/21,01:00:00,13.06
07/29/21,01:15:00,12.96
07/29/21,01:30:00,12.80
07/29/21,01:45:00,12.66
07/29/21,02:00:00,12.46
07/29/21,02:15:00,12.26
07/29/21,02:30:00,12.07
07/29/21,02:45:00,11.89
07/29/21,03:00:00,11.77
07/29/21,03:15:00,11.61
07/29/21,03:30:00,11.44
07/29/21,03:45:00,11.37
07/29/21,04:00:00,11.08
07/29/21,04:15:00,11.06
07/29/21,04:30:00,10.94
07/29/21,04:45:00,10.83
07/29/21,05:00:00,10.56
07/29/21,05:15:00,10.68
07/29/21,05:30:00,10.66
07/29/21,05:45:00,10.62
07/29/21,06:00:00,10.59
07/29/21,06:15:00,10.52
07/29/21,06:30:00,10.43
07/29/21,06:45:00,10.39
07/29/21,07:00:00,10.36
07/29/21,07:15:00,10.27
07/29/21,07:30:00,10.31
07/29/21,07:45:00,10.31
07/29/21,08:00:00,10.31
07/29/21,08:15:00,10.27
07/29/21,08:30:00,10.35
07/29/21,08:45:00,10.31
07/29/21,09:00:00,10.38
07/29/21,09:15:00,10.43
07/29/21,09:30:00,10.59
07/29/21,09:45:00,10.65
07/29/21,10:00:00,10.71
07/29/21,10:15:00,10.85
07/29/21,10:30:00,10.98
07/29/21,10:45:00,11.18
07/29/21,11:00:00,11.33
07/29/21,11:15:00,11.49
07/29/21,11:30:00,11.80
07/29/21,11:45:00,12.04
07/29/21,12:00:00,11.77
07/29/21,12:15:00,11.27
07/29/21,12:30:00,10.91
07/29/21,12:45:00,10.74
07/29/21,13:00:00,10.67
07/29/21,13:15:00,10.70
07/29/21,13:30:00,10.78
07/29/21,13:45:00,10.85
07/29/21,14:00:00,10.95
07/29/21,14:15:00,11.05
07/29/21,14:30:00,11.24
07/29/21,14:45:00,11.36
07/29/21,15:00:00,11.47
07/29/21,15:15:00,11.99
07/29/21,15:30:00,12.81
07/29/21,15:45:00,12.72
07/29/21,16:00:00,12.57
07/29/21,16:15:00,12.43
07/29/21,16:30:00,12.40
07/29/21,16:45:00,12.33
07/29/21,17:00:00,12.29
07/29/21,17:15:00,12.48
07/29/21,17:30:00,12.70
07/29/21,17:45:00,13.05
07/29/21,18:00:00,13.34
07/29/21,18:15:00,13.54
07/29/21,18:30:00,13.58
07/29/21,18:45:00,13.58
07/29/21,19:00:00,13.68
07/29/21,19:15:00,13.71
07/29/21,19:30:00,13.87
07/29/21,19:45:00,13.91
07/29/21,20:00:00,13.96
07/29/21,20:15:00,14.03
07/29/21,20:30:00,13.99
07/29/21,20:45:00,13.85
07/29/21,21:00:00,13.68
07/29/21,21:15:00,13.55
07/29/21,21:30:00,13.17
07/29/21,21:45:00,13.10
07/29/21,22:00:00,12.33
07/29/21,22:15:00,12.72
07/29/21,22:30:00,12.94
07/29/21,22:45:00,12.73
07/29/21,23:00:00,12.71
07/29/21,23:15:00,12.77
07/29/21,23:30:00,12.37
07/29/21,23:45:00,12.74
07/30/21,00:00:00,12.57
07/30/21,00:15:00,12.68
07/30/21,00:30:00,12.73
07/30/21,00:45:00,12.66
07/30/21,01:00:00,12.65
07/30/21,01:15:00,12.47
07/30/21,01:30:00,12.24
07/30/21,01:45:00,12.07
07/30/21,02:00:00,11.97
07/30/21,02:15:00,11.89
07/30/21,02:30:00,11.80
07/30/21,02:45:00,11.71
07/30/21,03:00:00,11.66
07/30/21,03:15:00,11.62
07/30/21,03:30:00,11.46
07/30/21,03:45:00,11.20
07/30/21,04:00:00,10.98
07/30/21,04:15:00,10.78
07/30/21,04:30:00,10.66
07/30/21,04:45:00,10.47
07/30/21,05:00:00,10.47
07/30/21,05:15:00,10.31
07/30/21,05:30:00,10.19
07/30/21,05:45:00,10.21
07/30/21,06:00:00,10.20
07/30/21,06:15:00,9.97
07/30/21,06:30:00,9.92
07/30/21,06:45:00,10.09
07/30/21,07:00:00,10.03
07/30/21,07:15:00,10.02
07/30/21,07:30:00,10.08
07/30/21,07:45:00,10.12
07/30/21,08:00:00,10.13
07/30/21,08:15:00,10.15
07/30/21,08:30:00,10.25
07/30/21,08:45:00,10.43
07/30/21,09:00:00,10.50
07/30/21,09:15:00,10.60
07/30/21,09:30:00,10.70
07/30/21,09:45:00,10.80
07/30/21,10:00:00,10.86
07/30/21,10:15:00,10.97
07/30/21,10:30:00,11.05
07/30/21,10:45:00,11.15
07/30/21,11:00:00,11.18
07/30/21,11:15:00,11.25
07/30/21,11:30:00,11.65
07/30/21,11:45:00,11.79
07/30/21,12:00:00,11.78
07/30/21,12:15:00,11.84
07/30/21,12:30:00,11.86
07/30/21,12:45:00,11.91
07/30/21,13:00:00,11.86
07/30/21,13:15:00,11.83
07/30/21,13:30:00,11.79
07/30/21,13:45:00,11.79
07/30/21,14:00:00,11.77
07/30/21,14:15:00,11.88
07/30/21,14:30:00,12.10
07/30/21,14:45:00,12.26
07/30/21,15:00:00,12.20
07/30/21,15:15:00,12.21
07/30/21,15:30:00,12.23
07/30/21,15:45:00,11.94
07/30/21,16:00:00,12.12
07/30/21,16:15:00,12.26
07/30/21,16:30:00,12.26
07/30/21,16:45:00,12.57
07/30/21,17:00:00,12.65
07/30/21,17:15:00,12.65
07/30/21,17:30:00,12.51
07/30/21,17:45:00,12.28
07/30/21,18:00:00,12.65
07/30/21,18:15:00,12.68
07/30/21,18:30:00,12.71
07/30/21,18:45:00,12.86
07/30/21,19:00:00,12.80
07/30/21,19:15:00,12.64
07/30/21,19:30:00,12.37
07/30/21,19:45:00,12.31
07/30/21,20:00:00,12.18
07/30/21,20:15:00,12.17
07/30/21,20:30:00,12.11
07/30/21,20:45:00,11.98
07/30/21,21:00:00,12.02
07/30/21,21:15:00,12.05
07/30/21,21:30:00,11.90
07/30/21,21:45:00,11.96
07/30/21,22:00:00,11.82
07/30/21,22:15:00,11.72
07/30/21,22:30:00,11.85
07/30/21,22:45:00,11.98
07/30/21,23:00:00,11.65
07/30/21,23:15:00,11.70
07/30/21,23:30:00,11.91
07/30/21,23:45:00,11.74
07/31/21,00:00:00,11.78
07/31/21,00:15:00,11.90
07/31/21,00:30:00,11.99
07/31/21,00:45:00,11.99
07/31/21,01:00:00,11.74
07/31/21,01:15:00,11.77
07/31/21,01:30:00,11.62
07/31/21,01:45:00,11.34
07/31/21,02:00:00,11.22
07/31/21,02:15:00,11.06
07/31/21,02:30:00,10.71
07/31/21,02:45:00,10.53
07/31/21,03:00:00,10.36
07/31/21,03:15:00,10.21
07/31/21,03:30:00,10.13
07/31/21,03:45:00,10.00
07/31/21,04:00:00,9.81
07/31/21,04:15:00,9.66
07/31/21,04:30:00,9.53
07/31/21,04:45:00,9.39
07/31/21,05:00:00,9.30
07/31/21,05:15:00,9.13
07/31/21,05:30:00,8.91
07/31/21,05:45:00,8.67
07/31/21,06:00:00,8.55
07/31/21,06:15:00,8.55
07/31/21,06:30:00,8.66
07/31/21,06:45:00,8.41
07/31/21,07:00:00,8.33
07/31/21,07:15:00,8.23
07/31/21,07:30:00,8.32
07/31/21,07:45:00,8.32
07/31/21,08:00:00,8.45
07/31/21,08:15:00,8.28
07/31/21,08:30:00,8.03
07/31/21,08:45:00,8.03
07/31/21,09:00:00,7.95
07/31/21,09:15:00,8.19
07/31/21,09:30:00,8.13
07/31/21,09:45:00,8.13
07/31/21,10:00:00,8.02
07/31/21,10:15:00,7.89
07/31/21,10:30:00,8.21
07/31/21,10:45:00,8.25
07/31/21,11:00:00,8.41
07/31/21,11:15:00,8.32
07/31/21,11:30:00,8.41
07/31/21,11:45:00,8.40
07/31/21,12:00:00,8.31
07/31/21,12:15:00,8.42
07/31/21,12:30:00,8.42
07/31/21,12:45:00,8.24
07/31/21,13:00:00,8.38
07/31/21,13:15:00,8.38
07/31/21,13:30:00,8.24
07/31/21,13:45:00,8.38
07/31/21,14:00:00,8.37
07/31/21,14:15:00,8.31
07/31/21,14:30:00,8.40
07/31/21,14:45:00,8.37
07/31/21,15:00:00,8.15
07/31/21,15:15:00,8.23
07/31/21,15:30:00,8.16
07/31/21,15:45:00,8.12
07/31/21,16:00:00,7.92
07/31/21,16:15:00,7.85
07/31/21,16:30:00,7.82
07/31/21,16:45:00,7.70
07/31/21,17:00:00,8.04
07/31/21,17:15:00,8.17
07/31/21,17:30:00,7.68
07/31/21,17:45:00,8.23
07/31/21,18:00:00,8.19
07/31/21,18:15:00,8.20
07/31/21,18:30:00,7.96
07/31/21,18:45:00,8.16
07/31/21,19:00:00,8.04
07/31/21,19:15:00,8.14
07/31/21,19:30:00,8.17
07/31/21,19:45:00,8.28
07/31/21,20:00:00,8.33
07/31/21,20:15:00,8.30
07/31/21,20:30:00,8.33
07/31/21,20:45:00,8.38
07/31/21,21:00:00,8.35
07/31/21,21:15:00,8.17
07/31/21,21:30:00,8.27
07/31/21,21:45:00,8.49
07/31/21,22:00:00,8.59
07/31/21,22:15:00,8.33
07/31/21,22:30:00,8.11
07/31/21,22:45:00,8.18
07/31/21,23:00:00,8.04
07/31/21,23:15:00,8.18
07/31/21,23:30:00,7.89
07/31/21,23:45:00,7.69
08/01/21,00:00:00,7.90
08/01/21,00:15:00,7.94
08/01/21,00:30:00,7.50
08/01/21,00:45:00,8.66
08/01/21,01:00:00,8.66
08/01/21,01:15:00,8.52
08/01/21,01:30:00,8.48
08/01/21,01:45:00,8.31
08/01/21,02:00:00,8.22
08/01/21,02:15:00,8.00
08/01/21,02:30:00,7.58
08/01/21,02:45:00,7.45
08/01/21,03:00:00,7.43
08/01/21,03:15:00,7.44
08/01/21,03:30:00,7.36
08/01/21,03:45:00,7.17
08/01/21,04:00:00,7.02
08/01/21,04:15:00,6.82
08/01/21,04:30:00,6.56
08/01/21,04:45:00,6.43
08/01/21,05:00:00,6.46
08/01/21,05:15:00,6.58
08/01/21,05:30:00,6.64
08/01/21,05:45:00,6.65
08/01/21,06:00:00,6.63
08/01/21,06:15:00,6.53
08/01/21,06:30:00,6.53
08/01/21,06:45:00,6.42
08/01/21,07:00:00,6.35
08/01/21,07:15:00,6.17
08/01/21,07:30:00,6.22
08/01/21,07:45:00,6.34
08/01/21,08:00:00,6.42
08/01/21,08:15:00,6.40
08/01/21,08:30:00,6.31
08/01/21,08:45:00,6.15
08/01/21,09:00:00,6.00
08/01/21,09:15:00,5.92
08/01/21,09:30:00,5.98
08/01/21,09:45:00,6.07
08/01/21,10:00:00,6.15
08/01/21,10:15:00,6.30
08/01/21,10:30:00,6.39
08/01/21,10:45:00,6.55
08/01/21,11:00:00,6.69
08/01/21,11:15:00,6.84
08/01/21,11:30:00,6.94
08/01/21,11:45:00,7.08
08/01/21,12:00:00,7.26
08/01/21,12:15:00,7.44
08/01/21,12:30:00,7.54
08/01/21,12:45:00,7.74
08/01/21,13:00:00,7.94
08/01/21,13:15:00,8.08
08/01/21,13:30:00,8.40
08/01/21,13:45:00,8.57
08/01/21,14:00:00,8.61
08/01/21,14:15:00,8.60
08/01/21,14:30:00,8.68
08/01/21,14:45:00,8.71
08/01/21,15:00:00,8.69
08/01/21,15:15:00,8.68
08/01/21,15:30:00,8.67
08/01/21,15:45:00,8.62
08/01/21,16:00:00,8.59
08/01/21,16:15:00,8.78
08/01/21,16:30:00,9.00
08/01/21,16:45:00,8.92
08/01/21,17:00:00,8.83
08/01/21,17:15:00,8.77
08/01/21,17:30:00,8.75
08/01/21,17:45:00,8.79
08/01/21,18:00:00,8.66
08/01/21,18:15:00,8.76
08/01/21,18:30:00,8.62
08/01/21,18:45:00,8.47
08/01/21,19:00:00,8.29
08/01/21,19:15:00,8.26
08/01/21,19:30:00,8.18
08/01/21,19:45:00,8.07
08/01/21,20:00:00,8.11
08/01/21,20:15:00,7.81
08/01/21,20:30:00,7.77
08/01/21,20:45:00,7.66
08/01/21,21:00:00,7.60
08/01/21,21:15:00,7.56
08/01/21,21:30:00,7.78
08/01/21,21:45:00,7.27
08/01/21,22:00:00,7.17
08/01/21,22:15:00,7.18
08/01/21,22:30:00,7.17
08/01/21,22:45:00,7.20
08/01/21,23:00:00,6.96
08/01/21,23:15:00,6.94
08/01/21,23:30:00,6.63
08/01/21,23:45:00,6.78
08/02/21,00:00:00,6.79
08/02/21,00:15:00,7.17
08/02/21,00:30:00,7.51
08/02/21,00:45:00,7.62
08/02/21,01:00:00,8.76
08/02/21,01:15:00,8.93
08/02/21,01:30:00,8.82
08/02/21,01:45:00,9.14
08/02/21,02:00:00,9.41
08/02/21,02:15:00,8.78
08/02/21,02:30:00,8.16
08/02/21,02:45:00,7.93
08/02/21,03:00:00,7.72
08/02/21,03:15:00,7.56
08/02/21,03:30:00,7.21
08/02/21,03:45:00,6.82
08/02/21,04:00:00,6.58
08/02/21,04:15:00,6.33
08/02/21,04:30:00,6.16
08/02/21,04:45:00,6.39
08/02/21,05:00:00,6.66
08/02/21,05:15:00,6.99
08/02/21,05:30:00,7.31
08/02/21,05:45:00,7.28
08/02/21,06:00:00,7.12
08/02/21,06:15:00,6.94
08/02/21,06:30:00,6.88
08/02/21,06:45:00,6.82
08/02/21,07:00:00,6.75
08/02/21,07:15:00,6.69
08/02/21,07:30:00,6.68
08/02/21,07:45:00,6.66
08/02/21,08:00:00,6.63
08/02/21,08:15:00,6.86
08/02/21,08:30:00,7.09
08/02/21,08:45:00,7.15
08/02/21,09:00:00,7.37
08/02/21,09:15:00,7.55
08/02/21,09:30:00,7.78
08/02/21,09:45:00,8.01
08/02/21,10:00:00,8.18
08/02/21,10:15:00,8.37
08/02/21,10:30:00,8.41
08/02/21,10:45:00,8.40
08/02/21,11:00:00,8.24
08/02/21,11:15:00,8.11
08/02/21,11:30:00,8.19
08/02/21,11:45:00,8.35
08/02/21,12:00:00,8.48
08/02/21,12:15:00,8.75
08/02/21,12:30:00,9.05
08/02/21,12:45:00,9.36
08/02/21,13:00:00,9.63
08/02/21,13:15:00,9.91
08/02/21,13:30:00,10.16
08/02/21,13:45:00,10.43
08/02/21,14:00:00,10.64
08/02/21,14:15:00,10.72
08/02/21,14:30:00,11.35
08/02/21,14:45:00,11.35
08/02/21,15:00:00,11.79
08/02/21,15:15:00,11.80
08/02/21,15:30:00,11.91
08/02/21,15:45:00,11.71
08/02/21,16:00:00,11.63
08/02/21,16:15:00,11.57
08/02/21,16:30:00,11.49
08/02/21,16:45:00,11.30
08/02/21,17:00:00,11.20
08/02/21,17:15:00,11.10
08/02/21,17:30:00,11.07
08/02/21,17:45:00,11.11
08/02/21,18:00:00,10.91
08/02/21,18:15:00,11.07
08/02/21,18:30:00,11.29
08/02/21,18:45:00,11.27
08/02/21,19:00:00,11.35
08/02/21,19:15:00,11.21
08/02/21,19:30:00,11.14
08/02/21,19:45:00,10.71
08/02/21,20:00:00,10.89
08/02/21,20:15:00,10.33
08/02/21,20:30:00,10.52
08/02/21,20:45:00,10.12
08/02/21,21:00:00,10.03
08/02/21,21:15:00,9.82
08/02/21,21:30:00,9.61
08/02/21,21:45:00,9.70
08/02/21,22:00:00,9.85
08/02/21,22:15:00,9.74
08/02/21,22:30:00,9.70
08/02/21,22:45:00,9.43
08/02/21,23:00:00,9.43
08/02/21,23:15:00,9.43
08/02/21,23:30:00,9.18
08/02/21,23:45:00,9.33
08/03/21,00:00:00,9.37
08/03/21,00:15:00,10.13
08/03/21,00:30:00,10.19
08/03/21,00:45:00,10.31
08/03/21,01:00:00,10.17
08/03/21,01:15:00,10.17
08/03/21,01:30:00,10.11
08/03/21,01:45:00,9.92
08/03/21,02:00:00,9.85
08/03/21,02:15:00,9.80
08/03/21,02:30:00,9.60
08/03/21,02:45:00,9.44
08/03/21,03:00:00,9.30
08/03/21,03:15:00,9.20
08/03/21,03:30:00,8.88
08/03/21,03:45:00,8.30
08/03/21,04:00:00,8.21
08/03/21,04:15:00,7.95
08/03/21,04:30:00,8.13
08/03/21,04:45:00,8.21
08/03/21,05:00:00,8.22
08/03/21,05:15:00,8.37
08/03/21,05:30:00,8.56
08/03/21,05:45:00,8.67
08/03/21,06:00:00,8.30
08/03/21,06:15:00,8.16
08/03/21,06:30:00,8.33
08/03/21,06:45:00,8.49
08/03/21,07:00:00,8.48
08/03/21,07:15:00,8.30
08/03/21,07:30:00,8.07
08/03/21,07:45:00,7.89
08/03/21,08:00:00,7.70
08/03/21,08:15:00,7.60
08/03/21,08:30:00,7.61
08/03/21,08:45:00,7.54
08/03/21,09:00:00,7.84
08/03/21,09:15:00,8.24
08/03/21,09:30:00,8.62
08/03/21,09:45:00,8.99
08/03/21,10:00:00,9.30
08/03/21,10:15:00,9.58
08/03/21,10:30:00,9.91
08/03/21,10:45:00,10.09
08/03/21,11:00:00,10.17
08/03/21,11:15:00,10.23
08/03/21,11:30:00,10.38
08/03/21,11:45:00,10.40
08/03/21,12:00:00,10.35
08/03/21,12:15:00,10.29
08/03/21,12:30:00,10.26
08/03/21,12:45:00,10.36
08/03/21,13:00:00,10.54
08/03/21,13:15:00,10.78
08/03/21,13:30:00,11.10
08/03/21,13:45:00,11.33
08/03/21,14:00:00,11.54
08/03/21,14:15:00,11.71
08/03/21,14:30:00,11.93
08/03/21,14:45:00,12.16
08/03/21,15:00:00,12.20
08/03/21,15:15:00,12.30
08/03/21,15:30:00,12.46
08/03/21,15:45:00,13.00
08/03/21,16:00:00,12.86
08/03/21,16:15:00,12.95
08/03/21,16:30:00,13.11
08/03/21,16:45:00,13.59
08/03/21,17:00:00,13.48
08/03/21,17:15:00,12.75
08/03/21,17:30:00,12.03
08/03/21,17:45:00,12.03
08/03/21,18:00:00,11.95
08/03/21,18:15:00,11.64
08/03/21,18:30:00,11.59
08/03/21,18:45:00,11.59
08/03/21,19:00:00,11.49
08/03/21,19:15:00,11.51
08/03/21,19:30:00,11.59
08/03/21,19:45:00,11.58
08/03/21,20:00:00,11.45
08/03/21,20:15:00,11.59
08/03/21,20:30:00,11.26
08/03/21,20:45:00,11.29
08/03/21,21:00:00,10.93
08/03/21,21:15:00,10.86
08/03/21,21:30:00,10.89
08/03/21,21:45:00,11.01
08/03/21,22:00:00,10.95
08/03/21,22:15:00,10.81
08/03/21,22:30:00,10.76
08/03/21,22:45:00,10.63
08/03/21,23:00:00,10.43
08/03/21,23:15:00,10.55
08/03/21,23:30:00,10.61
08/03/21,23:45:00,10.47
08/04/21,00:00:00,10.35
08/04/21,00:15:00,10.58
08/04/21,00:30:00,10.57
08/04/21,00:45:00,10.53
08/04/21,01:00:00,10.60
08/04/21,01:15:00,10.28
08/04/21,01:30:00,10.25
08/04/21,01:45:00,10.17
08/04/21,02:00:00,9.97
08/04/21,02:15:00,9.86
08/04/21,02:30:00,9.86
08/04/21,02:45:00,9.83
08/04/21,03:00:00,9.66
08/04/21,03:15:00,9.65
08/04/21,03:30:00,9.63
08/04/21,03:45:00,9.47
08/04/21,04:00:00,8.87
08/04/21,04:15:00,8.58
08/04/21,04:30:00,8.66
08/04/21,04:45:00,8.61
08/04/21,05:00:00,8.53
08/04/21,05:15:00,8.41
08/04/21,05:30:00,8.41
08/04/21,05:45:00,8.40
08/04/21,06:00:00,8.61
08/04/21,06:15:00,8.97
08/04/21,06:30:00,9.08
08/04/21,06:45:00,9.17
08/04/21,07:00:00,9.20
08/04/21,07:15:00,9.13
08/04/21,07:30:00,9.00
08/04/21,07:45:00,8.79
08/04/21,08:00:00,8.69
08/04/21,08:15:00,8.66
08/04/21,08:30:00,8.79
08/04/21,08:45:00,8.96
08/04/21,09:00:00,9.19
08/04/21,09:15:00,9.41
08/04/21,09:30:00,9.56
08/04/21,09:45:00,9.63
08/04/21,10:00:00,10.16
08/04/21,10:15:00,10.29
08/04/21,10:30:00,10.50
08/04/21,10:45:00,10.91
08/04/21,11:00:00,11.35
08/04/21,11:15:00,11.46
08/04/21,11:30:00,11.56
08/04/21,11:45:00,11.69
08/04/21,12:00:00,11.87
08/04/21,12:15:00,11.79
08/04/21,12:30:00,11.62
08/04/21,12:45:00,11.60
08/04/21,13:00:00,11.77
08/04/21,13:15:00,11.89
08/04/21,13:30:00,12.00
08/04/21,13:45:00,12.16
08/04/21,14:00:00,12.41
08/04/21,14:15:00,12.51
08/04/21,14:30:00,12.72
08/04/21,14:45:00,12.65
08/04/21,15:00:00,12.62
08/04/21,15:15:00,12.54
08/04/21,15:30:00,12.66
08/04/21,15:45:00,12.69
08/04/21,16:00:00,12.83
08/04/21,16:15:00,13.12
08/04/21,16:30:00,13.10
08/04/21,16:45:00,13.21
08/04/21,17:00:00,13.05
08/04/21,17:15:00,13.04
08/04/21,17:30:00,12.81
08/04/21,17:45:00,12.81
08/04/21,18:00:00,12.76
08/04/21,18:15:00,12.79
08/04/21,18:30:00,12.74
08/04/21,18:45:00,12.80
08/04/21,19:00:00,12.80
08/04/21,19:15:00,12.82
08/04/21,19:30:00,12.42
08/04/21,19:45:00,12.58
08/04/21,20:00:00,12.17
08/04/21,20:15:00,12.42
08/04/21,20:30:00,12.02
08/04/21,20:45:00,11.99
08/04/21,21:00:00,12.07
08/04/21,21:15:00,11.97
08/04/21,21:30:00,11.73
08/04/21,21:45:00,11.96
08/04/21,22:00:00,11.59
08/04/21,22:15:00,11.76
08/04/21,22:30:00,11.86
08/04/21,22:45:00,11.43
08/04/21,23:00:00,11.14
08/04/21,23:15:00,11.50
08/04/21,23:30:00,10.83
08/04/21,23:45:00,10.74
08/05/21,00:00:00,11.31
08/05/21,00:15:00,10.91
08/05/21,00:30:00,10.74
08/05/21,00:45:00,11.05
08/05/21,01:00:00,10.89
08/05/21,01:15:00,10.68
08/05/21,01:30:00,10.43
08/05/21,01:45:00,10.34
08/05/21,02:00:00,10.27
08/05/21,02:15:00,10.26
08/05/21,02:30:00,10.17
08/05/21,02:45:00,10.19
08/05/21,03:00:00,9.98
08/05/21,03:15:00,10.11
08/05/21,03:30:00,9.91
08/05/21,03:45:00,9.85
08/05/21,04:00:00,9.78
08/05/21,04:15:00,9.73
08/05/21,04:30:00,9.68
08/05/21,04:45:00,9.61
08/05/21,05:00:00,9.38
08/05/21,05:15:00,9.32
08/05/21,05:30:00,9.58
08/05/21,05:45:00,9.78
08/05/21,06:00:00,10.00
08/05/21,06:15:00,9.97
08/05/21,06:30:00,9.82
08/05/21,06:45:00,9.33
08/05/21,07:00:00,9.15
08/05/21,07:15:00,9.09
08/05/21,07:30:00,9.04
08/05/21,07:45:00,8.98
08/05/21,08:00:00,8.91
08/05/21,08:15:00,8.79
08/05/21,08:30:00,8.54
08/05/21,08:45:00,8.31
08/05/21,09:00:00,8.33
08/05/21,09:15:00,8.97
08/05/21,09:30:00,9.56
08/05/21,09:45:00,9.98
08/05/21,10:00:00,10.28
08/05/21,10:15:00,10.78
08/05/21,10:30:00,10.57
08/05/21,10:45:00,10.43
08/05/21,11:00:00,10.63
08/05/21,11:15:00,10.95
08/05/21,11:30:00,11.38
08/05/21,11:45:00,12.01
08/05/21,12:00:00,12.41
08/05/21,12:15:00,11.94
08/05/21,12:30:00,11.37
08/05/21,12:45:00,11.14
08/05/21,13:00:00,11.50
08/05/21,13:15:00,11.73
08/05/21,13:30:00,12.14
08/05/21,13:45:00,12.84
08/05/21,14:00:00,13.31
08/05/21,14:15:00,13.41
08/05/21,14:30:00,13.49
08/05/21,14:45:00,13.57
08/05/21,15:00:00,13.56
08/05/21,15:15:00,13.43
08/05/21,15:30:00,13.30
08/05/21,15:45:00,13.11
08/05/21,16:00:00,12.98
08/05/21,16:15:00,13.05
08/05/21,16:30:00,12.96
08/05/21,16:45:00,12.82
08/05/21,17:00:00,12.49
08/05/21,17:15:00,12.46
08/05/21,17:30:00,12.23
08/05/21,17:45:00,11.78
08/05/21,18:00:00,12.22
08/05/21,18:15:00,12.36
08/05/21,18:30:00,11.87
08/05/21,18:45:00,11.99
08/05/21,19:00:00,11.25
08/05/21,19:15:00,11.53
08/05/21,19:30:00,11.63
08/05/21,19:45:00,11.47
08/05/21,20:00:00,11.39
08/05/21,20:15:00,11.35
08/05/21,20:30:00,11.20
08/05/21,20:45:00,10.72
08/05/21,21:00:00,10.34
08/05/21,21:15:00,10.89
08/05/21,21:30:00,11.46
08/05/21,21:45:00,11.52
08/05/21,22:00:00,11.49
08/05/21,22:15:00,11.47
08/05/21,22:30:00,11.48
08/05/21,22:45:00,11.25
08/05/21,23:00:00,11.05
08/05/21,23:15:00,11.20
08/05/21,23:30:00,10.32
08/05/21,23:45:00,10.77
08/06/21,00:00:00,10.79
08/06/21,00:15:00,10.76
08/06/21,00:30:00,10.42
08/06/21,00:45:00,10.63
08/06/21,01:00:00,10.47
08/06/21,01:15:00,10.34
08/06/21,01:30:00,10.12
08/06/21,01:45:00,10.06
08/06/21,02:00:00,10.01
08/06/21,02:15:00,9.93
08/06/21,02:30:00,9.87
08/06/21,02:45:00,9.82
08/06/21,03:00:00,9.87
08/06/21,03:15:00,9.99
08/06/21,03:30:00,9.93
08/06/21,03:45:00,9.72
08/06/21,04:00:00,10.02
08/06/21,04:15:00,9.83
08/06/21,04:30:00,9.83
08/06/21,04:45:00,9.60
08/06/21,05:00:00,9.48
08/06/21,05:15:00,9.52
08/06/21,05:30:00,9.59
08/06/21,05:45:00,9.58
08/06/21,06:00:00,9.44
08/06/21,06:15:00,9.60
08/06/21,06:30:00,9.76
08/06/21,06:45:00,9.61
08/06/21,07:00:00,9.22
08/06/21,07:15:00,9.00
08/06/21,07:30:00,8.95
08/06/21,07:45:00,8.88
08/06/21,08:00:00,8.90
08/06/21,08:15:00,8.82
08/06/21,08:30:00,8.70
08/06/21,08:45:00,8.53
08/06/21,09:00:00,8.19
08/06/21,09:15:00,7.59
08/06/21,09:30:00,7.49
08/06/21,09:45:00,7.64
08/06/21,10:00:00,8.03
08/06/21,10:15:00,8.18
08/06/21,10:30:00,8.20
08/06/21,10:45:00,8.42
08/06/21,11:00:00,8.92
08/06/21,11:15:00,9.13
08/06/21,11:30:00,9.38
08/06/21,11:45:00,9.79
08/06/21,12:00:00,10.28
08/06/21,12:15:00,10.65
08/06/21,12:30:00,11.14
08/06/21,12:45:00,11.39
08/06/21,13:00:00,10.93
08/06/21,13:15:00,10.65
08/06/21,13:30:00,10.79
08/06/21,13:45:00,11.08
08/06/21,14:00:00,11.25
08/06/21,14:15:00,11.70
08/06/21,14:30:00,12.37
08/06/21,14:45:00,12.59
08/06/21,15:00:00,12.58
08/06/21,15:15:00,12.67
08/06/21,15:30:00,12.66
08/06/21,15:45:00,12.43
08/06/21,16:00:00,12.16
08/06/21,16:15:00,11.92
08/06/21,16:30:00,11.76
08/06/21,16:45:00,11.58
08/06/21,17:00:00,11.47
08/06/21,17:15:00,11.43
08/06/21,17:30:00,11.36
08/06/21,17:45:00,11.36
08/06/21,18:00:00,11.38
08/06/21,18:15:00,11.31
08/06/21,18:30:00,11.22
08/06/21,18:45:00,11.24
08/06/21,19:00:00,11.00
08/06/21,19:15:00,11.15
08/06/21,19:30:00,11.22
08/06/21,19:45:00,11.16
08/06/21,20:00:00,10.98
08/06/21,20:15:00,11.13
08/06/21,20:30:00,10.99
08/06/21,20:45:00,10.90
08/06/21,21:00:00,10.85
08/06/21,21:15:00,10.76
08/06/21,21:30:00,10.62
08/06/21,21:45:00,10.16
08/06/21,22:00:00,10.37
08/06/21,22:15:00,10.25
08/06/21,22:30:00,10.23
08/06/21,22:45:00,10.07
08/06/21,23:00:00,10.11
08/06/21,23:15:00,9.94
08/06/21,23:30:00,9.86
08/06/21,23:45:00,9.49
08/07/21,00:00:00,9.44
08/07/21,00:15:00,9.80
08/07/21,00:30:00,9.87
08/07/21,00:45:00,9.17
08/07/21,01:00:00,10.23
08/07/21,01:15:00,9.88
08/07/21,01:30:00,10.11
08/07/21,01:45:00,10.15
08/07/21,02:00:00,9.80
08/07/21,02:15:00,9.62
08/07/21,02:30:00,9.62
08/07/21,02:45:00,9.70
08/07/21,03:00:00,9.61
08/07/21,03:15:00,9.50
08/07/21,03:30:00,9.56
08/07/21,03:45:00,9.39
08/07/21,04:00:00,9.15
08/07/21,04:15:00,9.43
08/07/21,04:30:00,9.73
08/07/21,04:45:00,9.62
08/07/21,05:00:00,9.59
08/07/21,05:15:00,9.60
08/07/21,05:30:00,9.60
08/07/21,05:45:00,9.50
08/07/21,06:00:00,9.61
08/07/21,06:15:00,9.70
08/07/21,06:30:00,9.72
08/07/21,06:45:00,9.45
08/07/21,07:00:00,9.31
08/07/21,07:15:00,9.48
08/07/21,07:30:00,9.78
08/07/21,07:45:00,9.99
08/07/21,08:00:00,10.08
08/07/21,08:15:00,9.98
08/07/21,08:30:00,9.59
08/07/21,08:45:00,9.43
08/07/21,09:00:00,9.28
08/07/21,09:15:00,9.02
08/07/21,09:30:00,8.98
08/07/21,09:45:00,9.14
08/07/21,10:00:00,9.32
08/07/21,10:15:00,9.40
08/07/21,10:30:00,9.40
08/07/21,10:45:00,9.60
08/07/21,11:00:00,9.67
08/07/21,11:15:00,9.88
08/07/21,11:30:00,10.03
08/07/21,11:45:00,10.42
08/07/21,12:00:00,10.51
08/07/21,12:15:00,10.61
08/07/21,12:30:00,10.55
08/07/21,12:45:00,10.39
08/07/21,13:00:00,10.46
08/07/21,13:15:00,10.72
08/07/21,13:30:00,10.66
08/07/21,13:45:00,10.28
08/07/21,14:00:00,10.13
08/07/21,14:15:00,10.24
08/07/21,14:30:00,10.38
08/07/21,14:45:00,10.74
08/07/21,15:00:00,10.99
08/07/21,15:15:00,10.90
08/07/21,15:30:00,10.83
08/07/21,15:45:00,10.71
08/07/21,16:00:00,10.60
08/07/21,16:15:00,10.46
08/07/21,16:30:00,10.24
08/07/21,16:45:00,10.04
08/07/21,17:00:00,9.90
08/07/21,17:15:00,9.81
08/07/21,17:30:00,9.72
08/07/21,17:45:00,9.64
08/07/21,18:00:00,9.61
08/07/21,18:15:00,9.57
08/07/21,18:30:00,9.55
08/07/21,18:45:00,9.61
08/07/21,19:00:00,9.55
08/07/21,19:15:00,9.57
08/07/21,19:30:00,9.57
08/07/21,19:45:00,9.55
08/07/21,20:00:00,9.58
08/07/21,20:15:00,9.40
08/07/21,20:30:00,9.29
08/07/21,20:45:00,9.20
08/07/21,21:00:00,9.14
08/07/21,21:15:00,9.00
08/07/21,21:30:00,9.02
08/07/21,21:45:00,8.97
08/07/21,22:00:00,8.98
08/07/21,22:15:00,8.92
08/07/21,22:30:00,8.81
08/07/21,22:45:00,8.76
08/07/21,23:00:00,8.67
08/07/21,23:15:00,8.52
08/07/21,23:30:00,8.46
08/07/21,23:45:00,8.73
08/08/21,00:00:00,8.56
08/08/21,00:15:00,8.62
08/08/21,00:30:00,8.64
08/08/21,00:45:00,8.55
08/08/21,01:00:00,8.13
08/08/21,01:15:00,8.12
08/08/21,01:30:00,8.06
08/08/21,01:45:00,8.12
08/08/21,02:00:00,8.23
08/08/21,02:15:00,7.96
08/08/21,02:30:00,7.99
08/08/21,02:45:00,7.88
08/08/21,03:00:00,7.86
08/08/21,03:15:00,8.03
08/08/21,03:30:00,8.20
08/08/21,03:45:00,8.04
08/08/21,04:00:00,8.00
08/08/21,04:15:00,8.06
08/08/21,04:30:00,7.96
08/08/21,04:45:00,7.97
08/08/21,05:00:00,7.42
08/08/21,05:15:00,7.16
08/08/21,05:30:00,7.36
08/08/21,05:45:00,7.36
08/08/21,06:00:00,7.50
08/08/21,06:15:00,7.62
08/08/21,06:30:00,7.62
08/08/21,06:45:00,7.96
08/08/21,07:00:00,8.05
08/08/21,07:15:00,8.30
08/08/21,07:30:00,8.25
08/08/21,07:45:00,8.21
08/08/21,08:00:00,8.16
08/08/21,08:15:00,8.33
08/08/21,08:30:00,8.53
08/08/21,08:45:00,8.59
08/08/21,09:00:00,8.69
08/08/21,09:15:00,8.67
08/08/21,09:30:00,8.61
08/08/21,09:45:00,8.78
08/08/21,10:00:00,8.91
08/08/21,10:15:00,8.90
08/08/21,10:30:00,8.88
08/08/21,10:45:00,8.86
08/08/21,11:00:00,8.91
08/08/21,11:15:00,9.03
08/08/21,11:30:00,9.51
08/08/21,11:45:00,9.68
08/08/21,12:00:00,9.83
08/08/21,12:15:00,9.91
08/08/21,12:30:00,10.88
08/08/21,12:45:00,11.26
08/08/21,13:00:00,11.10
08/08/21,13:15:00,10.91
08/08/21,13:30:00,10.74
08/08/21,13:45:00,11.46
08/08/21,14:00:00,12.81
08/08/21,14:15:00,11.29
08/08/21,14:30:00,10.42
08/08/21,14:45:00,10.61
08/08/21,15:00:00,10.98
08/08/21,15:15:00,11.30
08/08/21,15:30:00,11.89
08/08/21,15:45:00,12.18
08/08/21,16:00:00,12.31
08/08/21,16:15:00,12.50
08/08/21,16:30:00,12.48
08/08/21,16:45:00,12.19
08/08/21,17:00:00,11.69
08/08/21,17:15:00,11.37
08/08/21,17:30:00,11.12
08/08/21,17:45:00,10.97
08/08/21,18:00:00,10.92
08/08/21,18:15:00,10.88
08/08/21,18:30:00,10.87
08/08/21,18:45:00,10.85
08/08/21,19:00:00,10.87
08/08/21,19:15:00,10.82
08/08/21,19:30:00,10.80
08/08/21,19:45:00,10.76
08/08/21,20:00:00,10.56
08/08/21,20:15:00,10.57
08/08/21,20:30:00,10.36
08/08/21,20:45:00,10.29
08/08/21,21:00:00,10.14
08/08/21,21:15:00,10.09
08/08/21,21:30:00,9.87
08/08/21,21:45:00,9.92
08/08/21,22:00:00,9.70
08/08/21,22:15:00,9.73
08/08/21,22:30:00,9.48
08/08/21,22:45:00,9.39
08/08/21,23:00:00,9.19
08/08/21,23:15:00,9.07
08/08/21,23:30:00,8.70
08/08/21,23:45:00,8.59
08/09/21,00:00:00,8.51
08/09/21,00:15:00,8.62
08/09/21,00:30:00,8.86
08/09/21,00:45:00,8.83
08/09/21,01:00:00,8.71
08/09/21,01:15:00,8.47
08/09/21,01:30:00,8.23
08/09/21,01:45:00,8.02
08/09/21,02:00:00,7.73
08/09/21,02:15:00,7.61
08/09/21,02:30:00,7.45
08/09/21,02:45:00,7.54
08/09/21,03:00:00,7.47
08/09/21,03:15:00,7.51
08/09/21,03:30:00,7.48
08/09/21,03:45:00,8.32
08/09/21,04:00:00,8.58
08/09/21,04:15:00,8.51
08/09/21,04:30:00,8.53
08/09/21,04:45:00,8.54
08/09/21,05:00:00,8.44
08/09/21,05:15:00,8.41
08/09/21,05:30:00,8.35
08/09/21,05:45:00,8.30
08/09/21,06:00:00,8.31
08/09/21,06:15:00,8.33
08/09/21,06:30:00,8.23
08/09/21,06:45:00,8.66
08/09/21,07:00:00,9.12
08/09/21,07:15:00,9.28
08/09/21,07:30:00,9.39
08/09/21,07:45:00,9.36
08/09/21,08:00:00,9.28
08/09/21,08:15:00,9.26
08/09/21,08:30:00,9.59
08/09/21,08:45:00,9.68
08/09/21,09:00:00,9.92
08/09/21,09:15:00,10.53
08/09/21,09:30:00,10.66
08/09/21,09:45:00,10.67
08/09/21,10:00:00,10.85
08/09/21,10:15:00,11.22
08/09/21,10:30:00,11.57
08/09/21,10:45:00,11.32
08/09/21,11:00:00,11.16
08/09/21,11:15:00,11.38
08/09/21,11:30:00,11.51
08/09/21,11:45:00,11.67
08/09/21,12:00:00,12.68
08/09/21,12:15:00,13.30
08/09/21,12:30:00,13.84
08/09/21,12:45:00,14.04
08/09/21,13:00:00,13.97
08/09/21,13:15:00,14.91
08/09/21,13:30:00,15.88
08/09/21,13:45:00,15.49
08/09/21,14:00:00,13.72
08/09/21,14:15:00,14.35
08/09/21,14:30:00,16.22
08/09/21,14:45:00,15.37
08/09/21,15:00:00,13.21
08/09/21,15:15:00,13.07
08/09/21,15:30:00,13.55
08/09/21,15:45:00,14.08
08/09/21,16:00:00,14.71
08/09/21,16:15:00,15.37
08/09/21,16:30:00,15.44
08/09/21,16:45:00,15.58
08/09/21,17:00:00,15.62
08/09/21,17:15:00,15.34
08/09/21,17:30:00,14.75
08/09/21,17:45:00,13.79
08/09/21,18:00:00,13.20
08/09/21,18:15:00,12.88
08/09/21,18:30:00,12.62
08/09/21,18:45:00,12.31
08/09/21,19:00:00,12.15
08/09/21,19:15:00,12.01
08/09/21,19:30:00,11.91
08/09/21,19:45:00,11.73
08/09/21,20:00:00,11.67
08/09/21,20:15:00,11.63
08/09/21,20:30:00,11.60
08/09/21,20:45:00,11.31
08/09/21,21:00:00,11.15
08/09/21,21:15:00,11.12
08/09/21,21:30:00,10.94
08/09/21,21:45:00,10.90
08/09/21,22:00:00,10.63
08/09/21,22:15:00,10.41
08/09/21,22:30:00,10.32
08/09/21,22:45:00,10.12
08/09/21,23:00:00,9.99
08/09/21,23:15:00,9.82
08/09/21,23:30:00,9.67
08/09/21,23:45:00,10.44
08/10/21,00:00:00,11.38
08/10/21,00:15:00,11.68
08/10/21,00:30:00,11.83
08/10/21,00:45:00,11.89
08/10/21,01:00:00,11.78
08/10/21,01:15:00,11.71
08/10/21,01:30:00,11.52
08/10/21,01:45:00,10.99
08/10/21,02:00:00,10.74
08/10/21,02:15:00,10.85
08/10/21,02:30:00,10.83
08/10/21,02:45:00,10.82
08/10/21,03:00:00,10.65
08/10/21,03:15:00,10.50
08/10/21,03:30:00,10.30
08/10/21,03:45:00,10.25
08/10/21,04:00:00,10.18
08/10/21,04:15:00,10.09
08/10/21,04:30:00,10.08
08/10/21,04:45:00,9.77
08/10/21,05:00:00,9.40
08/10/21,05:15:00,9.30
08/10/21,05:30:00,9.18
08/10/21,05:45:00,9.18
08/10/21,06:00:00,9.21
08/10/21,06:15:00,9.05
08/10/21,06:30:00,9.05
08/10/21,06:45:00,9.02
08/10/21,07:00:00,9.13
08/10/21,07:15:00,9.04
08/10/21,07:30:00,8.96
08/10/21,07:45:00,9.01
08/10/21,08:00:00,9.20
08/10/21,08:15:00,9.45
08/10/21,08:30:00,10.20
08/10/21,08:45:00,10.50
08/10/21,09:00:00,10.59
08/10/21,09:15:00,10.91
08/10/21,09:30:00,11.34
08/10/21,09:45:00,11.48
08/10/21,10:00:00,11.75
08/10/21,10:15:00,12.26
08/10/21,10:30:00,13.04
08/10/21,10:45:00,13.43
08/10/21,11:00:00,13.39
08/10/21,11:15:00,13.04
08/10/21,11:30:00,12.12
08/10/21,11:45:00,11.67
08/10/21,12:00:00,11.65
08/10/21,12:15:00,11.57
08/10/21,12:30:00,11.53
08/10/21,12:45:00,12.14
08/10/21,13:00:00,13.02
08/10/21,13:15:00,13.60
08/10/21,13:30:00,13.87
08/10/21,13:45:00,14.94
08/10/21,14:00:00,15.06
08/10/21,14:15:00,15.02
08/10/21,14:30:00,14.82
08/10/21,14:45:00,15.17
08/10/21,15:00:00,16.17
08/10/21,15:15:00,15.72
08/10/21,15:30:00,14.82
08/10/21,15:45:00,14.41
08/10/21,16:00:00,15.03
08/10/21,16:15:00,15.48
08/10/21,16:30:00,16.05
08/10/21,16:45:00,16.62
08/10/21,17:00:00,16.73
08/10/21,17:15:00,17.04
08/10/21,17:30:00,17.10
08/10/21,17:45:00,16.73
08/10/21,18:00:00,16.17
08/10/21,18:15:00,15.30
08/10/21,18:30:00,14.69
08/10/21,18:45:00,14.15
08/10/21,19:00:00,13.83
08/10/21,19:15:00,13.61
08/10/21,19:30:00,13.41
08/10/21,19:45:00,13.18
08/10/21,20:00:00,12.84
08/10/21,20:15:00,12.67
08/10/21,20:30:00,12.64
08/10/21,20:45:00,12.50
08/10/21,21:00:00,12.38
08/10/21,21:15:00,12.45
08/10/21,21:30:00,12.52
08/10/21,21:45:00,12.56
08/10/21,22:00:00,12.57
08/10/21,22:15:00,12.55
08/10/21,22:30:00,12.96
08/10/21,22:45:00,13.06
08/10/21,23:00:00,13.35
08/10/21,23:15:00,13.64
08/10/21,23:30:00,13.89
08/10/21,23:45:00,14.04
08/11/21,00:00:00,13.86
08/11/21,00:15:00,13.54
08/11/21,00:30:00,13.35
08/11/21,00:45:00,13.17
08/11/21,01:00:00,13.02
08/11/21,01:15:00,12.90
08/11/21,01:30:00,12.74
08/11/21,01:45:00,12.59
08/11/21,02:00:00,12.42
08/11/21,02:15:00,12.35
08/11/21,02:30:00,12.23
08/11/21,02:45:00,12.03
08/11/21,03:00:00,12.14
08/11/21,03:15:00,11.98
08/11/21,03:30:00,11.95
08/11/21,03:45:00,12.15
08/11/21,04:00:00,12.06
08/11/21,04:15:00,12.15
08/11/21,04:30:00,12.09
08/11/21,04:45:00,12.21
08/11/21,05:00:00,12.19
08/11/21,05:15:00,12.21
08/11/21,05:30:00,12.03
08/11/21,05:45:00,11.89
08/11/21,06:00:00,11.83
08/11/21,06:15:00,11.67
08/11/21,06:30:00,11.54
08/11/21,06:45:00,11.53
08/11/21,07:00:00,11.26
08/11/21,07:15:00,11.46
08/11/21,07:30:00,11.43
08/11/21,07:45:00,11.18
08/11/21,08:00:00,11.54
08/11/21,08:15:00,11.53
08/11/21,08:30:00,11.83
08/11/21,08:45:00,12.04
08/11/21,09:00:00,12.25
08/11/21,09:15:00,12.41
08/11/21,09:30:00,12.45
08/11/21,09:45:00,12.40
08/11/21,10:00:00,12.64
08/11/21,10:15:00,12.93
08/11/21,10:30:00,13.16
08/11/21,10:45:00,13.31
08/11/21,11:00:00,13.49
08/11/21,11:15:00,13.57
08/11/21,11:30:00,13.77
08/11/21,11:45:00,13.95
08/11/21,12:00:00,13.89
08/11/21,12:15:00,13.87
08/11/21,12:30:00,13.80
08/11/21,12:45:00,12.95
08/11/21,13:00:00,12.76
08/11/21,13:15:00,12.47
08/11/21,13:30:00,12.60
08/11/21,13:45:00,12.94
08/11/21,14:00:00,13.95
08/11/21,14:15:00,14.57
08/11/21,14:30:00,15.46
08/11/21,14:45:00,16.38
08/11/21,15:00:00,17.07
08/11/21,15:15:00,17.54
08/11/21,15:30:00,17.08
08/11/21,15:45:00,16.58
08/11/21,16:00:00,16.05
08/11/21,16:15:00,16.09
08/11/21,16:30:00,17.09
08/11/21,16:45:00,17.16
08/11/21,17:00:00,17.28
08/11/21,17:15:00,17.22
08/11/21,17:30:00,17.58
08/11/21,17:45:00,17.75
08/11/21,18:00:00,17.45
08/11/21,18:15:00,16.92
08/11/21,18:30:00,16.29
08/11/21,18:45:00,15.57
08/11/21,19:00:00,14.90
08/11/21,19:15:00,14.30
08/11/21,19:30:00,13.83
08/11/21,19:45:00,13.47
08/11/21,20:00:00,13.16
08/11/21,20:15:00,13.02
08/11/21,20:30:00,12.74
08/11/21,20:45:00,12.54
08/11/21,21:00:00,12.43
08/11/21,21:15:00,12.30
08/11/21,21:30:00,12.35
08/11/21,21:45:00,12.17
08/11/21,22:00:00,12.10
08/11/21,22:15:00,12.24
08/11/21,22:30:00,12.36
08/11/21,22:45:00,12.84
08/11/21,23:00:00,13.10
08/11/21,23:15:00,13.33
08/11/21,23:30:00,13.60
08/11/21,23:45:00,13.74
08/12/21,00:00:00,14.15
08/12/21,00:15:00,14.13
08/12/21,00:30:00,14.01
08/12/21,00:45:00,13.84
08/12/21,01:00:00,13.79
08/12/21,01:15:00,13.87
08/12/21,01:30:00,13.90
08/12/21,01:45:00,13.92
08/12/21,02:00:00,13.79
08/12/21,02:15:00,13.51
08/12/21,02:30:00,13.00
08/12/21,02:45:00,12.53
08/12/21,03:00:00,11.97
08/12/21,03:15:00,11.37
08/12/21,03:30:00,10.40
08/12/21,03:45:00,11.23
08/12/21,04:00:00,11.97
08/12/21,04:15:00,11.97
08/12/21,04:30:00,12.70
08/12/21,04:45:00,12.70
08/12/21,05:00:00,12.55
08/12/21,05:15:00,12.53
08/12/21,05:30:00,12.38
08/12/21,05:45:00,12.35
08/12/21,06:00:00,12.20
08/12/21,06:15:00,11.93
08/12/21,06:30:00,11.65
08/12/21,06:45:00,11.25
08/12/21,07:00:00,11.12
08/12/21,07:15:00,11.04
08/12/21,07:30:00,10.90
08/12/21,07:45:00,10.83
08/12/21,08:00:00,10.92
08/12/21,08:15:00,10.94
08/12/21,08:30:00,10.85
08/12/21,08:45:00,10.85
08/12/21,09:00:00,10.79
08/12/21,09:15:00,10.82
08/12/21,09:30:00,11.00
08/12/21,09:45:00,12.07
08/12/21,10:00:00,12.39
08/12/21,10:15:00,12.57
08/12/21,10:30:00,12.70
08/12/21,10:45:00,12.79
08/12/21,11:00:00,12.91
08/12/21,11:15:00,12.96
08/12/21,11:30:00,12.95
08/12/21,11:45:00,12.88
08/12/21,12:00:00,12.72
08/12/21,12:15:00,12.67
08/12/21,12:30:00,12.82
08/12/21,12:45:00,13.04
08/12/21,13:00:00,13.30
08/12/21,13:15:00,13.50
08/12/21,13:30:00,13.64
08/12/21,13:45:00,13.60
08/12/21,14:00:00,13.65
08/12/21,14:15:00,13.98
08/12/21,14:30:00,14.99
08/12/21,14:45:00,16.26
08/12/21,15:00:00,16.47
08/12/21,15:15:00,16.13
08/12/21,15:30:00,16.16
08/12/21,15:45:00,16.01
08/12/21,16:00:00,16.12
08/12/21,16:15:00,16.62
08/12/21,16:30:00,17.02
08/12/21,16:45:00,17.17
08/12/21,17:00:00,17.28
08/12/21,17:15:00,17.38
08/12/21,17:30:00,17.11
08/12/21,17:45:00,16.94
08/12/21,18:00:00,16.66
08/12/21,18:15:00,16.22
08/12/21,18:30:00,15.67
08/12/21,18:45:00,15.13
08/12/21,19:00:00,14.75
08/12/21,19:15:00,14.08
08/12/21,19:30:00,13.52
08/12/21,19:45:00,13.11
08/12/21,20:00:00,12.77
08/12/21,20:15:00,12.48
08/12/21,20:30:00,12.25
08/12/21,20:45:00,12.13
08/12/21,21:00:00,12.00
08/12/21,21:15:00,11.87
08/12/21,21:30:00,11.64
08/12/21,21:45:00,11.35
08/12/21,22:00:00,11.33
08/12/21,22:15:00,11.24
08/12/21,22:30:00,11.29
08/12/21,22:45:00,11.34
08/12/21,23:00:00,11.29
08/12/21,23:15:00,11.25
08/12/21,23:30:00,11.67
08/12/21,23:45:00,12.06
08/13/21,00:00:00,12.62
08/13/21,00:15:00,12.90
08/13/21,00:30:00,13.02
08/13/21,00:45:00,12.77
08/13/21,01:00:00,12.55
08/13/21,01:15:00,12.46
08/13/21,01:30:00,12.44
08/13/21,01:45:00,12.45
08/13/21,02:00:00,12.30
08/13/21,02:15:00,12.16
08/13/21,02:30:00,12.02
08/13/21,02:45:00,12.00
08/13/21,03:00:00,11.74
08/13/21,03:15:00,11.58
08/13/21,03:30:00,11.15
08/13/21,03:45:00,11.11
08/13/21,04:00:00,10.72
08/13/21,04:15:00,11.07
08/13/21,04:30:00,11.52
08/13/21,04:45:00,11.69
08/13/21,05:00:00,11.66
08/13/21,05:15:00,11.37
08/13/21,05:30:00,11.12
08/13/21,05:45:00,10.98
08/13/21,06:00:00,11.01
08/13/21,06:15:00,11.08
08/13/21,06:30:00,11.09
08/13/21,06:45:00,11.06
08/13/21,07:00:00,11.00
08/13/21,07:15:00,10.80
08/13/21,07:30:00,10.76
08/13/21,07:45:00,10.69
08/13/21,08:00:00,10.43
08/13/21,08:15:00,10.46
08/13/21,08:30:00,10.42
08/13/21,08:45:00,10.30
08/13/21,09:00:00,10.12
08/13/21,09:15:00,10.07
08/13/21,09:30:00,10.27
08/13/21,09:45:00,10.12
08/13/21,10:00:00,10.07
08/13/21,10:15:00,10.46
08/13/21,10:30:00,10.51
08/13/21,10:45:00,10.79
08/13/21,11:00:00,11.61
08/13/21,11:15:00,12.01
08/13/21,11:30:00,13.24
08/13/21,11:45:00,12.16
08/13/21,12:00:00,12.00
08/13/21,12:15:00,11.76
08/13/21,12:30:00,11.62
08/13/21,12:45:00,11.62
08/13/21,13:00:00,11.82
08/13/21,13:15:00,12.10
08/13/21,13:30:00,12.40
08/13/21,13:45:00,12.62
08/13/21,14:00:00,12.91
08/13/21,14:15:00,13.26
08/13/21,14:30:00,13.79
08/13/21,14:45:00,14.59
08/13/21,15:00:00,15.77
08/13/21,15:15:00,15.32
08/13/21,15:30:00,16.47
08/13/21,15:45:00,15.93
08/13/21,16:00:00,15.18
08/13/21,16:15:00,15.68
08/13/21,16:30:00,15.34
08/13/21,16:45:00,15.17
08/13/21,17:00:00,14.79
08/13/21,17:15:00,14.84
08/13/21,17:30:00,15.03
08/13/21,17:45:00,15.28
08/13/21,18:00:00,15.28
08/13/21,18:15:00,14.96
08/13/21,18:30:00,14.29
08/13/21,18:45:00,13.79
08/13/21,19:00:00,13.48
08/13/21,19:15:00,13.32
08/13/21,19:30:00,13.13
08/13/21,19:45:00,12.97
08/13/21,20:00:00,12.80
08/13/21,20:15:00,12.59
08/13/21,20:30:00,12.49
08/13/21,20:45:00,12.33
08/13/21,21:00:00,12.28
08/13/21,21:15:00,12.12
08/13/21,21:30:00,11.72
08/13/21,21:45:00,11.61
08/13/21,22:00:00,11.85
08/13/21,22:15:00,11.38
08/13/21,22:30:00,11.03
08/13/21,22:45:00,10.61
08/13/21,23:00:00,11.24
08/13/21,23:15:00,11.14
08/13/21,23:30:00,10.94
08/13/21,23:45:00,11.58
08/14/21,00:00:00,11.69
08/14/21,00:15:00,11.67
08/14/21,00:30:00,11.74
08/14/21,00:45:00,11.78
08/14/21,01:00:00,11.64
08/14/21,01:15:00,11.68
08/14/21,01:30:00,11.99
08/14/21,01:45:00,12.05
08/14/21,02:00:00,11.96
08/14/21,02:15:00,11.91
08/14/21,02:30:00,11.83
08/14/21,02:45:00,11.74
08/14/21,03:00:00,11.54
08/14/21,03:15:00,11.20
08/14/21,03:30:00,10.89
08/14/21,03:45:00,10.63
08/14/21,04:00:00,10.51
08/14/21,04:15:00,10.28
08/14/21,04:30:00,10.03
08/14/21,04:45:00,9.98
08/14/21,05:00:00,9.85
08/14/21,05:15:00,9.75
08/14/21,05:30:00,9.72
08/14/21,05:45:00,9.83
08/14/21,06:00:00,10.00
08/14/21,06:15:00,10.00
08/14/21,06:30:00,9.94
08/14/21,06:45:00,10.00
08/14/21,07:00:00,9.93
08/14/21,07:15:00,9.82
08/14/21,07:30:00,9.72
08/14/21,07:45:00,9.62
08/14/21,08:00:00,9.57
08/14/21,08:15:00,9.62
08/14/21,08:30:00,9.58
08/14/21,08:45:00,9.66
08/14/21,09:00:00,9.71
08/14/21,09:15:00,9.76
08/14/21,09:30:00,9.79
08/14/21,09:45:00,9.86
08/14/21,10:00:00,9.98
08/14/21,10:15:00,10.05
08/14/21,10:30:00,9.89
08/14/21,10:45:00,10.80
08/14/21,11:00:00,11.31
08/14/21,11:15:00,11.20
08/14/21,11:30:00,11.08
08/14/21,11:45:00,11.39
08/14/21,12:00:00,11.93
08/14/21,12:15:00,12.12
08/14/21,12:30:00,12.14
08/14/21,12:45:00,12.15
08/14/21,13:00:00,12.10
08/14/21,13:15:00,11.84
08/14/21,13:30:00,11.68
08/14/21,13:45:00,11.61
08/14/21,14:00:00,11.95
08/14/21,14:15:00,12.51
08/14/21,14:30:00,12.80
08/14/21,14:45:00,13.02
08/14/21,15:00:00,12.75
08/14/21,15:15:00,13.74
08/14/21,15:30:00,14.11
08/14/21,15:45:00,16.00
08/14/21,16:00:00,16.42
08/14/21,16:15:00,17.50
08/14/21,16:30:00,17.38
08/14/21,16:45:00,16.55
08/14/21,17:00:00,14.44
08/14/21,17:15:00,13.36
08/14/21,17:30:00,13.71
08/14/21,17:45:00,13.93
08/14/21,18:00:00,14.08
08/14/21,18:15:00,13.97
08/14/21,18:30:00,13.85
08/14/21,18:45:00,13.73
08/14/21,19:00:00,13.49
08/14/21,19:15:00,13.37
08/14/21,19:30:00,13.24
08/14/21,19:45:00,13.03
08/14/21,20:00:00,12.88
08/14/21,20:15:00,12.68
08/14/21,20:30:00,12.48
08/14/21,20:45:00,12.32
08/14/21,21:00:00,12.19
08/14/21,21:15:00,12.00
08/14/21,21:30:00,11.79
08/14/21,21:45:00,11.71
08/14/21,22:00:00,11.56
08/14/21,22:15:00,11.27
08/14/21,22:30:00,11.41
08/14/21,22:45:00,11.37
08/14/21,23:00:00,10.92
08/14/21,23:15:00,10.83
08/14/21,23:30:00,10.94
08/14/21,23:45:00,10.43
08/15/21,00:00:00,10.57
08/15/21,00:15:00,10.57
08/15/21,00:30:00,10.86
08/15/21,00:45:00,11.25
08/15/21,01:00:00,11.47
08/15/21,01:15:00,11.52
08/15/21,01:30:00,11.32
08/15/21,01:45:00,11.18
08/15/21,02:00:00,11.18
08/15/21,02:15:00,11.00
08/15/21,02:30:00,10.66
08/15/21,02:45:00,10.30
08/15/21,03:00:00,10.05
08/15/21,03:15:00,9.85
08/15/21,03:30:00,9.57
08/15/21,03:45:00,9.28
08/15/21,04:00:00,9.06
08/15/21,04:15:00,8.87
08/15/21,04:30:00,8.81
08/15/21,04:45:00,8.83
08/15/21,05:00:00,8.75
08/15/21,05:15:00,8.68
08/15/21,05:30:00,8.56
08/15/21,05:45:00,8.37
08/15/21,06:00:00,7.96
08/15/21,06:15:00,8.12
08/15/21,06:30:00,8.25
08/15/21,06:45:00,8.06
08/15/21,07:00:00,7.87
08/15/21,07:15:00,7.73
08/15/21,07:30:00,7.75
08/15/21,07:45:00,7.81
08/15/21,08:00:00,7.94
08/15/21,08:15:00,8.15
08/15/21,08:30:00,8.42
08/15/21,08:45:00,8.73
08/15/21,09:00:00,8.94
08/15/21,09:15:00,9.09
08/15/21,09:30:00,9.13
08/15/21,09:45:00,9.15
08/15/21,10:00:00,9.18
08/15/21,10:15:00,9.22
08/15/21,10:30:00,9.33
08/15/21,10:45:00,9.28
08/15/21,11:00:00,9.36
08/15/21,11:15:00,9.45
08/15/21,11:30:00,9.75
08/15/21,11:45:00,9.78
08/15/21,12:00:00,9.92
08/15/21,12:15:00,10.30
08/15/21,12:30:00,10.63
08/15/21,12:45:00,10.77
08/15/21,13:00:00,10.81
08/15/21,13:15:00,11.75
08/15/21,13:30:00,11.85
08/15/21,13:45:00,11.59
08/15/21,14:00:00,12.44
08/15/21,14:15:00,12.19
08/15/21,14:30:00,12.77
08/15/21,14:45:00,12.85
08/15/21,15:00:00,13.78
08/15/21,15:15:00,13.64
08/15/21,15:30:00,13.84
08/15/21,15:45:00,14.33
08/15/21,16:00:00,14.89
08/15/21,16:15:00,14.84
08/15/21,16:30:00,15.84
08/15/21,16:45:00,14.84
08/15/21,17:00:00,14.23
08/15/21,17:15:00,14.43
08/15/21,17:30:00,14.29
08/15/21,17:45:00,14.07
08/15/21,18:00:00,14.25
08/15/21,18:15:00,14.98
08/15/21,18:30:00,14.99
08/15/21,18:45:00,14.57
08/15/21,19:00:00,14.26
08/15/21,19:15:00,13.91
08/15/21,19:30:00,12.54
08/15/21,19:45:00,12.27
08/15/21,20:00:00,12.19
08/15/21,20:15:00,12.14
08/15/21,20:30:00,12.15
08/15/21,20:45:00,11.98
08/15/21,21:00:00,11.72
08/15/21,21:15:00,11.61
08/15/21,21:30:00,11.46
08/15/21,21:45:00,11.45
08/15/21,22:00:00,11.49
08/15/21,22:15:00,11.41
08/15/21,22:30:00,11.20
08/15/21,22:45:00,11.27
08/15/21,23:00:00,11.15
08/15/21,23:15:00,11.12
08/15/21,23:30:00,11.14
08/15/21,23:45:00,10.78
08/16/21,00:00:00,11.10
08/16/21,00:15:00,10.81
08/16/21,00:30:00,10.63
08/16/21,00:45:00,10.38
08/16/21,01:00:00,10.42
08/16/21,01:15:00,10.33
08/16/21,01:30:00,10.23
08/16/21,01:45:00,10.44
08/16/21,02:00:00,10.03
08/16/21,02:15:00,9.54
08/16/21,02:30:00,9.22
08/16/21,02:45:00,9.00
08/16/21,03:00:00,8.64
08/16/21,03:15:00,8.40
08/16/21,03:30:00,8.34
08/16/21,03:45:00,8.32
08/16/21,04:00:00,8.39
08/16/21,04:15:00,8.52
08/16/21,04:30:00,8.77
08/16/21,04:45:00,8.76
08/16/21,05:00:00,8.50
08/16/21,05:15:00,8.22
08/16/21,05:30:00,8.03
08/16/21,05:45:00,7.87
08/16/21,06:00:00,7.70
08/16/21,06:15:00,7.52
08/16/21,06:30:00,7.26
08/16/21,06:45:00,7.08
08/16/21,07:00:00,7.28
08/16/21,07:15:00,7.46
08/16/21,07:30:00,7.54
08/16/21,07:45:00,7.60
08/16/21,08:00:00,7.47
08/16/21,08:15:00,7.27
08/16/21,08:30:00,7.20
08/16/21,08:45:00,7.26
08/16/21,09:00:00,7.37
08/16/21,09:15:00,7.37
08/16/21,09:30:00,7.29
08/16/21,09:45:00,7.27
08/16/21,10:00:00,7.21
08/16/21,10:15:00,7.28
08/16/21,10:30:00,7.48
08/16/21,10:45:00,7.66
08/16/21,11:00:00,7.78
08/16/21,11:15:00,7.94
08/16/21,11:30:00,8.07
08/16/21,11:45:00,8.22
08/16/21,12:00:00,8.26
08/16/21,12:15:00,8.45
08/16/21,12:30:00,8.61
08/16/21,12:45:00,8.85
08/16/21,13:00:00,8.99
08/16/21,13:15:00,9.03
08/16/21,13:30:00,9.07
08/16/21,13:45:00,9.06
08/16/21,14:00:00,8.98
08/16/21,14:15:00,8.73
08/16/21,14:30:00,8.87
08/16/21,14:45:00,8.68
08/16/21,15:00:00,8.60
08/16/21,15:15:00,8.39
08/16/21,15:30:00,8.31
08/16/21,15:45:00,8.07
08/16/21,16:00:00,8.20
08/16/21,16:15:00,8.37
08/16/21,16:30:00,7.79
08/16/21,16:45:00,7.96
08/16/21,17:00:00,7.80
08/16/21,17:15:00,7.38
08/16/21,17:30:00,7.50
08/16/21,17:45:00,8.24
08/16/21,18:00:00,8.15
08/16/21,18:15:00,8.41
08/16/21,18:30:00,8.30
08/16/21,18:45:00,8.42
08/16/21,19:00:00,8.44
08/16/21,19:15:00,8.47
08/16/21,19:30:00,8.46
08/16/21,19:45:00,8.48
08/16/21,20:00:00,8.44
08/16/21,20:15:00,8.41
08/16/21,20:30:00,8.35
08/16/21,20:45:00,8.33
08/16/21,21:00:00,8.38
08/16/21,21:15:00,8.39
08/16/21,21:30:00,8.31
08/16/21,21:45:00,8.30
08/16/21,22:00:00,8.49
08/16/21,22:15:00,8.65
08/16/21,22:30:00,8.78
08/16/21,22:45:00,8.86
08/16/21,23:00:00,8.95
08/16/21,23:15:00,9.17
08/16/21,23:30:00,9.20
08/16/21,23:45:00,9.12
08/17/21,00:00:00,9.05
08/17/21,00:15:00,9.04
08/17/21,00:30:00,8.86
08/17/21,00:45:00,8.81
08/17/21,01:00:00,8.84
08/17/21,01:15:00,8.82
08/17/21,01:30:00,8.65
08/17/21,01:45:00,8.47
08/17/21,02:00:00,8.30
08/17/21,02:15:00,8.08
08/17/21,02:30:00,7.86
08/17/21,02:45:00,7.86
08/17/21,03:00:00,7.72
08/17/21,03:15:00,7.62
08/17/21,03:30:00,7.47
08/17/21,03:45:00,7.24
08/17/21,04:00:00,7.18
08/17/21,04:15:00,7.28
08/17/21,04:30:00,7.32
08/17/21,04:45:00,7.35
08/17/21,05:00:00,7.42
08/17/21,05:15:00,7.43
08/17/21,05:30:00,7.38
08/17/21,05:45:00,7.31
08/17/21,06:00:00,7.24
08/17/21,06:15:00,7.16
08/17/21,06:30:00,7.11
08/17/21,06:45:00,7.08
08/17/21,07:00:00,6.88
08/17/21,07:15:00,6.87
08/17/21,07:30:00,6.68
08/17/21,07:45:00,6.56
08/17/21,08:00:00,6.68
08/17/21,08:15:00,6.76
08/17/21,08:30:00,6.92
08/17/21,08:45:00,6.92
08/17/21,09:00:00,6.87
08/17/21,09:15:00,6.83
08/17/21,09:30:00,6.56
08/17/21,09:45:00,6.54
08/17/21,10:00:00,6.66
08/17/21,10:15:00,6.78
08/17/21,10:30:00,6.79
08/17/21,10:45:00,6.74
08/17/21,11:00:00,6.69
08/17/21,11:15:00,6.70
08/17/21,11:30:00,6.74
08/17/21,11:45:00,6.78
08/17/21,12:00:00,6.79
08/17/21,12:15:00,6.89
08/17/21,12:30:00,7.01
08/17/21,12:45:00,7.24
08/17/21,13:00:00,7.36
08/17/21,13:15:00,7.58
08/17/21,13:30:00,7.84
08/17/21,13:45:00,8.24
08/17/21,14:00:00,8.57
08/17/21,14:15:00,8.70
08/17/21,14:30:00,8.86
08/17/21,14:45:00,9.02
08/17/21,15:00:00,9.27
08/17/21,15:15:00,9.74
08/17/21,15:30:00,9.88
08/17/21,15:45:00,9.59
08/17/21,16:00:00,9.98
08/17/21,16:15:00,10.58
08/17/21,16:30:00,10.06
08/17/21,16:45:00,10.36
08/17/21,17:00:00,10.64
08/17/21,17:15:00,10.25
08/17/21,17:30:00,10.15
08/17/21,17:45:00,10.18
08/17/21,18:00:00,10.20
08/17/21,18:15:00,10.55
08/17/21,18:30:00,10.43
08/17/21,18:45:00,10.21
08/17/21,19:00:00,10.13
08/17/21,19:15:00,10.19
08/17/21,19:30:00,10.07
08/17/21,19:45:00,9.88
08/17/21,20:00:00,9.58
08/17/21,20:15:00,9.46
08/17/21,20:30:00,9.19
08/17/21,20:45:00,9.04
08/17/21,21:00:00,9.06
08/17/21,21:15:00,8.94
08/17/21,21:30:00,8.97
08/17/21,21:45:00,8.99
08/17/21,22:00:00,8.90
08/17/21,22:15:00,8.90
08/17/21,22:30:00,8.99
08/17/21,22:45:00,9.11
08/17/21,23:00:00,9.02
08/17/21,23:15:00,8.91
08/17/21,23:30:00,8.76
08/17/21,23:45:00,8.90
08/18/21,00:00:00,8.76
08/18/21,00:15:00,8.56
08/18/21,00:30:00,8.53
08/18/21,00:45:00,8.59
08/18/21,01:00:00,8.55
08/18/21,01:15:00,8.51
08/18/21,01:30:00,8.35
08/18/21,01:45:00,8.18
08/18/21,02:00:00,8.17
08/18/21,02:15:00,8.14
08/18/21,02:30:00,8.08
08/18/21,02:45:00,8.26
08/18/21,03:00:00,8.32
08/18/21,03:15:00,8.26
08/18/21,03:30:00,8.13
08/18/21,03:45:00,7.56
08/18/21,04:00:00,6.93
08/18/21,04:15:00,6.89
08/18/21,04:30:00,7.00
08/18/21,04:45:00,6.88
08/18/21,05:00:00,6.85
08/18/21,05:15:00,6.86
08/18/21,05:30:00,6.85
08/18/21,05:45:00,6.90
08/18/21,06:00:00,6.99
08/18/21,06:15:00,7.04
08/18/21,06:30:00,7.01
08/18/21,06:45:00,6.94
08/18/21,07:00:00,6.98
08/18/21,07:15:00,6.78
08/18/21,07:30:00,6.59
08/18/21,07:45:00,6.46
08/18/21,08:00:00,6.68
08/18/21,08:15:00,6.97
08/18/21,08:30:00,7.25
08/18/21,08:45:00,7.49
08/18/21,09:00:00,7.69
08/18/21,09:15:00,9.48
08/18/21,09:30:00,10.46
08/18/21,09:45:00,11.07
08/18/21,10:00:00,10.01
08/18/21,10:15:00,9.56
08/18/21,10:30:00,10.74
08/18/21,10:45:00,12.58
08/18/21,11:00:00,10.58
08/18/21,11:15:00,9.54
08/18/21,11:30:00,9.61
08/18/21,11:45:00,10.05
08/18/21,12:00:00,10.62
08/18/21,12:15:00,11.50
08/18/21,12:30:00,11.92
08/18/21,12:45:00,12.23
08/18/21,13:00:00,12.49
08/18/21,13:15:00,12.71
08/18/21,13:30:00,12.55
08/18/21,13:45:00,12.19
08/18/21,14:00:00,11.99
08/18/21,14:15:00,11.83
08/18/21,14:30:00,11.71
08/18/21,14:45:00,11.70
08/18/21,15:00:00,11.85
08/18/21,15:15:00,11.79
08/18/21,15:30:00,11.96
08/18/21,15:45:00,11.93
08/18/21,16:00:00,11.97
08/18/21,16:15:00,12.22
08/18/21,16:30:00,12.05
08/18/21,16:45:00,12.40
08/18/21,17:00:00,12.29
08/18/21,17:15:00,12.18
08/18/21,17:30:00,12.16
08/18/21,17:45:00,12.26
08/18/21,18:00:00,12.66
08/18/21,18:15:00,12.49
08/18/21,18:30:00,12.48
08/18/21,18:45:00,13.13
08/18/21,19:00:00,13.04
08/18/21,19:15:00,13.16
08/18/21,19:30:00,13.25
08/18/21,19:45:00,12.96
08/18/21,20:00:00,12.31
08/18/21,20:15:00,12.38
08/18/21,20:30:00,12.05
08/18/21,20:45:00,12.70
08/18/21,21:00:00,12.33
08/18/21,21:15:00,12.05
08/18/21,21:30:00,11.70
08/18/21,21:45:00,11.82
08/18/21,22:00:00,11.68
08/18/21,22:15:00,11.21
08/18/21,22:30:00,10.81
08/18/21,22:45:00,10.45
08/18/21,23:00:00,10.21
08/18/21,23:15:00,10.15
08/18/21,23:30:00,10.04
08/18/21,23:45:00,10.26
08/19/21,00:00:00,9.93
08/19/21,00:15:00,10.52
08/19/21,00:30:00,10.30
08/19/21,00:45:00,10.19
08/19/21,01:00:00,9.98
08/19/21,01:15:00,9.82
08/19/21,01:30:00,9.46
08/19/21,01:45:00,9.19
08/19/21,02:00:00,9.28
08/19/21,02:15:00,8.90
08/19/21,02:30:00,8.87
08/19/21,02:45:00,8.98
08/19/21,03:00:00,8.70
08/19/21,03:15:00,9.08
08/19/21,03:30:00,9.11
08/19/21,03:45:00,9.47
08/19/21,04:00:00,9.75
08/19/21,04:15:00,10.06
08/19/21,04:30:00,10.42
08/19/21,04:45:00,10.47
08/19/21,05:00:00,10.21
08/19/21,05:15:00,9.94
08/19/21,05:30:00,9.84
08/19/21,05:45:00,10.15
08/19/21,06:00:00,10.50
08/19/21,06:15:00,10.59
08/19/21,06:30:00,10.42
08/19/21,06:45:00,10.14
08/19/21,07:00:00,9.60
08/19/21,07:15:00,8.91
08/19/21,07:30:00,8.29
08/19/21,07:45:00,8.18
08/19/21,08:00:00,8.08
08/19/21,08:15:00,8.07
08/19/21,08:30:00,7.90
08/19/21,08:45:00,8.30
08/19/21,09:00:00,9.99
08/19/21,09:15:00,10.24
08/19/21,09:30:00,10.20
08/19/21,09:45:00,10.19
08/19/21,10:00:00,10.24
08/19/21,10:15:00,10.15
08/19/21,10:30:00,10.06
08/19/21,10:45:00,9.80
08/19/21,11:00:00,9.60
08/19/21,11:15:00,9.46
08/19/21,11:30:00,9.35
08/19/21,11:45:00,9.26
08/19/21,12:00:00,9.18
08/19/21,12:15:00,9.13
08/19/21,12:30:00,8.95
08/19/21,12:45:00,8.86
