Date,Time,Low Range (μS/cm) c:1 3,High Range (μS/cm) c:1 3
07/20/21,15:00:00,185.6,211.1
07/20/21,15:15:00,185.0,209.7
07/20/21,15:30:00,166.1,191.5
07/20/21,15:45:00,47.7,88.3
07/20/21,16:00:00,0.0,0.0
07/20/21,16:15:00,0.0,0.0
07/20/21,16:30:00,0.0,0.0
07/20/21,16:45:00,0.0,0.0
07/20/21,17:00:00,0.0,0.0
07/20/21,17:15:00,0.0,0.0
07/20/21,17:30:00,0.0,0.0
07/20/21,17:45:00,0.0,0.0
07/20/21,18:00:00,0.0,0.0
07/20/21,18:15:00,0.0,0.0
07/20/21,18:30:00,0.0,0.0
07/20/21,18:45:00,0.0,0.0
07/20/21,19:00:00,0.0,0.0
07/20/21,19:15:00,0.0,0.0
07/20/21,19:30:00,0.0,0.0
07/20/21,19:45:00,0.0,0.0
07/20/21,20:00:00,0.0,0.0
07/20/21,20:15:00,0.0,0.0
07/20/21,20:30:00,0.0,0.0
07/20/21,20:45:00,0.0,0.0
07/20/21,21:00:00,0.0,0.0
07/20/21,21:15:00,0.0,0.0
07/20/21,21:30:00,0.0,0.0
07/20/21,21:45:00,0.0,0.0
07/20/21,22:00:00,0.0,0.0
07/20/21,22:15:00,0.0,0.0
07/20/21,22:30:00,0.0,0.0
07/20/21,22:45:00,0.0,0.0
07/20/21,23:00:00,0.0,0.0
07/20/21,23:15:00,0.0,0.0
07/20/21,23:30:00,0.0,0.0
07/20/21,23:45:00,0.0,0.0
07/21/21,00:00:00,0.0,0.0
07/21/21,00:15:00,0.0,140.7
07/21/21,00:30:00,0.0,0.0
07/21/21,00:45:00,0.0,0.0
07/21/21,01:00:00,0.0,0.0
07/21/21,01:15:00,0.0,0.0
07/21/21,01:30:00,0.0,0.0
07/21/21,01:45:00,0.0,0.0
07/21/21,02:00:00,0.0,0.0
07/21/21,02:15:00,0.0,0.0
07/21/21,02:30:00,0.0,0.0
07/21/21,02:45:00,0.0,140.7
07/21/21,03:00:00,0.0,0.0
07/21/21,03:15:00,0.0,0.0
07/21/21,03:30:00,0.0,0.0
07/21/21,03:45:00,0.0,140.7
07/21/21,04:00:00,0.0,0.0
07/21/21,04:15:00,0.0,140.7
07/21/21,04:30:00,0.0,0.0
07/21/21,04:45:00,0.0,140.7
07/21/21,05:00:00,0.0,140.7
07/21/21,05:15:00,0.0,140.7
07/21/21,05:30:00,0.0,0.0
07/21/21,05:45:00,0.0,0.0
07/21/21,06:00:00,0.0,140.7
07/21/21,06:15:00,0.0,140.7
07/21/21,06:30:00,0.0,0.0
07/21/21,06:45:00,0.0,0.0
07/21/21,07:00:00,0.0,0.0
07/21/21,07:15:00,0.0,0.0
07/21/21,07:30:00,0.0,0.0
07/21/21,07:45:00,0.0,0.0
07/21/21,08:00:00,0.0,0.0
07/21/21,08:15:00,0.0,0.0
07/21/21,08:30:00,0.0,0.0
07/21/21,08:45:00,0.0,0.0
07/21/21,09:00:00,0.0,0.0
07/21/21,09:15:00,0.0,0.0
07/21/21,09:30:00,0.0,0.0
07/21/21,09:45:00,0.0,0.0
07/21/21,10:00:00,0.0,0.0
07/21/21,10:15:00,0.0,0.0
07/21/21,10:30:00,0.0,0.0
07/21/21,10:45:00,0.0,0.0
07/21/21,11:00:00,0.0,0.0
07/21/21,11:15:00,0.0,0.0
07/21/21,11:30:00,0.0,0.0
07/21/21,11:45:00,0.0,0.0
07/21/21,12:00:00,0.0,0.0
07/21/21,12:15:00,0.0,0.0
07/21/21,12:30:00,0.0,0.0
07/21/21,12:45:00,0.0,0.0
07/21/21,13:00:00,0.0,0.0
07/21/21,13:15:00,0.0,0.0
07/21/21,13:30:00,0.0,0.0
07/21/21,13:45:00,0.0,0.0
07/21/21,14:00:00,0.0,0.0
07/21/21,14:15:00,0.0,0.0
07/21/21,14:30:00,0.0,0.0
07/21/21,14:45:00,0.0,0.0
07/21/21,15:00:00,0.0,0.0
07/21/21,15:15:00,0.0,0.0
07/21/21,15:30:00,0.0,140.7
07/21/21,15:45:00,0.0,0.0
07/21/21,16:00:00,0.0,0.0
07/21/21,16:15:00,0.0,0.0
07/21/21,16:30:00,0.0,140.7
07/21/21,16:45:00,0.0,140.7
07/21/21,17:00:00,0.0,0.0
07/21/21,17:15:00,0.0,0.0
07/21/21,17:30:00,0.0,140.7
07/21/21,17:45:00,0.0,0.0
07/21/21,18:00:00,0.0,0.0
07/21/21,18:15:00,0.0,0.0
07/21/21,18:30:00,0.0,0.0
07/21/21,18:45:00,0.0,0.0
07/21/21,19:00:00,0.0,0.0
07/21/21,19:15:00,0.0,0.0
07/21/21,19:30:00,0.0,0.0
07/21/21,19:45:00,0.0,0.0
07/21/21,20:00:00,0.0,0.0
07/21/21,20:15:00,0.0,0.0
07/21/21,20:30:00,0.0,0.0
07/21/21,20:45:00,0.0,0.0
07/21/21,21:00:00,0.0,0.0
07/21/21,21:15:00,0.0,0.0
07/21/21,21:30:00,0.0,0.0
07/21/21,21:45:00,0.0,0.0
07/21/21,22:00:00,0.0,0.0
07/21/21,22:15:00,0.0,0.0
07/21/21,22:30:00,0.0,0.0
07/21/21,22:45:00,0.0,0.0
07/21/21,23:00:00,0.0,0.0
07/21/21,23:15:00,0.0,0.0
07/21/21,23:30:00,0.0,0.0
07/21/21,23:45:00,0.0,0.0
07/22/21,00:00:00,0.0,0.0
07/22/21,00:15:00,0.0,0.0
07/22/21,00:30:00,0.0,140.7
07/22/21,00:45:00,0.0,140.7
07/22/21,01:00:00,0.0,0.0
07/22/21,01:15:00,0.0,0.0
07/22/21,01:30:00,0.0,0.0
07/22/21,01:45:00,0.0,0.0
07/22/21,02:00:00,0.0,0.0
07/22/21,02:15:00,0.0,0.0
07/22/21,02:30:00,0.0,0.0
07/22/21,02:45:00,0.0,0.0
07/22/21,03:00:00,0.0,140.7
07/22/21,03:15:00,0.0,0.0
07/22/21,03:30:00,0.0,0.0
07/22/21,03:45:00,0.0,0.0
07/22/21,04:00:00,0.0,140.7
07/22/21,04:15:00,0.0,0.0
07/22/21,04:30:00,0.0,0.0
07/22/21,04:45:00,0.0,0.0
07/22/21,05:00:00,0.0,140.7
07/22/21,05:15:00,0.0,0.0
07/22/21,05:30:00,0.0,140.7
07/22/21,05:45:00,0.0,0.0
07/22/21,06:00:00,0.0,0.0
07/22/21,06:15:00,0.0,140.7
07/22/21,06:30:00,0.0,140.7
07/22/21,06:45:00,0.0,0.0
07/22/21,07:00:00,0.0,0.0
07/22/21,07:15:00,0.0,0.0
07/22/21,07:30:00,0.0,0.0
07/22/21,07:45:00,0.0,0.0
07/22/21,08:00:00,0.0,0.0
07/22/21,08:15:00,0.0,0.0
07/22/21,08:30:00,0.0,0.0
07/22/21,08:45:00,0.0,0.0
07/22/21,09:00:00,0.0,0.0
07/22/21,09:15:00,0.0,140.7
07/22/21,09:30:00,0.0,140.7
07/22/21,09:45:00,0.0,0.0
07/22/21,10:00:00,0.0,0.0
07/22/21,10:15:00,0.0,0.0
07/22/21,10:30:00,32689.9,48430.8
07/22/21,10:45:00,32689.9,48332.8
07/22/21,11:00:00,32689.9,48444.2
07/22/21,11:15:00,32689.9,48395.1
07/22/21,11:30:00,32689.9,48115.6
07/22/21,11:45:00,32689.9,47267.7
07/22/21,12:00:00,32689.9,46902.0
07/22/21,12:15:00,32689.9,46408.0
07/22/21,12:30:00,32689.9,46115.0
07/22/21,12:45:00,32689.9,46474.4
07/22/21,13:00:00,32689.9,47642.8
07/22/21,13:15:00,32689.9,45554.7
07/22/21,13:30:00,32689.9,45882.2
07/22/21,13:45:00,32689.9,46387.2
07/22/21,14:00:00,32689.9,47020.5
07/22/21,14:15:00,32689.9,47738.5
07/22/21,14:30:00,32689.9,48111.2
07/22/21,14:45:00,32689.9,47983.4
07/22/21,15:00:00,32689.9,47469.7
07/22/21,15:15:00,32689.9,47173.7
07/22/21,15:30:00,32689.9,46653.8
07/22/21,15:45:00,32689.9,46354.1
07/22/21,16:00:00,32689.9,45943.3
07/22/21,16:15:00,32689.9,45619.1
07/22/21,16:30:00,32689.9,45482.5
07/22/21,16:45:00,32689.9,45215.4
07/22/21,17:00:00,32689.9,45171.8
07/22/21,17:15:00,32689.9,44939.2
07/22/21,17:30:00,32689.9,44876.5
07/22/21,17:45:00,32689.9,44825.6
07/22/21,18:00:00,32689.9,44872.5
07/22/21,18:15:00,32689.9,44770.9
07/22/21,18:30:00,32689.9,44802.2
07/22/21,18:45:00,32689.9,44774.8
07/22/21,19:00:00,32689.9,44646.4
07/22/21,19:15:00,32689.9,44162.0
07/22/21,19:30:00,32689.9,44288.0
07/22/21,19:45:00,32689.9,44230.6
07/22/21,20:00:00,32689.9,44211.5
07/22/21,20:15:00,32689.9,44223.0
07/22/21,20:30:00,32689.9,44142.9
07/22/21,20:45:00,32689.9,44184.8
07/22/21,21:00:00,32689.9,44215.3
07/22/21,21:15:00,32689.9,44230.6
07/22/21,21:30:00,32689.9,44207.7
07/22/21,21:45:00,32689.9,44196.3
07/22/21,22:00:00,32689.9,44219.2
07/22/21,22:15:00,32689.9,44200.1
07/22/21,22:30:00,32689.9,44181.0
07/22/21,22:45:00,32689.9,44230.6
07/22/21,23:00:00,32689.9,44211.5
07/22/21,23:15:00,32689.9,44181.0
07/22/21,23:30:00,32689.9,44211.5
07/22/21,23:45:00,32689.9,44215.3
07/23/21,00:00:00,32689.9,44223.0
07/23/21,00:15:00,32689.9,44207.7
07/23/21,00:30:00,32689.9,44234.4
07/23/21,00:45:00,32689.9,44234.4
07/23/21,01:00:00,32689.9,44376.2
07/23/21,01:15:00,32689.9,44341.6
07/23/21,01:30:00,32689.9,44364.6
07/23/21,01:45:00,32689.9,44457.0
07/23/21,02:00:00,32689.9,44418.5
07/23/21,02:15:00,32689.9,44383.9
07/23/21,02:30:00,32689.9,44372.3
07/23/21,02:45:00,32689.9,44364.6
07/23/21,03:00:00,32689.9,44337.8
07/23/21,03:15:00,32689.9,44345.5
07/23/21,03:30:00,32689.9,44184.8
07/23/21,03:45:00,32689.9,44070.7
07/23/21,04:00:00,32689.9,44040.3
07/23/21,04:15:00,32689.9,44032.8
07/23/21,04:30:00,32689.9,44040.3
07/23/21,04:45:00,32689.9,44025.2
07/23/21,05:00:00,32689.9,44165.8
07/23/21,05:15:00,32689.9,44430.0
07/23/21,05:30:00,32689.9,44453.1
07/23/21,05:45:00,32689.9,44487.8
07/23/21,06:00:00,32689.9,44541.9
07/23/21,06:15:00,32689.9,44650.3
07/23/21,06:30:00,32689.9,44825.6
07/23/21,06:45:00,32689.9,44970.6
07/23/21,07:00:00,32689.9,45148.0
07/23/21,07:15:00,32689.9,45402.5
07/23/21,07:30:00,32689.9,45566.8
07/23/21,07:45:00,32689.9,45594.9
07/23/21,08:00:00,32689.9,45772.6
07/23/21,08:15:00,32689.9,45947.3
07/23/21,08:30:00,32689.9,46033.1
07/23/21,08:45:00,32689.9,46234.3
07/23/21,09:00:00,32689.9,46383.1
07/23/21,09:15:00,32689.9,47340.6
07/23/21,09:30:00,32689.9,47418.0
07/23/21,09:45:00,32689.9,46653.8
07/23/21,10:00:00,32689.9,46478.6
07/23/21,10:15:00,32689.9,46536.9
07/23/21,10:30:00,32689.9,46859.8
07/23/21,10:45:00,32689.9,47084.2
07/23/21,11:00:00,32689.9,47413.7
07/23/21,11:15:00,32689.9,47895.7
07/23/21,11:30:00,852.2,793.9
07/23/21,11:45:00,116.1,143.7
07/23/21,12:00:00,32689.9,50066.5
07/23/21,12:15:00,32689.9,49906.2
07/23/21,12:30:00,32689.9,49490.7
07/23/21,12:45:00,32689.9,49026.4
07/23/21,13:00:00,32689.9,47319.2
07/23/21,13:15:00,32689.9,46649.7
07/23/21,13:30:00,32689.9,46449.5
07/23/21,13:45:00,32689.9,47538.8
07/23/21,14:00:00,32689.9,46586.9
07/23/21,14:15:00,32689.9,45931.0
07/23/21,14:30:00,32689.9,45720.0
07/23/21,14:45:00,32689.9,45914.7
07/23/21,15:00:00,32689.9,46978.1
07/23/21,15:15:00,32689.9,47686.2
07/23/21,15:30:00,32689.9,47799.5
07/23/21,15:45:00,32689.9,47007.8
07/23/21,16:00:00,32689.9,46674.8
07/23/21,16:15:00,32689.9,46345.8
07/23/21,16:30:00,32689.9,45841.5
07/23/21,16:45:00,32689.9,45478.5
07/23/21,17:00:00,32689.9,44966.7
07/23/21,17:15:00,32689.9,44751.5
07/23/21,17:30:00,32689.9,44376.2
07/23/21,17:45:00,32689.9,44249.7
07/23/21,18:00:00,32689.9,44036.5
07/23/21,18:15:00,32689.9,44032.8
07/23/21,18:30:00,32689.9,44085.9
07/23/21,18:45:00,32689.9,44070.7
07/23/21,19:00:00,32689.9,44123.9
07/23/21,19:15:00,32689.9,44097.3
07/23/21,19:30:00,32689.9,44101.1
07/23/21,19:45:00,32689.9,43817.6
07/23/21,20:00:00,32689.9,43787.6
07/23/21,20:15:00,32689.9,43750.0
07/23/21,20:30:00,32689.9,43753.8
07/23/21,20:45:00,32689.9,43776.3
07/23/21,21:00:00,32689.9,43757.5
07/23/21,21:15:00,32689.9,43836.4
07/23/21,21:30:00,32689.9,43828.9
07/23/21,21:45:00,32689.9,43840.2
07/23/21,22:00:00,32689.9,43840.2
07/23/21,22:15:00,32689.9,43840.2
07/23/21,22:30:00,32689.9,43874.1
07/23/21,22:45:00,32689.9,43795.1
07/23/21,23:00:00,32689.9,43821.4
07/23/21,23:15:00,32689.9,43783.8
07/23/21,23:30:00,32689.9,43791.3
07/23/21,23:45:00,32689.9,43690.1
07/24/21,00:00:00,32689.9,43664.0
07/24/21,00:15:00,32689.9,43581.9
07/24/21,00:30:00,32689.9,43615.4
07/24/21,00:45:00,32689.9,43555.8
07/24/21,01:00:00,32689.9,43489.0
07/24/21,01:15:00,32689.9,43451.9
07/24/21,01:30:00,32689.9,43463.0
07/24/21,01:45:00,32689.9,43481.5
07/24/21,02:00:00,32689.9,43500.1
07/24/21,02:15:00,32689.9,43507.5
07/24/21,02:30:00,32689.9,43481.5
07/24/21,02:45:00,32689.9,43511.2
07/24/21,03:00:00,32689.9,43526.1
07/24/21,03:15:00,32689.9,43514.9
07/24/21,03:30:00,32689.9,43511.2
07/24/21,03:45:00,32689.9,43485.2
07/24/21,04:00:00,32689.9,43451.9
07/24/21,04:15:00,32689.9,43433.4
07/24/21,04:30:00,32689.9,43425.9
07/24/21,04:45:00,32689.9,43400.0
07/24/21,05:00:00,32689.9,43293.0
07/24/21,05:15:00,32689.9,43293.0
07/24/21,05:30:00,32689.9,43270.9
07/24/21,05:45:00,32689.9,43285.7
07/24/21,06:00:00,32689.9,43344.6
07/24/21,06:15:00,32689.9,43304.1
07/24/21,06:30:00,32689.9,43485.2
07/24/21,06:45:00,32689.9,44261.2
07/24/21,07:00:00,32689.9,44514.8
07/24/21,07:15:00,32689.9,44837.3
07/24/21,07:30:00,32689.9,44903.9
07/24/21,07:45:00,32689.9,45017.8
07/24/21,08:00:00,32689.9,45322.7
07/24/21,08:15:00,32689.9,45346.6
07/24/21,08:30:00,32689.9,45120.4
07/24/21,08:45:00,32689.9,45346.6
07/24/21,09:00:00,32689.9,45760.4
07/24/21,09:15:00,32689.9,46008.6
07/24/21,09:30:00,32689.9,46230.2
07/24/21,09:45:00,32689.9,46561.9
07/24/21,10:00:00,32689.9,47690.6
07/24/21,10:15:00,32689.9,48542.7
07/24/21,10:30:00,32689.9,47847.6
07/24/21,10:45:00,32689.9,47396.5
07/24/21,11:00:00,32689.9,47461.1
07/24/21,11:15:00,32689.9,47681.9
07/24/21,11:30:00,32689.9,48062.6
07/24/21,11:45:00,32689.9,48493.4
07/24/21,12:00:00,32689.9,49003.6
07/24/21,12:15:00,32689.9,49779.5
07/24/21,12:30:00,32689.9,49892.1
07/24/21,12:45:00,32689.9,50499.9
07/24/21,13:00:00,32689.9,50673.2
07/24/21,13:15:00,32689.9,50586.4
07/24/21,13:30:00,32689.9,49774.8
07/24/21,13:45:00,32689.9,48124.4
07/24/21,14:00:00,32689.9,47655.8
07/24/21,14:15:00,32689.9,47336.3
07/24/21,14:30:00,32689.9,50485.5
07/24/21,14:45:00,32689.9,46864.0
07/24/21,15:00:00,32689.9,46536.9
07/24/21,15:15:00,32689.9,46474.4
07/24/21,15:30:00,32689.9,46754.5
07/24/21,15:45:00,32689.9,47375.0
07/24/21,16:00:00,32689.9,47922.0
07/24/21,16:15:00,32689.9,47865.1
07/24/21,16:30:00,32689.9,47289.2
07/24/21,16:45:00,32689.9,46940.0
07/24/21,17:00:00,32689.9,46511.9
07/24/21,17:15:00,32689.9,46049.5
07/24/21,17:30:00,32689.9,45772.6
07/24/21,17:45:00,32689.9,45502.5
07/24/21,18:00:00,32689.9,45298.8
07/24/21,18:15:00,32689.9,45088.8
07/24/21,18:30:00,32689.9,45029.6
07/24/21,18:45:00,32689.9,44896.0
07/24/21,19:00:00,32689.9,44845.1
07/24/21,19:15:00,32689.9,44868.6
07/24/21,19:30:00,32689.9,44849.1
07/24/21,19:45:00,32689.9,44856.9
07/24/21,20:00:00,32689.9,44860.8
07/24/21,20:15:00,32689.9,44853.0
07/24/21,20:30:00,32689.9,44849.1
07/24/21,20:45:00,32689.9,44755.3
07/24/21,21:00:00,32689.9,44476.2
07/24/21,21:15:00,32689.9,44445.4
07/24/21,21:30:00,32689.9,44437.7
07/24/21,21:45:00,32689.9,44449.3
07/24/21,22:00:00,32689.9,44433.8
07/24/21,22:15:00,32689.9,44418.5
07/24/21,22:30:00,32689.9,44457.0
07/24/21,22:45:00,32689.9,44472.4
07/24/21,23:00:00,32689.9,44507.1
07/24/21,23:15:00,32689.9,44468.5
07/24/21,23:30:00,32689.9,45017.8
07/24/21,23:45:00,32689.9,45310.8
07/25/21,00:00:00,32689.9,45598.9
07/25/21,00:15:00,32689.9,45582.9
07/25/21,00:30:00,32689.9,45603.0
07/25/21,00:45:00,32689.9,45594.9
07/25/21,01:00:00,32689.9,45635.2
07/25/21,01:15:00,32689.9,45615.0
07/25/21,01:30:00,32689.9,45615.0
07/25/21,01:45:00,32689.9,45530.6
07/25/21,02:00:00,32689.9,45534.6
07/25/21,02:15:00,32689.9,45550.7
07/25/21,02:30:00,32689.9,45474.5
07/25/21,02:45:00,32689.9,45482.5
07/25/21,03:00:00,32689.9,45426.5
07/25/21,03:15:00,32689.9,45434.5
07/25/21,03:30:00,32689.9,45446.5
07/25/21,03:45:00,32689.9,45430.5
07/25/21,04:00:00,32689.9,45354.6
07/25/21,04:15:00,32689.9,45362.6
07/25/21,04:30:00,32689.9,45346.6
07/25/21,04:45:00,32689.9,45382.5
07/25/21,05:00:00,32689.9,45362.6
07/25/21,05:15:00,32689.9,45362.6
07/25/21,05:30:00,32689.9,45338.6
07/25/21,05:45:00,32689.9,45406.5
07/25/21,06:00:00,32689.9,45358.6
07/25/21,06:15:00,32689.9,45530.6
07/25/21,06:30:00,32689.9,45594.9
07/25/21,06:45:00,32689.9,45550.7
07/25/21,07:00:00,32689.9,45607.0
07/25/21,07:15:00,32689.9,45623.1
07/25/21,07:30:00,32689.9,45526.6
07/25/21,07:45:00,32689.9,45542.7
07/25/21,08:00:00,32689.9,45752.3
07/25/21,08:15:00,32689.9,45898.4
07/25/21,08:30:00,32689.9,46045.4
07/25/21,08:45:00,32689.9,46123.3
07/25/21,09:00:00,32689.9,46300.3
07/25/21,09:15:00,32689.9,46416.3
07/25/21,09:30:00,32689.9,46416.3
07/25/21,09:45:00,32689.9,46499.4
07/25/21,10:00:00,32689.9,46574.4
07/25/21,10:15:00,32689.9,46637.1
07/25/21,10:30:00,32689.9,46624.6
07/25/21,10:45:00,32689.9,46645.5
07/25/21,11:00:00,32689.9,47020.5
07/25/21,11:15:00,32689.9,47443.9
07/25/21,11:30:00,32689.9,47895.7
07/25/21,11:45:00,32689.9,48506.8
07/25/21,12:00:00,32689.9,49282.9
07/25/21,12:15:00,32689.9,49602.2
07/25/21,12:30:00,32689.9,49784.2
07/25/21,12:45:00,32689.9,50042.9
07/25/21,13:00:00,32689.9,50322.9
07/25/21,13:15:00,32689.9,50644.2
07/25/21,13:30:00,32689.9,50891.1
07/25/21,13:45:00,32689.9,51012.9
07/25/21,14:00:00,32689.9,51110.7
07/25/21,14:15:00,32689.9,49067.5
07/25/21,14:30:00,32689.9,48457.6
07/25/21,14:45:00,32689.9,48058.2
07/25/21,15:00:00,32689.9,50222.9
07/25/21,15:15:00,32689.9,47913.2
07/25/21,15:30:00,32689.9,47199.3
07/25/21,15:45:00,32689.9,47169.4
07/25/21,16:00:00,32689.9,47276.3
07/25/21,16:15:00,32689.9,47926.4
07/25/21,16:30:00,32689.9,48444.2
07/25/21,16:45:00,32689.9,48745.1
07/25/21,17:00:00,32689.9,48292.7
07/25/21,17:15:00,32689.9,47979.0
07/25/21,17:30:00,32689.9,47647.1
07/25/21,17:45:00,32689.9,47293.4
07/25/21,18:00:00,32689.9,46885.1
07/25/21,18:15:00,32689.9,46474.4
07/25/21,18:30:00,32689.9,46065.9
07/25/21,18:45:00,32689.9,45703.8
07/25/21,19:00:00,32689.9,45442.5
07/25/21,19:15:00,32689.9,45235.2
07/25/21,19:30:00,32689.9,45191.6
07/25/21,19:45:00,32689.9,45171.8
07/25/21,20:00:00,32689.9,45124.3
07/25/21,20:15:00,32689.9,45155.9
07/25/21,20:30:00,32689.9,45203.5
07/25/21,20:45:00,32689.9,45259.0
07/25/21,21:00:00,32689.9,45247.1
07/25/21,21:15:00,32689.9,45318.7
07/25/21,21:30:00,32689.9,45350.6
07/25/21,21:45:00,32689.9,45207.4
07/25/21,22:00:00,32689.9,45274.9
07/25/21,22:15:00,32689.9,45322.7
07/25/21,22:30:00,32689.9,45394.5
07/25/21,22:45:00,32689.9,45386.5
07/25/21,23:00:00,32689.9,45426.5
07/25/21,23:15:00,32689.9,45490.5
07/25/21,23:30:00,32689.9,45526.6
07/25/21,23:45:00,32689.9,45562.7
07/26/21,00:00:00,32689.9,45647.3
07/26/21,00:15:00,32689.9,45874.0
07/26/21,00:30:00,32689.9,45988.1
07/26/21,00:45:00,32689.9,46074.0
07/26/21,01:00:00,32689.9,46098.6
07/26/21,01:15:00,32689.9,46123.3
07/26/21,01:30:00,32689.9,46057.7
07/26/21,01:45:00,32689.9,45865.9
07/26/21,02:00:00,32689.9,45996.3
07/26/21,02:15:00,32689.9,45935.1
07/26/21,02:30:00,32689.9,45825.3
07/26/21,02:45:00,32689.9,45805.0
07/26/21,03:00:00,32689.9,45792.8
07/26/21,03:15:00,32689.9,45756.4
07/26/21,03:30:00,32689.9,45615.0
07/26/21,03:45:00,32689.9,45490.5
07/26/21,04:00:00,32689.9,45422.5
07/26/21,04:15:00,32689.9,45418.5
07/26/21,04:30:00,32689.9,45366.5
07/26/21,04:45:00,32689.9,45235.2
07/26/21,05:00:00,32689.9,45104.6
07/26/21,05:15:00,32689.9,44998.1
07/26/21,05:30:00,32689.9,44927.4
07/26/21,05:45:00,32689.9,44907.8
07/26/21,06:00:00,32689.9,44770.9
07/26/21,06:15:00,32689.9,44426.1
07/26/21,06:30:00,32689.9,44150.5
07/26/21,06:45:00,32689.9,44013.8
07/26/21,07:00:00,32689.9,43960.8
07/26/21,07:15:00,32689.9,43836.4
07/26/21,07:30:00,32689.9,43810.1
07/26/21,07:45:00,32689.9,43753.8
07/26/21,08:00:00,32689.9,44634.8
07/26/21,08:15:00,32689.9,45294.8
07/26/21,08:30:00,32689.9,45458.5
07/26/21,08:45:00,32689.9,45853.7
07/26/21,09:00:00,32689.9,46016.7
07/26/21,09:15:00,32689.9,45939.2
07/26/21,09:30:00,32689.9,46152.0
07/26/21,09:45:00,32689.9,46300.3
07/26/21,10:00:00,32689.9,46354.1
07/26/21,10:15:00,32689.9,46632.9
07/26/21,10:30:00,32689.9,46931.6
07/26/21,10:45:00,32689.9,47003.6
07/26/21,11:00:00,32689.9,47101.3
07/26/21,11:15:00,32689.9,47254.9
07/26/21,11:30:00,32689.9,47521.5
07/26/21,11:45:00,32689.9,47725.4
07/26/21,12:00:00,32689.9,48497.9
07/26/21,12:15:00,32689.9,48722.5
07/26/21,12:30:00,32689.9,48876.3
07/26/21,12:45:00,32689.9,49195.7
07/26/21,13:00:00,32689.9,49486.1
07/26/21,13:15:00,32689.9,49606.8
07/26/21,13:30:00,32689.9,49892.1
07/26/21,13:45:00,32689.9,50123.3
07/26/21,14:00:00,32689.9,50303.8
07/26/21,14:15:00,32689.9,50408.9
07/26/21,14:30:00,32689.9,50423.2
07/26/21,14:45:00,32689.9,49292.1
07/26/21,15:00:00,32689.9,48994.5
07/26/21,15:15:00,32689.9,49365.9
07/26/21,15:30:00,32689.9,50543.1
07/26/21,15:45:00,32689.9,48480.0
07/26/21,16:00:00,32689.9,47323.5
07/26/21,16:15:00,32689.9,47101.3
07/26/21,16:30:00,32689.9,47135.3
07/26/21,16:45:00,32689.9,47560.5
07/26/21,17:00:00,32689.9,48168.6
07/26/21,17:15:00,32689.9,48266.1
07/26/21,17:30:00,32689.9,47886.9
07/26/21,17:45:00,32689.9,47634.1
07/26/21,18:00:00,32689.9,47332.0
07/26/21,18:15:00,32689.9,46944.3
07/26/21,18:30:00,32689.9,46624.6
07/26/21,18:45:00,32689.9,46287.9
07/26/21,19:00:00,32689.9,45992.2
07/26/21,19:15:00,32689.9,45366.5
07/26/21,19:30:00,32689.9,45136.2
07/26/21,19:45:00,32689.9,44939.2
07/26/21,20:00:00,32689.9,44903.9
07/26/21,20:15:00,32689.9,44662.0
07/26/21,20:30:00,32689.9,44154.3
07/26/21,20:45:00,32689.9,43953.3
07/26/21,21:00:00,32689.9,44460.8
07/26/21,21:15:00,32689.9,44483.9
07/26/21,21:30:00,32689.9,44453.1
07/26/21,21:45:00,32689.9,44453.1
07/26/21,22:00:00,32689.9,44445.4
07/26/21,22:15:00,32689.9,44457.0
07/26/21,22:30:00,32689.9,44464.7
07/26/21,22:45:00,32689.9,44530.3
07/26/21,23:00:00,32689.9,44817.8
07/26/21,23:15:00,32689.9,44853.0
07/26/21,23:30:00,32689.9,44939.2
07/26/21,23:45:00,32689.9,45029.6
07/27/21,00:00:00,32689.9,45183.7
07/27/21,00:15:00,32689.9,45322.7
07/27/21,00:30:00,32689.9,45398.5
07/27/21,00:45:00,32689.9,45454.5
07/27/21,01:00:00,32689.9,45607.0
07/27/21,01:15:00,32689.9,45715.9
07/27/21,01:30:00,32689.9,45898.4
07/27/21,01:45:00,32689.9,46082.2
07/27/21,02:00:00,32689.9,46110.9
07/27/21,02:15:00,32689.9,46115.0
07/27/21,02:30:00,32689.9,46115.0
07/27/21,02:45:00,32689.9,46164.3
07/27/21,03:00:00,32689.9,46119.2
07/27/21,03:15:00,32689.9,46115.0
07/27/21,03:30:00,32689.9,46115.0
07/27/21,03:45:00,32689.9,46057.7
07/27/21,04:00:00,32689.9,45984.1
07/27/21,04:15:00,32689.9,45955.5
07/27/21,04:30:00,32689.9,45910.7
07/27/21,04:45:00,32689.9,45837.5
07/27/21,05:00:00,32689.9,45744.2
07/27/21,05:15:00,32689.9,45586.9
07/27/21,05:30:00,32689.9,45506.5
07/27/21,05:45:00,32689.9,45274.9
07/27/21,06:00:00,32689.9,45211.4
07/27/21,06:15:00,32689.9,45069.0
07/27/21,06:30:00,32689.9,45029.6
07/27/21,06:45:00,32689.9,45061.1
07/27/21,07:00:00,32689.9,44990.3
07/27/21,07:15:00,32689.9,44939.2
07/27/21,07:30:00,32689.9,44864.7
07/27/21,07:45:00,32689.9,44817.8
07/27/21,08:00:00,32689.9,44770.9
07/27/21,08:15:00,32689.9,44665.9
07/27/21,08:30:00,32689.9,44658.1
07/27/21,08:45:00,32689.9,45108.5
07/27/21,09:00:00,32689.9,45639.2
07/27/21,09:15:00,32689.9,45870.0
07/27/21,09:30:00,32689.9,45963.7
07/27/21,09:45:00,32689.9,45947.3
07/27/21,10:00:00,32689.9,45955.5
07/27/21,10:15:00,32689.9,46078.1
07/27/21,10:30:00,32689.9,46362.4
07/27/21,10:45:00,32689.9,46612.0
07/27/21,11:00:00,32689.9,46872.4
07/27/21,11:15:00,32689.9,46952.7
07/27/21,11:30:00,32689.9,47199.3
07/27/21,11:45:00,32689.9,47560.5
07/27/21,12:00:00,32689.9,47838.8
07/27/21,12:15:00,32689.9,48097.9
07/27/21,12:30:00,32689.9,48337.2
07/27/21,12:45:00,32689.9,48677.5
07/27/21,13:00:00,32689.9,49062.9
07/27/21,13:15:00,32689.9,49616.1
07/27/21,13:30:00,32689.9,50099.6
07/27/21,13:45:00,32689.9,50289.5
07/27/21,14:00:00,32689.9,50461.5
07/27/21,14:15:00,32689.9,50557.5
07/27/21,14:30:00,32689.9,50658.7
07/27/21,14:45:00,32689.9,50702.1
07/27/21,15:00:00,32689.9,50437.6
07/27/21,15:15:00,32689.9,49934.4
07/27/21,15:30:00,32689.9,49035.6
07/27/21,15:45:00,32689.9,49500.0
07/27/21,16:00:00,32689.9,49991.0
07/27/21,16:15:00,32689.9,49031.0
07/27/21,16:30:00,32689.9,47344.9
07/27/21,16:45:00,32689.9,47156.6
07/27/21,17:00:00,32689.9,47366.4
07/27/21,17:15:00,32689.9,47603.8
07/27/21,17:30:00,32689.9,48009.8
07/27/21,17:45:00,32689.9,47908.8
07/27/21,18:00:00,32689.9,47686.2
07/27/21,18:15:00,32689.9,47456.8
07/27/21,18:30:00,32689.9,47250.6
07/27/21,18:45:00,32689.9,46999.3
07/27/21,19:00:00,32689.9,46762.9
07/27/21,19:15:00,32689.9,46536.9
07/27/21,19:30:00,32689.9,46180.8
07/27/21,19:45:00,32689.9,45947.3
07/27/21,20:00:00,32689.9,45772.6
07/27/21,20:15:00,32689.9,45502.5
07/27/21,20:30:00,32689.9,45450.5
07/27/21,20:45:00,32689.9,45362.6
07/27/21,21:00:00,32689.9,45326.7
07/27/21,21:15:00,32689.9,45163.9
07/27/21,21:30:00,32689.9,45120.4
07/27/21,21:45:00,32689.9,44927.4
07/27/21,22:00:00,32689.9,44833.4
07/27/21,22:15:00,32689.9,44580.5
07/27/21,22:30:00,32689.9,44572.8
07/27/21,22:45:00,32689.9,44433.8
07/27/21,23:00:00,32689.9,44445.4
07/27/21,23:15:00,32689.9,44418.5
07/27/21,23:30:00,32689.9,44418.5
07/27/21,23:45:00,32689.9,44399.2
07/28/21,00:00:00,32689.9,45013.9
07/28/21,00:15:00,32689.9,45306.8
07/28/21,00:30:00,32689.9,45450.5
07/28/21,00:45:00,32689.9,45598.9
07/28/21,01:00:00,32689.9,45720.0
07/28/21,01:15:00,32689.9,45902.5
07/28/21,01:30:00,32689.9,45947.3
07/28/21,01:45:00,32689.9,45955.5
07/28/21,02:00:00,32689.9,46049.5
07/28/21,02:15:00,32689.9,46110.9
07/28/21,02:30:00,32689.9,46197.2
07/28/21,02:45:00,32689.9,46267.3
07/28/21,03:00:00,32689.9,46250.8
07/28/21,03:15:00,32689.9,46304.5
07/28/21,03:30:00,32689.9,46316.9
07/28/21,03:45:00,32689.9,46321.0
07/28/21,04:00:00,32689.9,46250.8
07/28/21,04:15:00,32689.9,46283.8
07/28/21,04:30:00,32689.9,46287.9
07/28/21,04:45:00,32689.9,46267.3
07/28/21,05:00:00,32689.9,46160.2
07/28/21,05:15:00,32689.9,46082.2
07/28/21,05:30:00,32689.9,46135.6
07/28/21,05:45:00,32689.9,46024.9
07/28/21,06:00:00,32689.9,45967.7
07/28/21,06:15:00,32689.9,45841.5
07/28/21,06:30:00,32689.9,45720.0
07/28/21,06:45:00,32689.9,45687.6
07/28/21,07:00:00,32689.9,45506.5
07/28/21,07:15:00,32689.9,45450.5
07/28/21,07:30:00,32689.9,45414.5
07/28/21,07:45:00,32689.9,45410.5
07/28/21,08:00:00,32689.9,45278.9
07/28/21,08:15:00,32689.9,45314.7
07/28/21,08:30:00,32689.9,45302.8
07/28/21,08:45:00,32689.9,45278.9
07/28/21,09:00:00,32689.9,45294.8
07/28/21,09:15:00,32689.9,45306.8
07/28/21,09:30:00,32689.9,45362.6
07/28/21,09:45:00,32689.9,45426.5
07/28/21,10:00:00,32689.9,45522.6
07/28/21,10:15:00,32689.9,45748.3
07/28/21,10:30:00,32689.9,46086.3
07/28/21,10:45:00,32689.9,46267.3
07/28/21,11:00:00,32689.9,46379.0
07/28/21,11:15:00,32689.9,46528.5
07/28/21,11:30:00,32689.9,46830.2
07/28/21,11:45:00,32689.9,47332.0
07/28/21,12:00:00,32689.9,48288.3
07/28/21,12:15:00,32689.9,48520.3
07/28/21,12:30:00,32689.9,48471.0
07/28/21,12:45:00,32689.9,48381.7
07/28/21,13:00:00,32689.9,48328.3
07/28/21,13:15:00,32689.9,48323.9
07/28/21,13:30:00,32689.9,48390.7
07/28/21,13:45:00,32689.9,48520.3
07/28/21,14:00:00,32689.9,48659.5
07/28/21,14:15:00,32689.9,48822.0
07/28/21,14:30:00,32689.9,48949.0
07/28/21,14:45:00,32689.9,49099.5
07/28/21,15:00:00,32689.9,49237.0
07/28/21,15:15:00,32689.9,49287.5
07/28/21,15:30:00,32689.9,49204.8
07/28/21,15:45:00,32689.9,49085.8
07/28/21,16:00:00,32689.9,49131.5
07/28/21,16:15:00,32689.9,49342.8
07/28/21,16:30:00,32689.9,49407.4
07/28/21,16:45:00,32689.9,49439.8
07/28/21,17:00:00,32689.9,49241.6
07/28/21,17:15:00,32689.9,48785.8
07/28/21,17:30:00,32689.9,48120.0
07/28/21,17:45:00,32689.9,47825.7
07/28/21,18:00:00,32689.9,47668.9
07/28/21,18:15:00,32689.9,47370.7
07/28/21,18:30:00,32689.9,47199.3
07/28/21,18:45:00,32689.9,47024.8
07/28/21,19:00:00,32689.9,46906.2
07/28/21,19:15:00,32689.9,46632.9
07/28/21,19:30:00,32689.9,46466.1
07/28/21,19:45:00,32689.9,46312.7
07/28/21,20:00:00,32689.9,46201.4
07/28/21,20:15:00,32689.9,46098.6
07/28/21,20:30:00,32689.9,45845.6
07/28/21,20:45:00,32689.9,45711.9
07/28/21,21:00:00,32689.9,45502.5
07/28/21,21:15:00,32689.9,45438.4
07/28/21,21:30:00,32689.9,45362.6
07/28/21,21:45:00,32689.9,45302.8
07/28/21,22:00:00,32689.9,45243.2
07/28/21,22:15:00,32689.9,44931.3
07/28/21,22:30:00,32689.9,44743.7
07/28/21,22:45:00,32689.9,44654.2
07/28/21,23:00:00,32689.9,44611.5
07/28/21,23:15:00,32689.9,44646.4
07/28/21,23:30:00,32689.9,45037.5
07/28/21,23:45:00,32689.9,45263.0
07/29/21,00:00:00,32689.9,45255.1
07/29/21,00:15:00,32689.9,45187.6
07/29/21,00:30:00,32689.9,45358.6
07/29/21,00:45:00,32689.9,45450.5
07/29/21,01:00:00,32689.9,45466.5
07/29/21,01:15:00,32689.9,45627.1
07/29/21,01:30:00,32689.9,45760.4
07/29/21,01:45:00,32689.9,46000.4
07/29/21,02:00:00,32689.9,46168.4
07/29/21,02:15:00,32689.9,46205.5
07/29/21,02:30:00,32689.9,46325.1
07/29/21,02:45:00,32689.9,46408.0
07/29/21,03:00:00,32689.9,46474.4
07/29/21,03:15:00,32689.9,46511.9
07/29/21,03:30:00,32689.9,46612.0
07/29/21,03:45:00,32689.9,46595.3
07/29/21,04:00:00,32689.9,46570.3
07/29/21,04:15:00,32689.9,46586.9
07/29/21,04:30:00,32689.9,46516.1
07/29/21,04:45:00,32689.9,46528.5
07/29/21,05:00:00,32689.9,46528.5
07/29/21,05:15:00,32689.9,46495.2
07/29/21,05:30:00,32689.9,46453.6
07/29/21,05:45:00,32689.9,46424.6
07/29/21,06:00:00,32689.9,46391.4
07/29/21,06:15:00,32689.9,46271.4
07/29/21,06:30:00,32689.9,46139.7
07/29/21,06:45:00,32689.9,46143.8
07/29/21,07:00:00,32689.9,46090.4
07/29/21,07:15:00,32689.9,45980.0
07/29/21,07:30:00,32689.9,45927.0
07/29/21,07:45:00,32689.9,45865.9
07/29/21,08:00:00,32689.9,45886.2
07/29/21,08:15:00,32689.9,45813.1
07/29/21,08:30:00,32689.9,45821.2
07/29/21,08:45:00,32689.9,45724.0
07/29/21,09:00:00,32689.9,45598.9
07/29/21,09:15:00,32689.9,45651.3
07/29/21,09:30:00,32689.9,45582.9
07/29/21,09:45:00,32689.9,45631.2
07/29/21,10:00:00,32689.9,45671.5
07/29/21,10:15:00,32689.9,45643.3
07/29/21,10:30:00,32689.9,45699.8
07/29/21,10:45:00,32689.9,45566.8
07/29/21,11:00:00,32689.9,45522.6
07/29/21,11:15:00,32689.9,45490.5
07/29/21,11:30:00,32689.9,45514.6
07/29/21,11:45:00,32689.9,45607.0
07/29/21,12:00:00,32689.9,45829.3
07/29/21,12:15:00,32689.9,46403.8
07/29/21,12:30:00,32689.9,46536.9
07/29/21,12:45:00,32689.9,46880.9
07/29/21,13:00:00,32689.9,47242.1
07/29/21,13:15:00,32689.9,47435.2
07/29/21,13:30:00,32689.9,47729.7
07/29/21,13:45:00,32689.9,47974.7
07/29/21,14:00:00,32689.9,48159.8
07/29/21,14:15:00,32689.9,48323.9
07/29/21,14:30:00,32689.9,48471.0
07/29/21,14:45:00,32689.9,48691.0
07/29/21,15:00:00,32689.9,48808.4
07/29/21,15:15:00,32689.9,48758.7
07/29/21,15:30:00,32689.9,48876.3
07/29/21,15:45:00,32689.9,48849.1
07/29/21,16:00:00,32689.9,48849.1
07/29/21,16:15:00,32689.9,48844.6
07/29/21,16:30:00,32689.9,48686.5
07/29/21,16:45:00,32689.9,48587.5
07/29/21,17:00:00,32689.9,48471.0
07/29/21,17:15:00,32689.9,48199.6
07/29/21,17:30:00,32689.9,47996.6
07/29/21,17:45:00,32689.9,47734.1
07/29/21,18:00:00,32689.9,47595.1
07/29/21,18:15:00,32689.9,47400.8
07/29/21,18:30:00,32689.9,47186.5
07/29/21,18:45:00,32689.9,46965.4
07/29/21,19:00:00,32689.9,46847.1
07/29/21,19:15:00,32689.9,46670.6
07/29/21,19:30:00,32689.9,46516.1
07/29/21,19:45:00,32689.9,46416.3
07/29/21,20:00:00,32689.9,46416.3
07/29/21,20:15:00,32689.9,46354.1
07/29/21,20:30:00,32689.9,46263.2
07/29/21,20:45:00,32689.9,46197.2
07/29/21,21:00:00,32689.9,46078.1
07/29/21,21:15:00,32689.9,46004.5
07/29/21,21:30:00,32689.9,45935.1
07/29/21,21:45:00,32689.9,45935.1
07/29/21,22:00:00,32689.9,45927.0
07/29/21,22:15:00,32689.9,45894.4
07/29/21,22:30:00,32689.9,45776.6
07/29/21,22:45:00,32689.9,45792.8
07/29/21,23:00:00,32689.9,45711.9
07/29/21,23:15:00,32689.9,45635.2
07/29/21,23:30:00,32689.9,45574.8
07/29/21,23:45:00,32689.9,45534.6
07/30/21,00:00:00,32689.9,45494.5
07/30/21,00:15:00,32689.9,45446.5
07/30/21,00:30:00,32689.9,45434.5
07/30/21,00:45:00,32689.9,45542.7
07/30/21,01:00:00,32689.9,46102.7
07/30/21,01:15:00,32689.9,46152.0
07/30/21,01:30:00,32689.9,46234.3
07/30/21,01:45:00,32689.9,46279.7
07/30/21,02:00:00,32689.9,46147.9
07/30/21,02:15:00,32689.9,45988.1
07/30/21,02:30:00,32689.9,46029.0
07/30/21,02:45:00,32689.9,46139.7
07/30/21,03:00:00,32689.9,46152.0
07/30/21,03:15:00,32689.9,46213.7
07/30/21,03:30:00,32689.9,46387.2
07/30/21,03:45:00,32689.9,46591.1
07/30/21,04:00:00,32689.9,46641.3
07/30/21,04:15:00,32689.9,46704.1
07/30/21,04:30:00,32689.9,46679.0
07/30/21,04:45:00,32689.9,46704.1
07/30/21,05:00:00,32689.9,46716.7
07/30/21,05:15:00,32689.9,46687.4
07/30/21,05:30:00,32689.9,46658.0
07/30/21,05:45:00,32689.9,46708.3
07/30/21,06:00:00,32689.9,46649.7
07/30/21,06:15:00,32689.9,46658.0
07/30/21,06:30:00,32689.9,46591.1
07/30/21,06:45:00,32689.9,46524.4
07/30/21,07:00:00,32689.9,46482.8
07/30/21,07:15:00,32689.9,46374.8
07/30/21,07:30:00,32689.9,46287.9
07/30/21,07:45:00,32689.9,46164.3
07/30/21,08:00:00,32689.9,46078.1
07/30/21,08:15:00,32689.9,46061.8
07/30/21,08:30:00,32689.9,46000.4
07/30/21,08:45:00,32689.9,45959.6
07/30/21,09:00:00,32689.9,45967.7
07/30/21,09:15:00,32689.9,45927.0
07/30/21,09:30:00,32689.9,45971.8
07/30/21,09:45:00,32689.9,45943.3
07/30/21,10:00:00,32689.9,45971.8
07/30/21,10:15:00,32689.9,46029.0
07/30/21,10:30:00,32689.9,46049.5
07/30/21,10:45:00,32689.9,46012.7
07/30/21,11:00:00,32689.9,46004.5
07/30/21,11:15:00,32689.9,46057.7
07/30/21,11:30:00,32689.9,46094.5
07/30/21,11:45:00,32689.9,46115.0
07/30/21,12:00:00,32689.9,46156.1
07/30/21,12:15:00,32689.9,46143.8
07/30/21,12:30:00,32689.9,46176.7
07/30/21,12:45:00,32689.9,46209.6
07/30/21,13:00:00,32689.9,46263.2
07/30/21,13:15:00,32689.9,46366.5
07/30/21,13:30:00,32689.9,46499.4
07/30/21,13:45:00,32689.9,46607.8
07/30/21,14:00:00,32689.9,46746.1
07/30/21,14:15:00,32689.9,46813.4
07/30/21,14:30:00,32689.9,46931.6
07/30/21,14:45:00,32689.9,47033.3
07/30/21,15:00:00,32689.9,47109.8
07/30/21,15:15:00,32689.9,47156.6
07/30/21,15:30:00,32689.9,47323.5
07/30/21,15:45:00,32689.9,47353.5
07/30/21,16:00:00,32689.9,47439.5
07/30/21,16:15:00,32689.9,47439.5
07/30/21,16:30:00,32689.9,47482.7
07/30/21,16:45:00,32689.9,47409.4
07/30/21,17:00:00,32689.9,47259.2
07/30/21,17:15:00,32689.9,47280.6
07/30/21,17:30:00,32689.9,47276.3
07/30/21,17:45:00,32689.9,47225.0
07/30/21,18:00:00,32689.9,47118.3
07/30/21,18:15:00,32689.9,47131.1
07/30/21,18:30:00,32689.9,47063.0
07/30/21,18:45:00,32689.9,46897.7
07/30/21,19:00:00,32689.9,46923.1
07/30/21,19:15:00,32689.9,46767.1
07/30/21,19:30:00,32689.9,46612.0
07/30/21,19:45:00,32689.9,46416.3
07/30/21,20:00:00,32689.9,46168.4
07/30/21,20:15:00,32689.9,46074.0
07/30/21,20:30:00,32689.9,45980.0
07/30/21,20:45:00,32689.9,45890.3
07/30/21,21:00:00,32689.9,45874.0
07/30/21,21:15:00,32689.9,45707.8
07/30/21,21:30:00,32689.9,45631.2
07/30/21,21:45:00,32689.9,45550.7
07/30/21,22:00:00,32689.9,45550.7
07/30/21,22:15:00,32689.9,45518.6
07/30/21,22:30:00,32689.9,45430.5
07/30/21,22:45:00,32689.9,45302.8
07/30/21,23:00:00,32689.9,45286.9
07/30/21,23:15:00,32689.9,45088.8
07/30/21,23:30:00,32689.9,44829.5
07/30/21,23:45:00,32689.9,44728.1
07/31/21,00:00:00,32689.9,44685.3
07/31/21,00:15:00,32689.9,44607.7
07/31/21,00:30:00,32689.9,44534.1
07/31/21,00:45:00,32689.9,44457.0
07/31/21,01:00:00,32689.9,44406.9
07/31/21,01:15:00,32689.9,44468.5
07/31/21,01:30:00,32689.9,45294.8
07/31/21,01:45:00,32689.9,45707.8
07/31/21,02:00:00,32689.9,45736.1
07/31/21,02:15:00,32689.9,45825.3
07/31/21,02:30:00,32689.9,45992.2
07/31/21,02:45:00,32689.9,46399.7
07/31/21,03:00:00,32689.9,46691.5
07/31/21,03:15:00,32689.9,46838.7
07/31/21,03:30:00,32689.9,46897.7
07/31/21,03:45:00,32689.9,47084.2
07/31/21,04:00:00,32689.9,47169.4
07/31/21,04:15:00,32689.9,47237.8
07/31/21,04:30:00,32689.9,47263.5
07/31/21,04:45:00,32689.9,47344.9
07/31/21,05:00:00,32689.9,47254.9
07/31/21,05:15:00,32689.9,47370.7
07/31/21,05:30:00,32689.9,47465.4
07/31/21,05:45:00,32689.9,47426.6
07/31/21,06:00:00,32689.9,47439.5
07/31/21,06:15:00,32689.9,47426.6
07/31/21,06:30:00,32689.9,47362.1
07/31/21,06:45:00,32689.9,47392.2
07/31/21,07:00:00,32689.9,47336.3
07/31/21,07:15:00,32689.9,47375.0
07/31/21,07:30:00,32689.9,47349.2
07/31/21,07:45:00,32689.9,47242.1
07/31/21,08:00:00,32689.9,47135.3
07/31/21,08:15:00,32689.9,46935.8
07/31/21,08:30:00,32689.9,46834.5
07/31/21,08:45:00,32689.9,46762.9
07/31/21,09:00:00,32689.9,46762.9
07/31/21,09:15:00,32689.9,46762.9
07/31/21,09:30:00,32689.9,46695.7
07/31/21,09:45:00,32689.9,46708.3
07/31/21,10:00:00,32689.9,46653.8
07/31/21,10:15:00,32689.9,46612.0
07/31/21,10:30:00,32689.9,46457.8
07/31/21,10:45:00,32689.9,46391.4
07/31/21,11:00:00,32689.9,46292.1
07/31/21,11:15:00,32689.9,46226.1
07/31/21,11:30:00,32689.9,46115.0
07/31/21,11:45:00,32689.9,46086.3
07/31/21,12:00:00,32689.9,46020.8
07/31/21,12:15:00,32689.9,45971.8
07/31/21,12:30:00,32689.9,45922.9
07/31/21,12:45:00,32689.9,45922.9
07/31/21,13:00:00,32689.9,45971.8
07/31/21,13:15:00,32689.9,45943.3
07/31/21,13:30:00,32689.9,45939.2
07/31/21,13:45:00,32689.9,45910.7
07/31/21,14:00:00,32689.9,45910.7
07/31/21,14:15:00,32689.9,45841.5
07/31/21,14:30:00,32689.9,45886.2
07/31/21,14:45:00,32689.9,45935.1
07/31/21,15:00:00,32689.9,46000.4
07/31/21,15:15:00,32689.9,46131.5
07/31/21,15:30:00,32689.9,46139.7
07/31/21,15:45:00,32689.9,46205.5
07/31/21,16:00:00,32689.9,46090.4
07/31/21,16:15:00,32689.9,46176.7
07/31/21,16:30:00,32689.9,46189.0
07/31/21,16:45:00,32689.9,46180.8
07/31/21,17:00:00,32689.9,46164.3
07/31/21,17:15:00,32689.9,46139.7
07/31/21,17:30:00,32689.9,46106.8
07/31/21,17:45:00,32689.9,46106.8
07/31/21,18:00:00,32689.9,45992.2
07/31/21,18:15:00,32689.9,45988.1
07/31/21,18:30:00,32689.9,45975.9
07/31/21,18:45:00,32689.9,45947.3
07/31/21,19:00:00,32689.9,45935.1
07/31/21,19:15:00,32689.9,45845.6
07/31/21,19:30:00,32689.9,45768.5
07/31/21,19:45:00,32689.9,45691.7
07/31/21,20:00:00,32689.9,45582.9
07/31/21,20:15:00,32689.9,45502.5
07/31/21,20:30:00,32689.9,45259.0
07/31/21,20:45:00,32689.9,45069.0
07/31/21,21:00:00,32689.9,44888.2
07/31/21,21:15:00,32689.9,44896.0
07/31/21,21:30:00,32689.9,44774.8
07/31/21,21:45:00,32689.9,44739.8
07/31/21,22:00:00,32689.9,44627.0
07/31/21,22:15:00,32689.9,44650.3
07/31/21,22:30:00,32689.9,44541.9
07/31/21,22:45:00,32689.9,44561.2
07/31/21,23:00:00,32689.9,44607.7
07/31/21,23:15:00,32689.9,44457.0
07/31/21,23:30:00,32689.9,44534.1
07/31/21,23:45:00,32689.9,44572.8
08/01/21,00:00:00,32689.9,44526.4
08/01/21,00:15:00,32689.9,44541.9
08/01/21,00:30:00,32689.9,44553.5
08/01/21,00:45:00,32689.9,44526.4
08/01/21,01:00:00,32689.9,44545.7
08/01/21,01:15:00,32689.9,44662.0
08/01/21,01:30:00,32689.9,44739.8
08/01/21,01:45:00,32689.9,44892.1
08/01/21,02:00:00,32689.9,44751.5
08/01/21,02:15:00,32689.9,44732.0
08/01/21,02:30:00,32689.9,45199.5
08/01/21,02:45:00,32689.9,45370.5
08/01/21,03:00:00,32689.9,45446.5
08/01/21,03:15:00,32689.9,45667.5
08/01/21,03:30:00,32689.9,45760.4
08/01/21,03:45:00,32689.9,45910.7
08/01/21,04:00:00,32689.9,46020.8
08/01/21,04:15:00,32689.9,46016.7
08/01/21,04:30:00,32689.9,46135.6
08/01/21,04:45:00,32689.9,45870.0
08/01/21,05:00:00,32689.9,46209.6
08/01/21,05:15:00,32689.9,46242.6
08/01/21,05:30:00,32689.9,46275.6
08/01/21,05:45:00,32689.9,46254.9
08/01/21,06:00:00,32689.9,46246.7
08/01/21,06:15:00,32689.9,46275.6
08/01/21,06:30:00,32689.9,46259.0
08/01/21,06:45:00,32689.9,46217.8
08/01/21,07:00:00,32689.9,46242.6
08/01/21,07:15:00,32689.9,46238.4
08/01/21,07:30:00,32689.9,46209.6
08/01/21,07:45:00,32689.9,46296.2
08/01/21,08:00:00,32689.9,46230.2
08/01/21,08:15:00,32689.9,46246.7
08/01/21,08:30:00,32689.9,46189.0
08/01/21,08:45:00,32689.9,46090.4
08/01/21,09:00:00,32689.9,46057.7
08/01/21,09:15:00,32689.9,46057.7
08/01/21,09:30:00,32689.9,46029.0
08/01/21,09:45:00,32689.9,45963.7
08/01/21,10:00:00,32689.9,45922.9
08/01/21,10:15:00,32689.9,45841.5
08/01/21,10:30:00,32689.9,45857.8
08/01/21,10:45:00,32689.9,45796.9
08/01/21,11:00:00,32689.9,45667.5
08/01/21,11:15:00,32689.9,45611.0
08/01/21,11:30:00,32689.9,45454.5
08/01/21,11:45:00,32689.9,45370.5
08/01/21,12:00:00,32689.9,45267.0
08/01/21,12:15:00,32689.9,45155.9
08/01/21,12:30:00,32689.9,45163.9
08/01/21,12:45:00,32689.9,45136.2
08/01/21,13:00:00,32689.9,45175.7
08/01/21,13:15:00,32689.9,45163.9
08/01/21,13:30:00,32689.9,45120.4
08/01/21,13:45:00,32689.9,45183.7
08/01/21,14:00:00,32689.9,45080.9
08/01/21,14:15:00,32689.9,45108.5
08/01/21,14:30:00,32689.9,45132.2
08/01/21,14:45:00,32689.9,45069.0
08/01/21,15:00:00,32689.9,45069.0
08/01/21,15:15:00,32689.9,45029.6
08/01/21,15:30:00,32689.9,44978.5
08/01/21,15:45:00,32689.9,45073.0
08/01/21,16:00:00,32689.9,45002.1
08/01/21,16:15:00,32689.9,45069.0
08/01/21,16:30:00,32689.9,45069.0
08/01/21,16:45:00,32689.9,44982.4
08/01/21,17:00:00,32689.9,44990.3
08/01/21,17:15:00,32689.9,44903.9
08/01/21,17:30:00,32689.9,44880.4
08/01/21,17:45:00,32689.9,44880.4
08/01/21,18:00:00,32689.9,44947.0
08/01/21,18:15:00,32689.9,44907.8
08/01/21,18:30:00,32689.9,44927.4
08/01/21,18:45:00,32689.9,44845.1
08/01/21,19:00:00,32689.9,44821.7
08/01/21,19:15:00,32689.9,44810.0
08/01/21,19:30:00,32689.9,44743.7
08/01/21,19:45:00,32689.9,44763.1
08/01/21,20:00:00,32689.9,44689.2
08/01/21,20:15:00,32689.9,44732.0
08/01/21,20:30:00,32689.9,44743.7
08/01/21,20:45:00,32689.9,44669.7
08/01/21,21:00:00,32689.9,44697.0
08/01/21,21:15:00,32689.9,44712.5
08/01/21,21:30:00,32689.9,44712.5
08/01/21,21:45:00,32689.9,44681.4
08/01/21,22:00:00,32689.9,44724.2
08/01/21,22:15:00,32689.9,44689.2
08/01/21,22:30:00,32689.9,44634.8
08/01/21,22:45:00,32689.9,44522.5
08/01/21,23:00:00,32689.9,44545.7
08/01/21,23:15:00,32689.9,44541.9
08/01/21,23:30:00,32689.9,44627.0
08/01/21,23:45:00,32689.9,44603.8
08/02/21,00:00:00,32689.9,44514.8
08/02/21,00:15:00,32689.9,44476.2
08/02/21,00:30:00,32689.9,44399.2
08/02/21,00:45:00,32689.9,44333.9
08/02/21,01:00:00,32689.9,44268.8
08/02/21,01:15:00,32689.9,44162.0
08/02/21,01:30:00,32689.9,44295.6
08/02/21,01:45:00,32689.9,44120.1
08/02/21,02:00:00,32689.9,43723.8
08/02/21,02:15:00,32689.9,44169.6
08/02/21,02:30:00,32689.9,44665.9
08/02/21,02:45:00,32689.9,45061.1
08/02/21,03:00:00,32689.9,45112.5
08/02/21,03:15:00,32689.9,44986.3
08/02/21,03:30:00,32689.9,45390.5
08/02/21,03:45:00,32689.9,45631.2
08/02/21,04:00:00,32689.9,45635.2
08/02/21,04:15:00,32689.9,45756.4
08/02/21,04:30:00,32689.9,45857.8
08/02/21,04:45:00,32689.9,46078.1
08/02/21,05:00:00,32689.9,46110.9
08/02/21,05:15:00,32689.9,46176.7
08/02/21,05:30:00,32689.9,46263.2
08/02/21,05:45:00,32689.9,46164.3
08/02/21,06:00:00,32689.9,46350.0
08/02/21,06:15:00,32689.9,46387.2
08/02/21,06:30:00,32689.9,46395.5
08/02/21,06:45:00,32689.9,46354.1
08/02/21,07:00:00,32689.9,46312.7
08/02/21,07:15:00,32689.9,46341.7
08/02/21,07:30:00,32689.9,46387.2
08/02/21,07:45:00,32689.9,46321.0
08/02/21,08:00:00,32689.9,46366.5
08/02/21,08:15:00,32689.9,46341.7
08/02/21,08:30:00,32689.9,46350.0
08/02/21,08:45:00,32689.9,46341.7
08/02/21,09:00:00,32689.9,46325.1
08/02/21,09:15:00,32689.9,46287.9
08/02/21,09:30:00,32689.9,46217.8
08/02/21,09:45:00,32689.9,46197.2
08/02/21,10:00:00,32689.9,46226.1
08/02/21,10:15:00,32689.9,46217.8
08/02/21,10:30:00,32689.9,46221.9
08/02/21,10:45:00,32689.9,46217.8
08/02/21,11:00:00,32689.9,46110.9
08/02/21,11:15:00,32689.9,46020.8
08/02/21,11:30:00,32689.9,45898.4
08/02/21,11:45:00,32689.9,45809.1
08/02/21,12:00:00,32689.9,45728.0
08/02/21,12:15:00,32689.9,45655.4
08/02/21,12:30:00,32689.9,45490.5
08/02/21,12:45:00,32689.9,45386.5
08/02/21,13:00:00,32689.9,45286.9
08/02/21,13:15:00,32689.9,45159.9
08/02/21,13:30:00,32689.9,44994.2
08/02/21,13:45:00,32689.9,44896.0
08/02/21,14:00:00,32689.9,44786.5
08/02/21,14:15:00,32689.9,44767.0
08/02/21,14:30:00,32689.9,44860.8
08/02/21,14:45:00,32689.9,44966.7
08/02/21,15:00:00,32689.9,44958.8
08/02/21,15:15:00,32689.9,44931.3
08/02/21,15:30:00,32689.9,44829.5
08/02/21,15:45:00,32689.9,44767.0
08/02/21,16:00:00,32689.9,44829.5
08/02/21,16:15:00,32689.9,44786.5
08/02/21,16:30:00,32689.9,44841.2
08/02/21,16:45:00,32689.9,44837.3
08/02/21,17:00:00,32689.9,44821.7
08/02/21,17:15:00,32689.9,44810.0
08/02/21,17:30:00,32689.9,44806.1
08/02/21,17:45:00,32689.9,44794.4
08/02/21,18:00:00,32689.9,44786.5
08/02/21,18:15:00,32689.9,44821.7
08/02/21,18:30:00,32689.9,44778.7
08/02/21,18:45:00,32689.9,44810.0
08/02/21,19:00:00,32689.9,44770.9
08/02/21,19:15:00,32689.9,44790.5
08/02/21,19:30:00,32689.9,44790.5
08/02/21,19:45:00,32689.9,44802.2
08/02/21,20:00:00,32689.9,44782.6
08/02/21,20:15:00,32689.9,44767.0
08/02/21,20:30:00,32689.9,44704.7
08/02/21,20:45:00,32689.9,44441.5
08/02/21,21:00:00,32689.9,44642.6
08/02/21,21:15:00,32689.9,44592.2
08/02/21,21:30:00,32689.9,44658.1
08/02/21,21:45:00,32689.9,44584.4
08/02/21,22:00:00,32689.9,44584.4
08/02/21,22:15:00,32689.9,44561.2
08/02/21,22:30:00,32689.9,44565.1
08/02/21,22:45:00,32689.9,44576.7
08/02/21,23:00:00,32689.9,44580.5
08/02/21,23:15:00,32689.9,44642.6
08/02/21,23:30:00,32689.9,44630.9
08/02/21,23:45:00,32689.9,44642.6
08/03/21,00:00:00,32689.9,44798.3
08/03/21,00:15:00,32689.9,44951.0
08/03/21,00:30:00,32689.9,45096.7
08/03/21,00:45:00,32689.9,45136.2
08/03/21,01:00:00,32689.9,45116.4
08/03/21,01:15:00,32689.9,45144.1
08/03/21,01:30:00,32689.9,45128.3
08/03/21,01:45:00,32689.9,45152.0
08/03/21,02:00:00,32689.9,45092.7
08/03/21,02:15:00,32689.9,45163.9
08/03/21,02:30:00,32689.9,45148.0
08/03/21,02:45:00,32689.9,44888.2
08/03/21,03:00:00,32689.9,45120.4
08/03/21,03:15:00,32689.9,45302.8
08/03/21,03:30:00,32689.9,45550.7
08/03/21,03:45:00,32689.9,45691.7
08/03/21,04:00:00,32689.9,45159.9
08/03/21,04:15:00,32689.9,45163.9
08/03/21,04:30:00,32689.9,45502.5
08/03/21,04:45:00,32689.9,46004.5
08/03/21,05:00:00,32689.9,45570.8
08/03/21,05:15:00,32689.9,46201.4
08/03/21,05:30:00,32689.9,46246.7
08/03/21,05:45:00,32689.9,46412.1
08/03/21,06:00:00,32689.9,46516.1
08/03/21,06:15:00,32689.9,46591.1
08/03/21,06:30:00,32689.9,46612.0
08/03/21,06:45:00,32689.9,46612.0
08/03/21,07:00:00,32689.9,46549.4
08/03/21,07:15:00,32689.9,46545.2
08/03/21,07:30:00,32689.9,46553.6
08/03/21,07:45:00,32689.9,46536.9
08/03/21,08:00:00,32689.9,46695.7
08/03/21,08:15:00,32689.9,46800.8
08/03/21,08:30:00,32689.9,46855.5
08/03/21,08:45:00,32689.9,46914.6
08/03/21,09:00:00,32689.9,46902.0
08/03/21,09:15:00,32689.9,46792.3
08/03/21,09:30:00,32689.9,46762.9
08/03/21,09:45:00,32689.9,46741.9
08/03/21,10:00:00,32689.9,46767.1
08/03/21,10:15:00,32689.9,46788.1
08/03/21,10:30:00,32689.9,46817.6
08/03/21,10:45:00,32689.9,46830.2
08/03/21,11:00:00,32689.9,46830.2
08/03/21,11:15:00,32689.9,46750.3
08/03/21,11:30:00,32689.9,46637.1
08/03/21,11:45:00,32689.9,46624.6
08/03/21,12:00:00,32689.9,46495.2
08/03/21,12:15:00,32689.9,46325.1
08/03/21,12:30:00,32689.9,46131.5
08/03/21,12:45:00,32689.9,46029.0
08/03/21,13:00:00,32689.9,45918.8
08/03/21,13:15:00,32689.9,45906.6
08/03/21,13:30:00,32689.9,45711.9
08/03/21,13:45:00,32689.9,45558.7
08/03/21,14:00:00,32689.9,45414.5
08/03/21,14:15:00,32689.9,45203.5
08/03/21,14:30:00,32689.9,45104.6
08/03/21,14:45:00,32689.9,44915.6
08/03/21,15:00:00,32689.9,44896.0
08/03/21,15:15:00,32689.9,44829.5
08/03/21,15:30:00,32689.9,44790.5
08/03/21,15:45:00,32689.9,44888.2
08/03/21,16:00:00,32689.9,44888.2
08/03/21,16:15:00,32689.9,44888.2
08/03/21,16:30:00,32689.9,44810.0
08/03/21,16:45:00,32689.9,44896.0
08/03/21,17:00:00,32689.9,44864.7
08/03/21,17:15:00,32689.9,44662.0
08/03/21,17:30:00,32689.9,44603.8
08/03/21,17:45:00,32689.9,44538.0
08/03/21,18:00:00,32689.9,44511.0
08/03/21,18:15:00,32689.9,44357.0
08/03/21,18:30:00,32689.9,44395.4
08/03/21,18:45:00,32689.9,44357.0
08/03/21,19:00:00,32689.9,44333.9
08/03/21,19:15:00,32689.9,44399.2
08/03/21,19:30:00,32689.9,44349.3
08/03/21,19:45:00,32689.9,44330.1
08/03/21,20:00:00,32689.9,44330.1
08/03/21,20:15:00,32689.9,44203.9
08/03/21,20:30:00,32689.9,44245.9
08/03/21,20:45:00,32689.9,44196.3
08/03/21,21:00:00,32689.9,44242.1
08/03/21,21:15:00,32689.9,44196.3
08/03/21,21:30:00,32689.9,44139.1
08/03/21,21:45:00,32689.9,44070.7
08/03/21,22:00:00,32689.9,43976.0
08/03/21,22:15:00,32689.9,44017.6
08/03/21,22:30:00,32689.9,43960.8
08/03/21,22:45:00,32689.9,43941.9
08/03/21,23:00:00,32689.9,43802.6
08/03/21,23:15:00,32689.9,43738.8
08/03/21,23:30:00,32689.9,43742.5
08/03/21,23:45:00,32689.9,43708.8
08/04/21,00:00:00,32689.9,43622.9
08/04/21,00:15:00,32689.9,43526.1
08/04/21,00:30:00,32689.9,43544.7
08/04/21,00:45:00,32689.9,43537.2
08/04/21,01:00:00,32689.9,43392.7
08/04/21,01:15:00,32689.9,43485.2
08/04/21,01:30:00,32689.9,43559.6
08/04/21,01:45:00,32689.9,43630.4
08/04/21,02:00:00,32689.9,43570.7
08/04/21,02:15:00,32689.9,43622.9
08/04/21,02:30:00,32689.9,43678.9
08/04/21,02:45:00,32689.9,43705.1
08/04/21,03:00:00,32689.9,43723.8
08/04/21,03:15:00,32689.9,43671.4
08/04/21,03:30:00,32689.9,43735.0
08/04/21,03:45:00,32689.9,43964.6
08/04/21,04:00:00,32689.9,44503.2
08/04/21,04:15:00,32689.9,45104.6
08/04/21,04:30:00,32689.9,45546.7
08/04/21,04:45:00,32689.9,45643.3
08/04/21,05:00:00,32689.9,45631.2
08/04/21,05:15:00,32689.9,45996.3
08/04/21,05:30:00,32689.9,45922.9
08/04/21,05:45:00,32689.9,46250.8
08/04/21,06:00:00,32689.9,46399.7
08/04/21,06:15:00,32689.9,46495.2
08/04/21,06:30:00,32689.9,46561.9
08/04/21,06:45:00,32689.9,46549.4
08/04/21,07:00:00,32689.9,46595.3
08/04/21,07:15:00,32689.9,46561.9
08/04/21,07:30:00,32689.9,46628.7
08/04/21,07:45:00,32689.9,46679.0
08/04/21,08:00:00,32689.9,46868.2
08/04/21,08:15:00,32689.9,46927.3
08/04/21,08:30:00,32689.9,47003.6
08/04/21,08:45:00,32689.9,47080.0
08/04/21,09:00:00,32689.9,47109.8
08/04/21,09:15:00,32689.9,47118.3
08/04/21,09:30:00,32689.9,47233.5
08/04/21,09:45:00,32689.9,47207.9
08/04/21,10:00:00,32689.9,47280.6
08/04/21,10:15:00,32689.9,47314.9
08/04/21,10:30:00,32689.9,47336.3
08/04/21,10:45:00,32689.9,47297.7
08/04/21,11:00:00,32689.9,47349.2
08/04/21,11:15:00,32689.9,47203.6
08/04/21,11:30:00,32689.9,47020.5
08/04/21,11:45:00,32689.9,46864.0
08/04/21,12:00:00,32689.9,46889.3
08/04/21,12:15:00,32689.9,46864.0
08/04/21,12:30:00,32689.9,46741.9
08/04/21,12:45:00,32689.9,46574.4
08/04/21,13:00:00,32689.9,46586.9
08/04/21,13:15:00,32689.9,46395.5
08/04/21,13:30:00,32689.9,46152.0
08/04/21,13:45:00,32689.9,45951.4
08/04/21,14:00:00,32689.9,45029.6
08/04/21,14:15:00,32689.9,45290.9
08/04/21,14:30:00,32689.9,45045.4
08/04/21,14:45:00,32689.9,44763.1
08/04/21,15:00:00,32689.9,44580.5
08/04/21,15:15:00,32689.9,44376.2
08/04/21,15:30:00,32689.9,44437.7
08/04/21,15:45:00,32689.9,44395.4
08/04/21,16:00:00,32689.9,44391.5
08/04/21,16:15:00,32689.9,44337.8
08/04/21,16:30:00,32689.9,44380.0
08/04/21,16:45:00,32689.9,44261.2
08/04/21,17:00:00,32689.9,44418.5
08/04/21,17:15:00,32689.9,44476.2
08/04/21,17:30:00,32689.9,44654.2
08/04/21,17:45:00,32689.9,44662.0
08/04/21,18:00:00,32689.9,44669.7
08/04/21,18:15:00,32689.9,44630.9
08/04/21,18:30:00,32689.9,44665.9
08/04/21,18:45:00,32689.9,44685.3
08/04/21,19:00:00,32689.9,44712.5
08/04/21,19:15:00,32689.9,44708.6
08/04/21,19:30:00,32689.9,44755.3
08/04/21,19:45:00,32689.9,44747.6
08/04/21,20:00:00,32689.9,44716.4
08/04/21,20:15:00,32689.9,44685.3
08/04/21,20:30:00,32689.9,44739.8
08/04/21,20:45:00,32689.9,44798.3
08/04/21,21:00:00,32689.9,44853.0
08/04/21,21:15:00,32689.9,44911.7
08/04/21,21:30:00,32689.9,44880.4
08/04/21,21:45:00,32689.9,44978.5
08/04/21,22:00:00,32689.9,44966.7
08/04/21,22:15:00,32689.9,44943.1
08/04/21,22:30:00,32689.9,44903.9
08/04/21,22:45:00,32689.9,43915.5
08/04/21,23:00:00,32689.9,44146.7
08/04/21,23:15:00,32689.9,43941.9
08/04/21,23:30:00,32689.9,43866.5
08/04/21,23:45:00,32689.9,43847.7
08/05/21,00:00:00,32689.9,43611.7
08/05/21,00:15:00,32689.9,43693.9
08/05/21,00:30:00,32689.9,43802.6
08/05/21,00:45:00,32689.9,44047.9
08/05/21,01:00:00,32689.9,44177.2
08/05/21,01:15:00,32689.9,44468.5
08/05/21,01:30:00,32689.9,44627.0
08/05/21,01:45:00,32689.9,44849.1
08/05/21,02:00:00,32689.9,44970.6
08/05/21,02:15:00,32689.9,44998.1
08/05/21,02:30:00,32689.9,45041.4
08/05/21,02:45:00,32689.9,45116.4
08/05/21,03:00:00,32689.9,45104.6
08/05/21,03:15:00,32689.9,45088.8
08/05/21,03:30:00,32689.9,45116.4
08/05/21,03:45:00,32689.9,45124.3
08/05/21,04:00:00,32689.9,45382.5
08/05/21,04:15:00,32689.9,45534.6
08/05/21,04:30:00,32689.9,45458.5
08/05/21,04:45:00,32689.9,45207.4
08/05/21,05:00:00,32689.9,44982.4
08/05/21,05:15:00,32689.9,44763.1
08/05/21,05:30:00,32689.9,45029.6
08/05/21,05:45:00,32689.9,45800.9
08/05/21,06:00:00,32689.9,46528.5
08/05/21,06:15:00,32689.9,46826.0
08/05/21,06:30:00,32689.9,46420.4
08/05/21,06:45:00,32689.9,46119.2
08/05/21,07:00:00,32689.9,45711.9
08/05/21,07:15:00,32689.9,45772.6
08/05/21,07:30:00,32689.9,46143.8
08/05/21,07:45:00,32689.9,46466.1
08/05/21,08:00:00,32689.9,46906.2
08/05/21,08:15:00,32689.9,47289.2
08/05/21,08:30:00,32689.9,47647.1
08/05/21,08:45:00,32689.9,47790.8
08/05/21,09:00:00,32689.9,47860.7
08/05/21,09:15:00,32689.9,47651.5
08/05/21,09:30:00,32689.9,47405.1
08/05/21,09:45:00,32689.9,47336.3
08/05/21,10:00:00,32689.9,47319.2
08/05/21,10:15:00,32689.9,47517.2
08/05/21,10:30:00,32689.9,47891.3
08/05/21,10:45:00,32689.9,48023.0
08/05/21,11:00:00,32689.9,47547.5
08/05/21,11:15:00,32689.9,46982.4
08/05/21,11:30:00,32689.9,47143.9
08/05/21,11:45:00,32689.9,47551.8
08/05/21,12:00:00,32689.9,47538.8
08/05/21,12:15:00,32689.9,46783.9
08/05/21,12:30:00,32689.9,46069.9
08/05/21,12:45:00,32689.9,45805.0
08/05/21,13:00:00,32689.9,45914.7
08/05/21,13:15:00,32689.9,46004.5
08/05/21,13:30:00,32689.9,46300.3
08/05/21,13:45:00,32689.9,46628.7
08/05/21,14:00:00,32689.9,46624.6
08/05/21,14:15:00,32689.9,46325.1
08/05/21,14:30:00,32689.9,46045.4
08/05/21,14:45:00,32689.9,45975.9
08/05/21,15:00:00,32689.9,45874.0
08/05/21,15:15:00,32689.9,45853.7
08/05/21,15:30:00,32689.9,45679.6
08/05/21,15:45:00,32689.9,45538.6
08/05/21,16:00:00,32689.9,45370.5
08/05/21,16:15:00,32689.9,45203.5
08/05/21,16:30:00,32689.9,45120.4
08/05/21,16:45:00,32689.9,44962.7
08/05/21,17:00:00,32689.9,44931.3
08/05/21,17:15:00,32689.9,44790.5
08/05/21,17:30:00,32689.9,44888.2
08/05/21,17:45:00,32689.9,44841.2
08/05/21,18:00:00,32689.9,44794.4
08/05/21,18:15:00,32689.9,44774.8
08/05/21,18:30:00,32689.9,44669.7
08/05/21,18:45:00,32689.9,44576.7
08/05/21,19:00:00,32689.9,44673.6
08/05/21,19:15:00,32689.9,44108.7
08/05/21,19:30:00,32689.9,43945.7
08/05/21,19:45:00,32689.9,43915.5
08/05/21,20:00:00,32689.9,43866.5
08/05/21,20:15:00,32689.9,43930.6
08/05/21,20:30:00,32689.9,44120.1
08/05/21,20:45:00,32689.9,44181.0
08/05/21,21:00:00,32689.9,44368.5
08/05/21,21:15:00,32689.9,44403.1
08/05/21,21:30:00,32689.9,44778.7
08/05/21,21:45:00,32689.9,44962.7
08/05/21,22:00:00,32689.9,44712.5
08/05/21,22:15:00,32689.9,45053.3
08/05/21,22:30:00,32689.9,45136.2
08/05/21,22:45:00,32689.9,45136.2
08/05/21,23:00:00,32689.9,45100.6
08/05/21,23:15:00,32689.9,45009.9
08/05/21,23:30:00,32689.9,45013.9
08/05/21,23:45:00,32689.9,44939.2
08/06/21,00:00:00,32689.9,44880.4
08/06/21,00:15:00,32689.9,44747.6
08/06/21,00:30:00,32689.9,44603.8
08/06/21,00:45:00,32689.9,44383.9
08/06/21,01:00:00,32689.9,43885.4
08/06/21,01:15:00,32689.9,44002.5
08/06/21,01:30:00,32689.9,43870.3
08/06/21,01:45:00,32689.9,43485.2
08/06/21,02:00:00,32689.9,43600.5
08/06/21,02:15:00,32689.9,43544.7
08/06/21,02:30:00,32689.9,43529.8
08/06/21,02:45:00,32689.9,43414.8
08/06/21,03:00:00,32689.9,42898.4
08/06/21,03:15:00,32689.9,43131.5
08/06/21,03:30:00,32689.9,43168.1
08/06/21,03:45:00,32689.9,43080.3
08/06/21,04:00:00,32689.9,42967.4
08/06/21,04:15:00,32689.9,43007.4
08/06/21,04:30:00,32689.9,42151.8
08/06/21,04:45:00,32689.9,42470.6
08/06/21,05:00:00,32689.9,43326.2
08/06/21,05:15:00,32689.9,44002.5
08/06/21,05:30:00,32689.9,43783.8
08/06/21,05:45:00,32689.9,44592.2
08/06/21,06:00:00,32689.9,44720.3
08/06/21,06:15:00,32689.9,45574.8
08/06/21,06:30:00,32689.9,45821.2
08/06/21,06:45:00,32689.9,45772.6
08/06/21,07:00:00,32689.9,45330.7
08/06/21,07:15:00,32689.9,45494.5
08/06/21,07:30:00,32689.9,45538.6
08/06/21,07:45:00,32689.9,45898.4
08/06/21,08:00:00,32689.9,46168.4
08/06/21,08:15:00,32689.9,46536.9
08/06/21,08:30:00,32689.9,47041.7
08/06/21,08:45:00,32689.9,47452.5
08/06/21,09:00:00,32689.9,47595.1
08/06/21,09:15:00,32689.9,47970.3
08/06/21,09:30:00,32689.9,48150.9
08/06/21,09:45:00,32689.9,48186.3
08/06/21,10:00:00,32689.9,48221.7
08/06/21,10:15:00,32689.9,48328.3
08/06/21,10:30:00,32689.9,48395.1
08/06/21,10:45:00,32689.9,48297.2
08/06/21,11:00:00,32689.9,48292.7
08/06/21,11:15:00,32689.9,48337.2
08/06/21,11:30:00,32689.9,48217.3
08/06/21,11:45:00,32689.9,48009.8
08/06/21,12:00:00,32689.9,47504.3
08/06/21,12:15:00,32689.9,46906.2
08/06/21,12:30:00,32689.9,47625.4
08/06/21,12:45:00,32689.9,47452.5
08/06/21,13:00:00,32689.9,46362.4
08/06/21,13:15:00,32689.9,45554.7
08/06/21,13:30:00,32689.9,45550.7
08/06/21,13:45:00,32689.9,45639.2
08/06/21,14:00:00,32689.9,45663.4
08/06/21,14:15:00,32689.9,45768.5
08/06/21,14:30:00,32689.9,45760.4
08/06/21,14:45:00,32689.9,45711.9
08/06/21,15:00:00,32689.9,45370.5
08/06/21,15:15:00,32689.9,45009.9
08/06/21,15:30:00,32689.9,44755.3
08/06/21,15:45:00,32689.9,44483.9
08/06/21,16:00:00,32689.9,44349.3
08/06/21,16:15:00,32689.9,44112.5
08/06/21,16:30:00,32689.9,43926.8
08/06/21,16:45:00,32689.9,43750.0
08/06/21,17:00:00,32689.9,43489.0
08/06/21,17:15:00,32689.9,43389.0
08/06/21,17:30:00,32689.9,43182.8
08/06/21,17:45:00,32689.9,43109.6
08/06/21,18:00:00,32689.9,43018.3
08/06/21,18:15:00,32689.9,42974.7
08/06/21,18:30:00,32689.9,42967.4
08/06/21,18:45:00,32689.9,42942.0
08/06/21,19:00:00,32689.9,42916.5
08/06/21,19:15:00,32689.9,42750.2
08/06/21,19:30:00,32689.9,42452.8
08/06/21,19:45:00,32689.9,42324.9
08/06/21,20:00:00,32689.9,42218.8
08/06/21,20:15:00,32689.9,42155.4
08/06/21,20:30:00,32689.9,42130.7
08/06/21,20:45:00,32689.9,42099.1
08/06/21,21:00:00,32689.9,42071.0
08/06/21,21:15:00,32689.9,42085.1
08/06/21,21:30:00,32689.9,42137.8
08/06/21,21:45:00,32689.9,42155.4
08/06/21,22:00:00,32689.9,42151.8
08/06/21,22:15:00,32689.9,42176.5
08/06/21,22:30:00,32689.9,42243.5
08/06/21,22:45:00,32689.9,42349.7
08/06/21,23:00:00,32689.9,42385.2
08/06/21,23:15:00,32689.9,42467.1
08/06/21,23:30:00,32689.9,42606.4
08/06/21,23:45:00,32689.9,42574.2
08/07/21,00:00:00,32689.9,42840.5
08/07/21,00:15:00,32689.9,42869.4
08/07/21,00:30:00,32689.9,42873.0
08/07/21,00:45:00,32689.9,42898.4
08/07/21,01:00:00,32689.9,42797.1
08/07/21,01:15:00,32689.9,42735.8
08/07/21,01:30:00,32689.9,42660.3
08/07/21,01:45:00,32689.9,42631.5
08/07/21,02:00:00,32689.9,42617.2
08/07/21,02:15:00,32689.9,42653.1
08/07/21,02:30:00,32689.9,42599.3
08/07/21,02:45:00,32689.9,42538.4
08/07/21,03:00:00,32689.9,42552.7
08/07/21,03:15:00,32689.9,42499.2
08/07/21,03:30:00,32689.9,42488.4
08/07/21,03:45:00,32689.9,42520.6
08/07/21,04:00:00,32689.9,42527.7
08/07/21,04:15:00,32689.9,42847.7
08/07/21,04:30:00,32689.9,43160.8
08/07/21,04:45:00,32689.9,43326.2
08/07/21,05:00:00,32689.9,43507.5
08/07/21,05:15:00,32689.9,43585.6
08/07/21,05:30:00,32689.9,43492.7
08/07/21,05:45:00,32689.9,43563.3
08/07/21,06:00:00,32689.9,44230.6
08/07/21,06:15:00,32689.9,44627.0
08/07/21,06:30:00,32689.9,44615.4
08/07/21,06:45:00,32689.9,45263.0
08/07/21,07:00:00,32689.9,45195.6
08/07/21,07:15:00,32689.9,45021.7
08/07/21,07:30:00,32689.9,44853.0
08/07/21,07:45:00,32689.9,44853.0
08/07/21,08:00:00,32689.9,45073.0
08/07/21,08:15:00,32689.9,45756.4
08/07/21,08:30:00,32689.9,45894.4
08/07/21,08:45:00,32689.9,45615.0
08/07/21,09:00:00,32689.9,45542.7
08/07/21,09:15:00,32689.9,45780.7
08/07/21,09:30:00,32689.9,45809.1
08/07/21,09:45:00,32689.9,45748.3
08/07/21,10:00:00,32689.9,45675.5
08/07/21,10:15:00,32689.9,45679.6
08/07/21,10:30:00,32689.9,45756.4
08/07/21,10:45:00,32689.9,45796.9
08/07/21,11:00:00,32689.9,46008.6
08/07/21,11:15:00,32689.9,46143.8
08/07/21,11:30:00,32689.9,46074.0
08/07/21,11:45:00,32689.9,46000.4
08/07/21,12:00:00,32689.9,45784.7
08/07/21,12:15:00,32689.9,45346.6
08/07/21,12:30:00,32689.9,44806.1
08/07/21,12:45:00,32689.9,44596.0
08/07/21,13:00:00,32689.9,44697.0
08/07/21,13:15:00,32689.9,45148.0
08/07/21,13:30:00,32689.9,45057.2
08/07/21,13:45:00,32689.9,44654.2
08/07/21,14:00:00,32689.9,44422.3
08/07/21,14:15:00,32689.9,44499.4
08/07/21,14:30:00,32689.9,44619.3
08/07/21,14:45:00,32689.9,44584.4
08/07/21,15:00:00,32689.9,44576.7
08/07/21,15:15:00,32689.9,44681.4
08/07/21,15:30:00,32689.9,44654.2
08/07/21,15:45:00,32689.9,44383.9
08/07/21,16:00:00,32689.9,44010.0
08/07/21,16:15:00,32689.9,43682.6
08/07/21,16:30:00,32689.9,43400.0
08/07/21,16:45:00,32689.9,43105.9
08/07/21,17:00:00,32689.9,42931.1
08/07/21,17:15:00,32689.9,42642.3
08/07/21,17:30:00,32689.9,42477.8
08/07/21,17:45:00,32689.9,42367.5
08/07/21,18:00:00,32689.9,42328.4
08/07/21,18:15:00,32689.9,42218.8
08/07/21,18:30:00,32689.9,42025.5
08/07/21,18:45:00,32689.9,41778.1
08/07/21,19:00:00,32689.9,41708.8
08/07/21,19:15:00,32689.9,41646.7
08/07/21,19:30:00,32689.9,41598.4
08/07/21,19:45:00,32689.9,41485.1
08/07/21,20:00:00,32689.9,41426.9
08/07/21,20:15:00,32689.9,41416.6
08/07/21,20:30:00,32689.9,41392.7
08/07/21,20:45:00,32689.9,41283.7
08/07/21,21:00:00,32689.9,41219.2
08/07/21,21:15:00,32689.9,41246.4
08/07/21,21:30:00,32689.9,41243.0
08/07/21,21:45:00,32689.9,41198.9
08/07/21,22:00:00,32689.9,41209.1
08/07/21,22:15:00,32689.9,41185.4
08/07/21,22:30:00,32689.9,41182.0
08/07/21,22:45:00,32689.9,41205.7
08/07/21,23:00:00,32689.9,41215.9
08/07/21,23:15:00,32689.9,41202.3
08/07/21,23:30:00,32689.9,41232.8
08/07/21,23:45:00,32689.9,41229.4
08/08/21,00:00:00,32689.9,41209.1
08/08/21,00:15:00,32689.9,41249.8
08/08/21,00:30:00,32689.9,41256.6
08/08/21,00:45:00,32689.9,41304.1
08/08/21,01:00:00,32689.9,41328.0
08/08/21,01:15:00,32689.9,41297.3
08/08/21,01:30:00,32689.9,41307.5
08/08/21,01:45:00,32689.9,41283.7
08/08/21,02:00:00,32689.9,41328.0
08/08/21,02:15:00,32689.9,41338.2
08/08/21,02:30:00,32689.9,41317.8
08/08/21,02:45:00,32689.9,41324.6
08/08/21,03:00:00,32689.9,41321.2
08/08/21,03:15:00,32689.9,41368.9
08/08/21,03:30:00,32689.9,41348.4
08/08/21,03:45:00,32689.9,41324.6
08/08/21,04:00:00,32689.9,41334.8
08/08/21,04:15:00,32689.9,41198.9
08/08/21,04:30:00,32689.9,41324.6
08/08/21,04:45:00,32689.9,41321.2
08/08/21,05:00:00,32689.9,41212.5
08/08/21,05:15:00,32689.9,41198.9
08/08/21,05:30:00,32689.9,41114.4
08/08/21,05:45:00,32689.9,41094.1
08/08/21,06:00:00,32689.9,41070.5
08/08/21,06:15:00,32689.9,40999.9
08/08/21,06:30:00,32689.9,41043.6
08/08/21,06:45:00,32689.9,41519.4
08/08/21,07:00:00,32689.9,42018.5
08/08/21,07:15:00,32689.9,42696.2
08/08/21,07:30:00,32689.9,42771.8
08/08/21,07:45:00,32689.9,43529.8
08/08/21,08:00:00,32689.9,43945.7
08/08/21,08:15:00,32689.9,44284.1
08/08/21,08:30:00,32689.9,44333.9
08/08/21,08:45:00,32689.9,44345.5
08/08/21,09:00:00,32689.9,44349.3
08/08/21,09:15:00,32689.9,44333.9
08/08/21,09:30:00,32689.9,44322.4
08/08/21,09:45:00,32689.9,44322.4
08/08/21,10:00:00,32689.9,44345.5
08/08/21,10:15:00,32689.9,44245.9
08/08/21,10:30:00,32689.9,44192.4
08/08/21,10:45:00,32689.9,44158.1
08/08/21,11:00:00,32689.9,44162.0
08/08/21,11:15:00,32689.9,44142.9
08/08/21,11:30:00,32689.9,44192.4
08/08/21,11:45:00,32689.9,44108.7
08/08/21,12:00:00,32689.9,44135.3
08/08/21,12:15:00,32689.9,44135.3
08/08/21,12:30:00,32689.9,44173.4
08/08/21,12:45:00,32689.9,44200.1
08/08/21,13:00:00,32689.9,44173.4
08/08/21,13:15:00,32689.9,44044.1
08/08/21,13:30:00,32689.9,44154.3
08/08/21,13:45:00,32689.9,44391.5
08/08/21,14:00:00,32689.9,44697.0
08/08/21,14:15:00,32689.9,44333.9
08/08/21,14:30:00,32689.9,44288.0
08/08/21,14:45:00,32689.9,44357.0
08/08/21,15:00:00,32689.9,44430.0
08/08/21,15:15:00,32689.9,44441.5
08/08/21,15:30:00,32689.9,44483.9
08/08/21,15:45:00,32689.9,44184.8
08/08/21,16:00:00,32689.9,43738.8
08/08/21,16:15:00,32689.9,43300.4
08/08/21,16:30:00,32689.9,43011.1
08/08/21,16:45:00,32689.9,42685.4
08/08/21,17:00:00,32689.9,42349.7
08/08/21,17:15:00,32689.9,42176.5
08/08/21,17:30:00,32689.9,41931.1
08/08/21,17:45:00,32689.9,41657.0
08/08/21,18:00:00,32689.9,41536.5
08/08/21,18:15:00,32689.9,41413.2
08/08/21,18:30:00,32689.9,41297.3
08/08/21,18:45:00,32689.9,41266.8
08/08/21,19:00:00,32689.9,41198.9
08/08/21,19:15:00,32689.9,41090.8
08/08/21,19:30:00,32689.9,41036.9
08/08/21,19:45:00,32689.9,41053.7
08/08/21,20:00:00,32689.9,41047.0
08/08/21,20:15:00,32689.9,41040.2
08/08/21,20:30:00,32689.9,41023.4
08/08/21,20:45:00,32689.9,40916.0
08/08/21,21:00:00,32689.9,40772.4
08/08/21,21:15:00,32689.9,40765.8
08/08/21,21:30:00,32689.9,40722.6
08/08/21,21:45:00,32689.9,40735.9
08/08/21,22:00:00,32689.9,40725.9
08/08/21,22:15:00,32689.9,40725.9
08/08/21,22:30:00,32689.9,40769.1
08/08/21,22:45:00,32689.9,40765.8
08/08/21,23:00:00,32689.9,40759.1
08/08/21,23:15:00,32689.9,40782.4
08/08/21,23:30:00,32689.9,40792.4
08/08/21,23:45:00,32689.9,40782.4
08/09/21,00:00:00,32689.9,40769.1
08/09/21,00:15:00,32689.9,40759.1
08/09/21,00:30:00,32689.9,40762.5
08/09/21,00:45:00,32689.9,40805.8
08/09/21,01:00:00,32689.9,40775.8
08/09/21,01:15:00,32689.9,40782.4
08/09/21,01:30:00,32689.9,40785.8
08/09/21,01:45:00,32689.9,40772.4
08/09/21,02:00:00,32689.9,40765.8
08/09/21,02:15:00,32689.9,40785.8
08/09/21,02:30:00,32689.9,40829.1
08/09/21,02:45:00,32689.9,40829.1
08/09/21,03:00:00,32689.9,40845.8
08/09/21,03:15:00,32689.9,40926.1
08/09/21,03:30:00,32689.9,41060.4
08/09/21,03:45:00,32689.9,41273.5
08/09/21,04:00:00,32689.9,41293.9
08/09/21,04:15:00,32689.9,41215.9
08/09/21,04:30:00,32689.9,41188.8
08/09/21,04:45:00,32689.9,41107.6
08/09/21,05:00:00,32689.9,41050.3
08/09/21,05:15:00,32689.9,41057.1
08/09/21,05:30:00,32689.9,41026.8
08/09/21,05:45:00,32689.9,40949.5
08/09/21,06:00:00,32689.9,40986.4
08/09/21,06:15:00,32689.9,40979.7
08/09/21,06:30:00,32689.9,40979.7
08/09/21,06:45:00,32689.9,41222.6
08/09/21,07:00:00,32689.9,41591.5
08/09/21,07:15:00,32689.9,41729.6
08/09/21,07:30:00,32689.9,41882.3
08/09/21,07:45:00,32689.9,41927.6
08/09/21,08:00:00,32689.9,42032.5
08/09/21,08:15:00,32689.9,42123.7
08/09/21,08:30:00,32689.9,42534.9
08/09/21,08:45:00,32689.9,42685.4
08/09/21,09:00:00,32689.9,42786.3
08/09/21,09:15:00,32689.9,43226.8
08/09/21,09:30:00,32689.9,43768.8
08/09/21,09:45:00,32689.9,44253.5
08/09/21,10:00:00,32689.9,44650.3
08/09/21,10:15:00,32689.9,44786.5
08/09/21,10:30:00,32689.9,44856.9
08/09/21,10:45:00,32689.9,45029.6
08/09/21,11:00:00,32689.9,45175.7
08/09/21,11:15:00,32689.9,45286.9
08/09/21,11:30:00,32689.9,45502.5
08/09/21,11:45:00,32689.9,45703.8
08/09/21,12:00:00,32689.9,45849.7
08/09/21,12:15:00,32689.9,46033.1
08/09/21,12:30:00,32689.9,46250.8
08/09/21,12:45:00,32689.9,46491.1
08/09/21,13:00:00,32689.9,46516.1
08/09/21,13:15:00,32689.9,46632.9
08/09/21,13:30:00,32689.9,46641.3
08/09/21,13:45:00,32689.9,46457.8
08/09/21,14:00:00,32689.9,46057.7
08/09/21,14:15:00,32689.9,46230.2
08/09/21,14:30:00,32689.9,46923.1
08/09/21,14:45:00,32689.9,45695.7
08/09/21,15:00:00,32689.9,44665.9
08/09/21,15:15:00,32689.9,44249.7
08/09/21,15:30:00,32689.9,44487.8
08/09/21,15:45:00,32689.9,44603.8
08/09/21,16:00:00,32689.9,44553.5
08/09/21,16:15:00,32689.9,44333.9
08/09/21,16:30:00,32689.9,44063.1
08/09/21,16:45:00,32689.9,43765.0
08/09/21,17:00:00,32689.9,43529.8
08/09/21,17:15:00,32689.9,43270.9
08/09/21,17:30:00,32689.9,42985.6
08/09/21,17:45:00,32689.9,42628.0
08/09/21,18:00:00,32689.9,42403.0
08/09/21,18:15:00,32689.9,42250.6
08/09/21,18:30:00,32689.9,42018.5
08/09/21,18:45:00,32689.9,41819.7
08/09/21,19:00:00,32689.9,41712.3
08/09/21,19:15:00,32689.9,41612.2
08/09/21,19:30:00,32689.9,41588.1
08/09/21,19:45:00,32689.9,41560.6
08/09/21,20:00:00,32689.9,41454.3
08/09/21,20:15:00,32689.9,41406.4
08/09/21,20:30:00,32689.9,41444.0
08/09/21,20:45:00,32689.9,41433.7
08/09/21,21:00:00,32689.9,41420.1
08/09/21,21:15:00,32689.9,41447.4
08/09/21,21:30:00,32689.9,41468.0
08/09/21,21:45:00,32689.9,41491.9
08/09/21,22:00:00,32689.9,41495.4
08/09/21,22:15:00,32689.9,41522.8
08/09/21,22:30:00,32689.9,41512.5
08/09/21,22:45:00,32689.9,41478.2
08/09/21,23:00:00,32689.9,41536.5
08/09/21,23:15:00,32689.9,41536.5
08/09/21,23:30:00,32689.9,41536.5
08/09/21,23:45:00,32689.9,41816.2
08/10/21,00:00:00,32689.9,42088.6
08/10/21,00:15:00,32689.9,42303.6
08/10/21,00:30:00,32689.9,42371.0
08/10/21,00:45:00,32689.9,42513.4
08/10/21,01:00:00,32689.9,42459.9
08/10/21,01:15:00,32689.9,42388.8
08/10/21,01:30:00,32689.9,42324.9
08/10/21,01:45:00,32689.9,42197.6
08/10/21,02:00:00,32689.9,42169.4
08/10/21,02:15:00,32689.9,42134.3
08/10/21,02:30:00,32689.9,42060.5
08/10/21,02:45:00,32689.9,41990.5
08/10/21,03:00:00,32689.9,42022.0
08/10/21,03:15:00,32689.9,42022.0
08/10/21,03:30:00,32689.9,42018.5
08/10/21,03:45:00,32689.9,41973.0
08/10/21,04:00:00,32689.9,41927.6
08/10/21,04:15:00,32689.9,41899.7
08/10/21,04:30:00,32689.9,41864.9
08/10/21,04:45:00,32689.9,41660.5
08/10/21,05:00:00,32689.9,41416.6
08/10/21,05:15:00,32689.9,41290.5
08/10/21,05:30:00,32689.9,41178.6
08/10/21,05:45:00,32689.9,41124.5
08/10/21,06:00:00,32689.9,40962.9
08/10/21,06:15:00,32689.9,40906.0
08/10/21,06:30:00,32689.9,40802.4
08/10/21,06:45:00,32689.9,40809.1
08/10/21,07:00:00,32689.9,40762.5
08/10/21,07:15:00,32689.9,40765.8
08/10/21,07:30:00,32689.9,40759.1
08/10/21,07:45:00,32689.9,40755.8
08/10/21,08:00:00,32689.9,40745.8
08/10/21,08:15:00,32689.9,40845.8
08/10/21,08:30:00,32689.9,41729.6
08/10/21,08:45:00,32689.9,42197.6
08/10/21,09:00:00,32689.9,42431.4
08/10/21,09:15:00,32689.9,42617.2
08/10/21,09:30:00,32689.9,42844.1
08/10/21,09:45:00,32689.9,43080.3
08/10/21,10:00:00,32689.9,43315.1
08/10/21,10:15:00,32689.9,43596.8
08/10/21,10:30:00,32689.9,44116.3
08/10/21,10:45:00,32689.9,44607.7
08/10/21,11:00:00,32689.9,44821.7
08/10/21,11:15:00,32689.9,45251.1
08/10/21,11:30:00,32689.9,45805.0
08/10/21,11:45:00,32689.9,46102.7
08/10/21,12:00:00,32689.9,46321.0
08/10/21,12:15:00,32689.9,46412.1
08/10/21,12:30:00,32689.9,46620.4
08/10/21,12:45:00,32689.9,46616.2
08/10/21,13:00:00,32689.9,46628.7
08/10/21,13:15:00,32689.9,46754.5
08/10/21,13:30:00,32689.9,46923.1
08/10/21,13:45:00,32689.9,46944.3
08/10/21,14:00:00,32689.9,47012.0
08/10/21,14:15:00,32689.9,46880.9
08/10/21,14:30:00,32689.9,46725.1
08/10/21,14:45:00,32689.9,46918.9
08/10/21,15:00:00,32689.9,47109.8
08/10/21,15:15:00,32689.9,45951.4
08/10/21,15:30:00,32689.9,44634.8
08/10/21,15:45:00,32689.9,44063.1
08/10/21,16:00:00,32689.9,44422.3
08/10/21,16:15:00,32689.9,44592.2
08/10/21,16:30:00,32689.9,44526.4
08/10/21,16:45:00,32689.9,44311.0
08/10/21,17:00:00,32689.9,44089.7
08/10/21,17:15:00,32689.9,43813.9
08/10/21,17:30:00,32689.9,43567.0
08/10/21,17:45:00,32689.9,43318.8
08/10/21,18:00:00,32689.9,43084.0
08/10/21,18:15:00,32689.9,42854.9
08/10/21,18:30:00,32689.9,42699.8
08/10/21,18:45:00,32689.9,42563.5
08/10/21,19:00:00,32689.9,42534.9
08/10/21,19:15:00,32689.9,42385.2
08/10/21,19:30:00,32689.9,42335.5
08/10/21,19:45:00,32689.9,42314.3
08/10/21,20:00:00,32689.9,42303.6
08/10/21,20:15:00,32689.9,42278.9
08/10/21,20:30:00,32689.9,42289.5
08/10/21,20:45:00,32689.9,42141.3
08/10/21,21:00:00,32689.9,42180.0
08/10/21,21:15:00,32689.9,42183.5
08/10/21,21:30:00,32689.9,42204.7
08/10/21,21:45:00,32689.9,42211.7
08/10/21,22:00:00,32689.9,42335.5
08/10/21,22:15:00,32689.9,42317.8
08/10/21,22:30:00,32689.9,42474.2
08/10/21,22:45:00,32689.9,42584.9
08/10/21,23:00:00,32689.9,42685.4
08/10/21,23:15:00,32689.9,42775.4
08/10/21,23:30:00,32689.9,42981.9
08/10/21,23:45:00,32689.9,43116.9
08/11/21,00:00:00,32689.9,43131.5
08/11/21,00:15:00,32689.9,43138.8
08/11/21,00:30:00,32689.9,43043.9
08/11/21,00:45:00,32689.9,43058.4
08/11/21,01:00:00,32689.9,43058.4
08/11/21,01:15:00,32689.9,43036.6
08/11/21,01:30:00,32689.9,43069.4
08/11/21,01:45:00,32689.9,43076.7
08/11/21,02:00:00,32689.9,43076.7
08/11/21,02:15:00,32689.9,43069.4
08/11/21,02:30:00,32689.9,43043.9
08/11/21,02:45:00,32689.9,42996.5
08/11/21,03:00:00,32689.9,42985.6
08/11/21,03:15:00,32689.9,42992.9
08/11/21,03:30:00,32689.9,42971.0
08/11/21,03:45:00,32689.9,42923.8
08/11/21,04:00:00,32689.9,42862.2
08/11/21,04:15:00,32689.9,42822.4
08/11/21,04:30:00,32689.9,42797.1
08/11/21,04:45:00,32689.9,42750.2
08/11/21,05:00:00,32689.9,42721.4
08/11/21,05:15:00,32689.9,42663.8
08/11/21,05:30:00,32689.9,42649.5
08/11/21,05:45:00,32689.9,42653.1
08/11/21,06:00:00,32689.9,42552.7
08/11/21,06:15:00,32689.9,42556.3
08/11/21,06:30:00,32689.9,42549.2
08/11/21,06:45:00,32689.9,42549.2
08/11/21,07:00:00,32689.9,42542.0
08/11/21,07:15:00,32689.9,42552.7
08/11/21,07:30:00,32689.9,42570.6
08/11/21,07:45:00,32689.9,42581.4
08/11/21,08:00:00,32689.9,42617.2
08/11/21,08:15:00,32689.9,42667.4
08/11/21,08:30:00,32689.9,42696.2
08/11/21,08:45:00,32689.9,42789.9
08/11/21,09:00:00,32689.9,42902.0
08/11/21,09:15:00,32689.9,42912.9
08/11/21,09:30:00,32689.9,43087.7
08/11/21,09:45:00,32689.9,43226.8
08/11/21,10:00:00,32689.9,43422.2
08/11/21,10:15:00,32689.9,43664.0
08/11/21,10:30:00,32689.9,43742.5
08/11/21,10:45:00,32689.9,44085.9
08/11/21,11:00:00,32689.9,44318.6
08/11/21,11:15:00,32689.9,44538.0
08/11/21,11:30:00,32689.9,44782.6
08/11/21,11:45:00,32689.9,44951.0
08/11/21,12:00:00,32689.9,45239.2
08/11/21,12:15:00,32689.9,45526.6
08/11/21,12:30:00,32689.9,45922.9
08/11/21,12:45:00,32689.9,46528.5
08/11/21,13:00:00,32689.9,46830.2
08/11/21,13:15:00,32689.9,47199.3
08/11/21,13:30:00,32689.9,47340.6
08/11/21,13:45:00,32689.9,47349.2
08/11/21,14:00:00,32689.9,47379.3
08/11/21,14:15:00,32689.9,47306.3
08/11/21,14:30:00,32689.9,47139.6
08/11/21,14:45:00,32689.9,46720.9
08/11/21,15:00:00,32689.9,46658.0
08/11/21,15:15:00,32689.9,46628.7
08/11/21,15:30:00,32689.9,46616.2
08/11/21,15:45:00,32689.9,46205.5
08/11/21,16:00:00,32689.9,45454.5
08/11/21,16:15:00,32689.9,45294.8
08/11/21,16:30:00,32689.9,45314.7
08/11/21,16:45:00,32689.9,45152.0
08/11/21,17:00:00,32689.9,44982.4
08/11/21,17:15:00,32689.9,44697.0
08/11/21,17:30:00,32689.9,44514.8
08/11/21,17:45:00,32689.9,44368.5
08/11/21,18:00:00,32689.9,44268.8
08/11/21,18:15:00,32689.9,44135.3
08/11/21,18:30:00,32689.9,43953.3
08/11/21,18:45:00,32689.9,43787.6
08/11/21,19:00:00,32689.9,43585.6
08/11/21,19:15:00,32689.9,43477.8
08/11/21,19:30:00,32689.9,43296.7
08/11/21,19:45:00,32689.9,43120.5
08/11/21,20:00:00,32689.9,42934.7
08/11/21,20:15:00,32689.9,38954.1
08/11/21,20:30:00,32689.9,43138.8
08/11/21,20:45:00,32689.9,43036.6
08/11/21,21:00:00,32689.9,41280.3
08/11/21,21:15:00,32689.9,39925.0
08/11/21,21:30:00,32689.9,39406.4
08/11/21,21:45:00,32689.9,39463.1
08/11/21,22:00:00,32689.9,39102.9
08/11/21,22:15:00,32689.9,39656.4
08/11/21,22:30:00,32689.9,39463.1
08/11/21,22:45:00,32689.9,39409.5
08/11/21,23:00:00,32689.9,39921.8
08/11/21,23:15:00,32689.9,40157.7
08/11/21,23:30:00,32689.9,40012.0
08/11/21,23:45:00,32689.9,40573.5
08/12/21,00:00:00,32689.9,40666.1
08/12/21,00:15:00,32689.9,40649.6
08/12/21,00:30:00,32689.9,41851.0
08/12/21,00:45:00,32689.9,41816.2
08/12/21,01:00:00,32689.9,42395.9
08/12/21,01:15:00,32689.9,40936.1
08/12/21,01:30:00,32689.9,40044.3
08/12/21,01:45:00,32689.9,39152.7
08/12/21,02:00:00,32689.9,39596.0
08/12/21,02:15:00,32689.9,42971.0
08/12/21,02:30:00,32689.9,43437.1
08/12/21,02:45:00,32689.9,42004.5
08/12/21,03:00:00,32689.9,44341.6
08/12/21,03:15:00,32689.9,44387.7
08/12/21,03:30:00,32689.9,44337.8
08/12/21,03:45:00,32689.9,44337.8
08/12/21,04:00:00,32689.9,44326.3
08/12/21,04:15:00,32689.9,44303.3
08/12/21,04:30:00,32689.9,44234.4
08/12/21,04:45:00,32689.9,44139.1
08/12/21,05:00:00,32689.9,44123.9
08/12/21,05:15:00,32689.9,44040.3
08/12/21,05:30:00,32689.9,43934.4
08/12/21,05:45:00,32689.9,43866.5
08/12/21,06:00:00,32689.9,43840.2
08/12/21,06:15:00,32689.9,43664.0
08/12/21,06:30:00,32689.9,43548.4
08/12/21,06:45:00,32689.9,43359.4
08/12/21,07:00:00,32689.9,43318.8
08/12/21,07:15:00,32689.9,43270.9
08/12/21,07:30:00,32689.9,43259.9
08/12/21,07:45:00,32689.9,43263.6
08/12/21,08:00:00,32689.9,43182.8
08/12/21,08:15:00,32689.9,43146.2
08/12/21,08:30:00,32689.9,43186.5
08/12/21,08:45:00,32689.9,43160.8
08/12/21,09:00:00,32689.9,42844.1
08/12/21,09:15:00,32689.9,42927.4
08/12/21,09:30:00,32689.9,43293.0
08/12/21,09:45:00,32689.9,44036.5
08/12/21,10:00:00,32689.9,44192.4
08/12/21,10:15:00,32689.9,44349.3
08/12/21,10:30:00,32689.9,44464.7
08/12/21,10:45:00,32689.9,44607.7
08/12/21,11:00:00,32689.9,44821.7
08/12/21,11:15:00,32689.9,44970.6
08/12/21,11:30:00,32689.9,45175.7
08/12/21,11:45:00,32689.9,45298.8
08/12/21,12:00:00,32689.9,45418.5
08/12/21,12:15:00,32689.9,45518.6
08/12/21,12:30:00,32689.9,45586.9
08/12/21,12:45:00,32689.9,45667.5
08/12/21,13:00:00,32689.9,45800.9
08/12/21,13:15:00,32689.9,45914.7
08/12/21,13:30:00,32689.9,46061.8
08/12/21,13:45:00,32689.9,46287.9
08/12/21,14:00:00,32689.9,46474.4
08/12/21,14:15:00,32689.9,46549.4
08/12/21,14:30:00,32689.9,46582.8
08/12/21,14:45:00,32689.9,46679.0
08/12/21,15:00:00,32689.9,46574.4
08/12/21,15:15:00,32689.9,46424.6
08/12/21,15:30:00,32689.9,46453.6
08/12/21,15:45:00,32689.9,46403.8
08/12/21,16:00:00,32689.9,46383.1
08/12/21,16:15:00,32689.9,46230.2
08/12/21,16:30:00,32689.9,46189.0
08/12/21,16:45:00,32689.9,46041.3
08/12/21,17:00:00,32689.9,45874.0
08/12/21,17:15:00,32689.9,45594.9
08/12/21,17:30:00,32689.9,45374.5
08/12/21,17:45:00,32689.9,45132.2
08/12/21,18:00:00,32689.9,44900.0
08/12/21,18:15:00,32689.9,44689.2
08/12/21,18:30:00,32689.9,44499.4
08/12/21,18:45:00,32689.9,44303.3
08/12/21,19:00:00,32689.9,44131.5
08/12/21,19:15:00,32689.9,43851.5
08/12/21,19:30:00,32689.9,43630.4
08/12/21,19:45:00,32689.9,43477.8
08/12/21,20:00:00,32689.9,43201.1
08/12/21,20:15:00,32689.9,43138.8
08/12/21,20:30:00,32689.9,42971.0
08/12/21,20:45:00,32689.9,43069.4
08/12/21,21:00:00,32689.9,42985.6
08/12/21,21:15:00,32689.9,42985.6
08/12/21,21:30:00,32689.9,42949.2
08/12/21,21:45:00,32689.9,42945.6
08/12/21,22:00:00,32689.9,42559.9
08/12/21,22:15:00,32689.9,42909.3
08/12/21,22:30:00,32689.9,42862.2
08/12/21,22:45:00,32689.9,42912.9
08/12/21,23:00:00,32689.9,42949.2
08/12/21,23:15:00,32689.9,43113.2
08/12/21,23:30:00,32689.9,43370.5
08/12/21,23:45:00,32689.9,43712.6
08/13/21,00:00:00,32689.9,44154.3
08/13/21,00:15:00,32689.9,44426.1
08/13/21,00:30:00,32689.9,44623.2
08/13/21,00:45:00,32689.9,44662.0
08/13/21,01:00:00,32689.9,44708.6
08/13/21,01:15:00,32689.9,44697.0
08/13/21,01:30:00,32689.9,44845.1
08/13/21,01:45:00,32689.9,44892.1
08/13/21,02:00:00,32689.9,44915.6
08/13/21,02:15:00,32689.9,44982.4
08/13/21,02:30:00,32689.9,45002.1
08/13/21,02:45:00,32689.9,45069.0
08/13/21,03:00:00,32689.9,45152.0
08/13/21,03:15:00,32689.9,45136.2
08/13/21,03:30:00,32689.9,45112.5
08/13/21,03:45:00,32689.9,45132.2
08/13/21,04:00:00,32689.9,45132.2
08/13/21,04:15:00,32689.9,45159.9
08/13/21,04:30:00,32689.9,45155.9
08/13/21,04:45:00,32689.9,45073.0
08/13/21,05:00:00,32689.9,45069.0
08/13/21,05:15:00,32689.9,44943.1
08/13/21,05:30:00,32689.9,44888.2
08/13/21,05:45:00,32689.9,44810.0
08/13/21,06:00:00,32689.9,44747.6
08/13/21,06:15:00,32689.9,44630.9
08/13/21,06:30:00,32689.9,44572.8
08/13/21,06:45:00,32689.9,44491.7
08/13/21,07:00:00,32689.9,44437.7
08/13/21,07:15:00,32689.9,44337.8
08/13/21,07:30:00,32689.9,44318.6
08/13/21,07:45:00,32689.9,44207.7
08/13/21,08:00:00,32689.9,44127.7
08/13/21,08:15:00,32689.9,44044.1
08/13/21,08:30:00,32689.9,44021.4
08/13/21,08:45:00,32689.9,43968.4
08/13/21,09:00:00,32689.9,43949.5
08/13/21,09:15:00,32689.9,43896.7
08/13/21,09:30:00,32689.9,43847.7
08/13/21,09:45:00,32689.9,43870.3
08/13/21,10:00:00,32689.9,43810.1
08/13/21,10:15:00,32689.9,43859.0
08/13/21,10:30:00,32689.9,43855.2
08/13/21,10:45:00,32689.9,43926.8
08/13/21,11:00:00,32689.9,43855.2
08/13/21,11:15:00,32689.9,43930.6
08/13/21,11:30:00,32689.9,44044.1
08/13/21,11:45:00,32689.9,44596.0
08/13/21,12:00:00,32689.9,44794.4
08/13/21,12:15:00,32689.9,44919.6
08/13/21,12:30:00,32689.9,45061.1
08/13/21,12:45:00,32689.9,45235.2
08/13/21,13:00:00,32689.9,45358.6
08/13/21,13:15:00,32689.9,45414.5
08/13/21,13:30:00,32689.9,45271.0
08/13/21,13:45:00,32689.9,45707.8
08/13/21,14:00:00,32689.9,45780.7
08/13/21,14:15:00,32689.9,45792.8
08/13/21,14:30:00,32689.9,45809.1
08/13/21,14:45:00,32689.9,45829.3
08/13/21,15:00:00,32689.9,45959.6
08/13/21,15:15:00,32689.9,46078.1
08/13/21,15:30:00,32689.9,46074.0
08/13/21,15:45:00,32689.9,46082.2
08/13/21,16:00:00,32689.9,46110.9
08/13/21,16:15:00,32689.9,46024.9
08/13/21,16:30:00,32689.9,45935.1
08/13/21,16:45:00,32689.9,45825.3
08/13/21,17:00:00,32689.9,45687.6
08/13/21,17:15:00,32689.9,45582.9
08/13/21,17:30:00,32689.9,45374.5
08/13/21,17:45:00,32689.9,45191.6
08/13/21,18:00:00,32689.9,44958.8
08/13/21,18:15:00,32689.9,44700.8
08/13/21,18:30:00,32689.9,44472.4
08/13/21,18:45:00,32689.9,44288.0
08/13/21,19:00:00,32689.9,44139.1
08/13/21,19:15:00,32689.9,43983.5
08/13/21,19:30:00,32689.9,43877.8
08/13/21,19:45:00,32689.9,43720.1
08/13/21,20:00:00,32689.9,43507.5
08/13/21,20:15:00,32689.9,43282.0
08/13/21,20:30:00,32689.9,43127.9
08/13/21,20:45:00,32689.9,43095.0
08/13/21,21:00:00,32689.9,42938.3
08/13/21,21:15:00,32689.9,42854.9
08/13/21,21:30:00,32689.9,42789.9
08/13/21,21:45:00,32689.9,42757.4
08/13/21,22:00:00,32689.9,42714.2
08/13/21,22:15:00,32689.9,42692.6
08/13/21,22:30:00,32689.9,42725.0
08/13/21,22:45:00,32689.9,42743.0
08/13/21,23:00:00,32689.9,42531.3
08/13/21,23:15:00,32689.9,42488.4
08/13/21,23:30:00,32689.9,42499.2
08/13/21,23:45:00,32689.9,42761.0
08/14/21,00:00:00,32689.9,43270.9
08/14/21,00:15:00,32689.9,43440.8
08/14/21,00:30:00,32689.9,43712.6
08/14/21,00:45:00,32689.9,43810.1
08/14/21,01:00:00,32689.9,43840.2
08/14/21,01:15:00,32689.9,43945.7
08/14/21,01:30:00,32689.9,44200.1
08/14/21,01:45:00,32689.9,44353.1
08/14/21,02:00:00,32689.9,44460.8
08/14/21,02:15:00,32689.9,44681.4
08/14/21,02:30:00,32689.9,44911.7
08/14/21,02:45:00,32689.9,45013.9
08/14/21,03:00:00,32689.9,45155.9
08/14/21,03:15:00,32689.9,45183.7
08/14/21,03:30:00,32689.9,45302.8
08/14/21,03:45:00,32689.9,45322.7
08/14/21,04:00:00,32689.9,45390.5
08/14/21,04:15:00,32689.9,45438.4
08/14/21,04:30:00,32689.9,45446.5
08/14/21,04:45:00,32689.9,45394.5
08/14/21,05:00:00,32689.9,45370.5
08/14/21,05:15:00,32689.9,45366.5
08/14/21,05:30:00,32689.9,45302.8
08/14/21,05:45:00,32689.9,45286.9
08/14/21,06:00:00,32689.9,45211.4
08/14/21,06:15:00,32689.9,45057.2
08/14/21,06:30:00,32689.9,44884.3
08/14/21,06:45:00,32689.9,44708.6
08/14/21,07:00:00,32689.9,44607.7
08/14/21,07:15:00,32689.9,44495.5
08/14/21,07:30:00,32689.9,44276.5
08/14/21,07:45:00,32689.9,44097.3
08/14/21,08:00:00,32689.9,44036.5
08/14/21,08:15:00,32689.9,43900.4
08/14/21,08:30:00,32689.9,43836.4
08/14/21,08:45:00,32689.9,43731.3
08/14/21,09:00:00,32689.9,43735.0
08/14/21,09:15:00,32689.9,43649.0
08/14/21,09:30:00,32689.9,43596.8
08/14/21,09:45:00,32689.9,43604.2
08/14/21,10:00:00,32689.9,43585.6
08/14/21,10:15:00,32689.9,43593.1
08/14/21,10:30:00,32689.9,43630.4
08/14/21,10:45:00,32689.9,43630.4
08/14/21,11:00:00,32689.9,43619.2
08/14/21,11:15:00,32689.9,43619.2
08/14/21,11:30:00,32689.9,43604.2
08/14/21,11:45:00,32689.9,43563.3
08/14/21,12:00:00,32689.9,43589.3
08/14/21,12:15:00,32689.9,43701.4
08/14/21,12:30:00,32689.9,43821.4
08/14/21,12:45:00,32689.9,43987.3
08/14/21,13:00:00,32689.9,44116.3
08/14/21,13:15:00,32689.9,44330.1
08/14/21,13:30:00,32689.9,44422.3
08/14/21,13:45:00,32689.9,44507.1
08/14/21,14:00:00,32689.9,44561.2
08/14/21,14:15:00,32689.9,44603.8
08/14/21,14:30:00,32689.9,44638.7
08/14/21,14:45:00,32689.9,44673.6
08/14/21,15:00:00,32689.9,44747.6
08/14/21,15:15:00,32689.9,44708.6
08/14/21,15:30:00,32689.9,44845.1
08/14/21,15:45:00,32689.9,44841.2
08/14/21,16:00:00,32689.9,44943.1
08/14/21,16:15:00,32689.9,44970.6
08/14/21,16:30:00,32689.9,44923.5
08/14/21,16:45:00,32689.9,45017.8
08/14/21,17:00:00,32689.9,45037.5
08/14/21,17:15:00,32689.9,45045.4
08/14/21,17:30:00,32689.9,44958.8
08/14/21,17:45:00,32689.9,44790.5
08/14/21,18:00:00,32689.9,44704.7
08/14/21,18:15:00,32689.9,44538.0
08/14/21,18:30:00,32689.9,44426.1
08/14/21,18:45:00,32689.9,44288.0
08/14/21,19:00:00,32689.9,43994.9
08/14/21,19:15:00,32689.9,43776.3
08/14/21,19:30:00,32689.9,43559.6
08/14/21,19:45:00,32689.9,43333.6
08/14/21,20:00:00,32689.9,43109.6
08/14/21,20:15:00,32689.9,43073.0
08/14/21,20:30:00,32689.9,42960.1
08/14/21,20:45:00,32689.9,42826.0
08/14/21,21:00:00,32689.9,42782.7
08/14/21,21:15:00,32689.9,42653.1
08/14/21,21:30:00,32689.9,42707.0
08/14/21,21:45:00,32689.9,42570.6
08/14/21,22:00:00,32689.9,42513.4
08/14/21,22:15:00,32689.9,42467.1
08/14/21,22:30:00,32689.9,42403.0
08/14/21,22:45:00,32689.9,42392.3
08/14/21,23:00:00,32689.9,42403.0
08/14/21,23:15:00,32689.9,42399.4
08/14/21,23:30:00,32689.9,42406.5
08/14/21,23:45:00,32689.9,42431.4
08/15/21,00:00:00,32689.9,42470.6
08/15/21,00:15:00,32689.9,42431.4
08/15/21,00:30:00,32689.9,42757.4
08/15/21,00:45:00,32689.9,43241.5
08/15/21,01:00:00,32689.9,43459.3
08/15/21,01:15:00,32689.9,43608.0
08/15/21,01:30:00,32689.9,43678.9
08/15/21,01:45:00,32689.9,43776.3
08/15/21,02:00:00,32689.9,44158.1
08/15/21,02:15:00,32689.9,44534.1
08/15/21,02:30:00,32689.9,44642.6
08/15/21,02:45:00,32689.9,44774.8
08/15/21,03:00:00,32689.9,44794.4
08/15/21,03:15:00,32689.9,44856.9
08/15/21,03:30:00,32689.9,44939.2
08/15/21,03:45:00,32689.9,45069.0
08/15/21,04:00:00,32689.9,45096.7
08/15/21,04:15:00,32689.9,45159.9
08/15/21,04:30:00,32689.9,45243.2
08/15/21,04:45:00,32689.9,45267.0
08/15/21,05:00:00,32689.9,45243.2
08/15/21,05:15:00,32689.9,45259.0
08/15/21,05:30:00,32689.9,45219.3
08/15/21,05:45:00,32689.9,45207.4
08/15/21,06:00:00,32689.9,45148.0
08/15/21,06:15:00,32689.9,45163.9
08/15/21,06:30:00,32689.9,45061.1
08/15/21,06:45:00,32689.9,44990.3
08/15/21,07:00:00,32689.9,44951.0
08/15/21,07:15:00,32689.9,44817.8
08/15/21,07:30:00,32689.9,44708.6
08/15/21,07:45:00,32689.9,44638.7
08/15/21,08:00:00,32689.9,44511.0
08/15/21,08:15:00,32689.9,44460.8
08/15/21,08:30:00,32689.9,44337.8
08/15/21,08:45:00,32689.9,44165.8
08/15/21,09:00:00,32689.9,44021.4
08/15/21,09:15:00,32689.9,43828.9
08/15/21,09:30:00,32689.9,43690.1
08/15/21,09:45:00,32689.9,43611.7
08/15/21,10:00:00,32689.9,43511.2
08/15/21,10:15:00,32689.9,43444.5
08/15/21,10:30:00,32689.9,43363.1
08/15/21,10:45:00,32689.9,43267.3
08/15/21,11:00:00,32689.9,43219.5
08/15/21,11:15:00,32689.9,43127.9
08/15/21,11:30:00,32689.9,43062.1
08/15/21,11:45:00,32689.9,42981.9
08/15/21,12:00:00,32689.9,42985.6
08/15/21,12:15:00,32689.9,42952.9
08/15/21,12:30:00,32689.9,43007.4
08/15/21,12:45:00,32689.9,43014.7
08/15/21,13:00:00,32689.9,43040.2
08/15/21,13:15:00,32689.9,43003.8
08/15/21,13:30:00,32689.9,42927.4
08/15/21,13:45:00,32689.9,43087.7
08/15/21,14:00:00,32689.9,43062.1
08/15/21,14:15:00,32689.9,43051.1
08/15/21,14:30:00,32689.9,43142.5
08/15/21,14:45:00,32689.9,43149.8
08/15/21,15:00:00,32689.9,43127.9
08/15/21,15:15:00,32689.9,43204.8
08/15/21,15:30:00,32689.9,43204.8
08/15/21,15:45:00,32689.9,43256.2
08/15/21,16:00:00,32689.9,43248.9
08/15/21,16:15:00,32689.9,43282.0
08/15/21,16:30:00,32689.9,43219.5
08/15/21,16:45:00,32689.9,43293.0
08/15/21,17:00:00,32689.9,43304.1
08/15/21,17:15:00,32689.9,43274.6
08/15/21,17:30:00,32689.9,43282.0
08/15/21,17:45:00,32689.9,43237.9
08/15/21,18:00:00,32689.9,43263.6
08/15/21,18:15:00,32689.9,43278.3
08/15/21,18:30:00,32689.9,43278.3
08/15/21,18:45:00,32689.9,43341.0
08/15/21,19:00:00,32689.9,43091.3
08/15/21,19:15:00,32689.9,43433.4
08/15/21,19:30:00,32689.9,43440.8
08/15/21,19:45:00,32689.9,43341.0
08/15/21,20:00:00,32689.9,43270.9
08/15/21,20:15:00,32689.9,43084.0
08/15/21,20:30:00,32689.9,42949.2
08/15/21,20:45:00,32689.9,42862.2
08/15/21,21:00:00,32689.9,42789.9
08/15/21,21:15:00,32689.9,42714.2
08/15/21,21:30:00,32689.9,42559.9
08/15/21,21:45:00,32689.9,42531.3
08/15/21,22:00:00,32689.9,42467.1
08/15/21,22:15:00,32689.9,42431.4
08/15/21,22:30:00,32689.9,42378.1
08/15/21,22:45:00,32689.9,42353.3
08/15/21,23:00:00,32689.9,42378.1
08/15/21,23:15:00,32689.9,42388.8
08/15/21,23:30:00,32689.9,42413.7
08/15/21,23:45:00,32689.9,42463.5
08/16/21,00:00:00,32689.9,42452.8
08/16/21,00:15:00,32689.9,42438.6
08/16/21,00:30:00,32689.9,42449.2
08/16/21,00:45:00,32689.9,42492.0
08/16/21,01:00:00,32689.9,42617.2
08/16/21,01:15:00,32689.9,42692.6
08/16/21,01:30:00,32689.9,42934.7
08/16/21,01:45:00,32689.9,43248.9
08/16/21,02:00:00,32689.9,43470.4
08/16/21,02:15:00,32689.9,43675.2
08/16/21,02:30:00,32689.9,43727.6
08/16/21,02:45:00,32689.9,43836.4
08/16/21,03:00:00,32689.9,43957.1
08/16/21,03:15:00,32689.9,44245.9
08/16/21,03:30:00,32689.9,44391.5
08/16/21,03:45:00,32689.9,44561.2
08/16/21,04:00:00,32689.9,44627.0
08/16/21,04:15:00,32689.9,44728.1
08/16/21,04:30:00,32689.9,44896.0
08/16/21,04:45:00,32689.9,45006.0
08/16/21,05:00:00,32689.9,45073.0
08/16/21,05:15:00,32689.9,45124.3
08/16/21,05:30:00,32689.9,45088.8
08/16/21,05:45:00,32689.9,45033.5
08/16/21,06:00:00,32689.9,44958.8
08/16/21,06:15:00,32689.9,44931.3
08/16/21,06:30:00,32689.9,44856.9
08/16/21,06:45:00,32689.9,44872.5
08/16/21,07:00:00,32689.9,44724.2
08/16/21,07:15:00,32689.9,44619.3
08/16/21,07:30:00,32689.9,44530.3
08/16/21,07:45:00,32689.9,44522.5
08/16/21,08:00:00,32689.9,44511.0
08/16/21,08:15:00,32689.9,44372.3
08/16/21,08:30:00,32689.9,44341.6
08/16/21,08:45:00,32689.9,44253.5
08/16/21,09:00:00,32689.9,44108.7
08/16/21,09:15:00,32689.9,44066.9
08/16/21,09:30:00,32689.9,43941.9
08/16/21,09:45:00,32689.9,43881.6
08/16/21,10:00:00,32689.9,43761.3
08/16/21,10:15:00,32689.9,43622.9
08/16/21,10:30:00,32689.9,43481.5
08/16/21,10:45:00,32689.9,43374.2
08/16/21,11:00:00,32689.9,43241.5
08/16/21,11:15:00,32689.9,43149.8
08/16/21,11:30:00,32689.9,43025.6
08/16/21,11:45:00,32689.9,42967.4
08/16/21,12:00:00,32689.9,42732.2
08/16/21,12:15:00,32689.9,42645.9
08/16/21,12:30:00,32689.9,42559.9
08/16/21,12:45:00,32689.9,42481.3
08/16/21,13:00:00,32689.9,42360.4
08/16/21,13:15:00,32689.9,42395.9
08/16/21,13:30:00,32689.9,42321.4
08/16/21,13:45:00,32689.9,42356.8
08/16/21,14:00:00,32689.9,42296.6
08/16/21,14:15:00,32689.9,42250.6
08/16/21,14:30:00,32689.9,42264.7
08/16/21,14:45:00,32689.9,42257.7
08/16/21,15:00:00,32689.9,42268.3
08/16/21,15:15:00,32689.9,42296.6
08/16/21,15:30:00,32689.9,42339.1
08/16/21,15:45:00,32689.9,42332.0
08/16/21,16:00:00,32689.9,42367.5
08/16/21,16:15:00,32689.9,42417.2
08/16/21,16:30:00,32689.9,42427.9
08/16/21,16:45:00,32689.9,42449.2
08/16/21,17:00:00,32689.9,42424.3
08/16/21,17:15:00,32689.9,42474.2
08/16/21,17:30:00,32689.9,42463.5
08/16/21,17:45:00,32689.9,42506.3
08/16/21,18:00:00,32689.9,42563.5
08/16/21,18:15:00,32689.9,42549.2
08/16/21,18:30:00,32689.9,42538.4
08/16/21,18:45:00,32689.9,42499.2
08/16/21,19:00:00,32689.9,42417.2
08/16/21,19:15:00,32689.9,42371.0
08/16/21,19:30:00,32689.9,42324.9
08/16/21,19:45:00,32689.9,42300.1
08/16/21,20:00:00,32689.9,42236.5
08/16/21,20:15:00,32689.9,42088.6
08/16/21,20:30:00,32689.9,42008.0
08/16/21,20:45:00,32689.9,41931.1
08/16/21,21:00:00,32689.9,41812.8
08/16/21,21:15:00,32689.9,41746.9
08/16/21,21:30:00,32689.9,41736.5
08/16/21,21:45:00,32689.9,41639.8
08/16/21,22:00:00,32689.9,41512.5
08/16/21,22:15:00,32689.9,41368.9
08/16/21,22:30:00,32689.9,41148.2
08/16/21,22:45:00,32689.9,41020.0
08/16/21,23:00:00,32689.9,40839.1
08/16/21,23:15:00,32689.9,40616.5
08/16/21,23:30:00,32689.9,40580.1
08/16/21,23:45:00,32689.9,40590.0
08/17/21,00:00:00,32689.9,40553.7
08/17/21,00:15:00,32689.9,40576.8
08/17/21,00:30:00,32689.9,40533.9
08/17/21,00:45:00,32689.9,40507.6
08/17/21,01:00:00,32689.9,40510.8
08/17/21,01:15:00,32689.9,40504.3
08/17/21,01:30:00,32689.9,40484.5
08/17/21,01:45:00,32689.9,40520.7
08/17/21,02:00:00,32689.9,40580.1
08/17/21,02:15:00,32689.9,40869.2
08/17/21,02:30:00,32689.9,41290.5
08/17/21,02:45:00,32689.9,41962.5
08/17/21,03:00:00,32689.9,42449.2
08/17/21,03:15:00,32689.9,42542.0
08/17/21,03:30:00,32689.9,42570.6
08/17/21,03:45:00,32689.9,42699.8
08/17/21,04:00:00,32689.9,42826.0
08/17/21,04:15:00,32689.9,42851.3
08/17/21,04:30:00,32689.9,42898.4
08/17/21,04:45:00,32689.9,43105.9
08/17/21,05:00:00,32689.9,43322.5
08/17/21,05:15:00,32689.9,43418.5
08/17/21,05:30:00,32689.9,43400.0
08/17/21,05:45:00,32689.9,43366.8
08/17/21,06:00:00,32689.9,43248.9
08/17/21,06:15:00,32689.9,43149.8
08/17/21,06:30:00,32689.9,43011.1
08/17/21,06:45:00,32689.9,42891.2
08/17/21,07:00:00,32689.9,42905.7
08/17/21,07:15:00,32689.9,42916.5
08/17/21,07:30:00,32689.9,42931.1
08/17/21,07:45:00,32689.9,42934.7
08/17/21,08:00:00,32689.9,42909.3
08/17/21,08:15:00,32689.9,42804.3
08/17/21,08:30:00,32689.9,42833.2
08/17/21,08:45:00,32689.9,42836.9
08/17/21,09:00:00,32689.9,42858.6
08/17/21,09:15:00,32689.9,42858.6
08/17/21,09:30:00,32689.9,42883.9
08/17/21,09:45:00,32689.9,42898.4
08/17/21,10:00:00,32689.9,42811.6
08/17/21,10:15:00,32689.9,42714.2
08/17/21,10:30:00,32689.9,42620.8
08/17/21,10:45:00,32689.9,42570.6
08/17/21,11:00:00,32689.9,42431.4
08/17/21,11:15:00,32689.9,42328.4
08/17/21,11:30:00,32689.9,42218.8
08/17/21,11:45:00,32689.9,42130.7
08/17/21,12:00:00,32689.9,42060.5
08/17/21,12:15:00,32689.9,41955.5
08/17/21,12:30:00,32689.9,41809.3
08/17/21,12:45:00,32689.9,41698.4
08/17/21,13:00:00,32689.9,41512.5
08/17/21,13:15:00,32689.9,41389.3
08/17/21,13:30:00,32689.9,41358.6
08/17/21,13:45:00,32689.9,41283.7
08/17/21,14:00:00,32689.9,41276.9
08/17/21,14:15:00,32689.9,41243.0
08/17/21,14:30:00,32689.9,41195.5
08/17/21,14:45:00,32689.9,41168.4
08/17/21,15:00:00,32689.9,41141.4
08/17/21,15:15:00,32689.9,41154.9
08/17/21,15:30:00,32689.9,41144.8
08/17/21,15:45:00,32689.9,41151.5
08/17/21,16:00:00,32689.9,41121.1
08/17/21,16:15:00,32689.9,41053.7
08/17/21,16:30:00,32689.9,41053.7
08/17/21,16:45:00,32689.9,41040.2
08/17/21,17:00:00,32689.9,40859.2
08/17/21,17:15:00,32689.9,40795.8
08/17/21,17:30:00,32689.9,40719.2
08/17/21,17:45:00,32689.9,40679.4
08/17/21,18:00:00,32689.9,40712.6
08/17/21,18:15:00,32689.9,40676.1
08/17/21,18:30:00,32689.9,40652.9
08/17/21,18:45:00,32689.9,40649.6
08/17/21,19:00:00,32689.9,40652.9
08/17/21,19:15:00,32689.9,40623.1
08/17/21,19:30:00,32689.9,40576.8
08/17/21,19:45:00,32689.9,40596.6
08/17/21,20:00:00,32689.9,40553.7
08/17/21,20:15:00,32689.9,40580.1
08/17/21,20:30:00,32689.9,40590.0
08/17/21,20:45:00,32689.9,40626.4
08/17/21,21:00:00,32689.9,40590.0
08/17/21,21:15:00,32689.9,40576.8
08/17/21,21:30:00,32689.9,40580.1
08/17/21,21:45:00,32689.9,40550.4
08/17/21,22:00:00,32689.9,40543.8
08/17/21,22:15:00,32689.9,40550.4
08/17/21,22:30:00,32689.9,40517.4
08/17/21,22:45:00,32689.9,40464.8
08/17/21,23:00:00,32689.9,40441.8
08/17/21,23:15:00,32689.9,40448.3
08/17/21,23:30:00,32689.9,40448.3
08/17/21,23:45:00,32689.9,40386.0
08/18/21,00:00:00,32689.9,40353.2
08/18/21,00:15:00,32689.9,40346.7
08/18/21,00:30:00,32689.9,40428.6
08/18/21,00:45:00,32689.9,40314.0
08/18/21,01:00:00,32689.9,40327.1
08/18/21,01:15:00,32689.9,40327.1
08/18/21,01:30:00,32689.9,40314.0
08/18/21,01:45:00,32689.9,40346.7
08/18/21,02:00:00,32689.9,40310.7
08/18/21,02:15:00,32689.9,40297.7
08/18/21,02:30:00,32689.9,40284.6
08/18/21,02:45:00,32689.9,40438.5
08/18/21,03:00:00,32689.9,40865.8
08/18/21,03:15:00,32689.9,41158.3
08/18/21,03:30:00,32689.9,41351.8
08/18/21,03:45:00,32689.9,41522.8
08/18/21,04:00:00,32689.9,41885.8
08/18/21,04:15:00,32689.9,42502.7
08/18/21,04:30:00,32689.9,42602.9
08/18/21,04:45:00,32689.9,42649.5
08/18/21,05:00:00,32689.9,42844.1
08/18/21,05:15:00,32689.9,42902.0
08/18/21,05:30:00,32689.9,42945.6
08/18/21,05:45:00,32689.9,42992.9
08/18/21,06:00:00,32689.9,42960.1
08/18/21,06:15:00,32689.9,42927.4
08/18/21,06:30:00,32689.9,42862.2
08/18/21,06:45:00,32689.9,42793.5
08/18/21,07:00:00,32689.9,42750.2
08/18/21,07:15:00,32689.9,42631.5
08/18/21,07:30:00,32689.9,42599.3
08/18/21,07:45:00,32689.9,42703.4
08/18/21,08:00:00,32689.9,42725.0
08/18/21,08:15:00,32689.9,42678.2
08/18/21,08:30:00,32689.9,42674.6
08/18/21,08:45:00,32689.9,42660.3
08/18/21,09:00:00,32689.9,42710.6
08/18/21,09:15:00,32689.9,42822.4
08/18/21,09:30:00,32689.9,42869.4
08/18/21,09:45:00,32689.9,42894.8
08/18/21,10:00:00,32689.9,42757.4
08/18/21,10:15:00,32689.9,42786.3
08/18/21,10:30:00,32689.9,43116.9
08/18/21,10:45:00,32689.9,43352.0
08/18/21,11:00:00,32689.9,43091.3
08/18/21,11:15:00,32689.9,42920.2
08/18/21,11:30:00,32689.9,42898.4
08/18/21,11:45:00,32689.9,42952.9
08/18/21,12:00:00,32689.9,43054.8
08/18/21,12:15:00,32689.9,43095.0
08/18/21,12:30:00,32689.9,42981.9
08/18/21,12:45:00,32689.9,42811.6
08/18/21,13:00:00,32689.9,42606.4
08/18/21,13:15:00,32689.9,42328.4
08/18/21,13:30:00,32689.9,42144.8
08/18/21,13:45:00,32689.9,41913.7
08/18/21,14:00:00,32689.9,41771.1
08/18/21,14:15:00,32689.9,41726.1
08/18/21,14:30:00,32689.9,41684.6
08/18/21,14:45:00,32689.9,41557.1
08/18/21,15:00:00,32689.9,41529.7
08/18/21,15:15:00,32689.9,41488.5
08/18/21,15:30:00,32689.9,41440.6
08/18/21,15:45:00,32689.9,41310.9
08/18/21,16:00:00,32689.9,41131.3
08/18/21,16:15:00,32689.9,41131.3
08/18/21,16:30:00,32689.9,41070.5
08/18/21,16:45:00,32689.9,41067.2
08/18/21,17:00:00,32689.9,41020.0
08/18/21,17:15:00,32689.9,41033.5
08/18/21,17:30:00,32689.9,41047.0
08/18/21,17:45:00,32689.9,41070.5
08/18/21,18:00:00,32689.9,41131.3
08/18/21,18:15:00,32689.9,41104.3
08/18/21,18:30:00,32689.9,41151.5
08/18/21,18:45:00,32689.9,41094.1
08/18/21,19:00:00,32689.9,41148.2
08/18/21,19:15:00,32689.9,41154.9
08/18/21,19:30:00,32689.9,41131.3
08/18/21,19:45:00,32689.9,41161.7
08/18/21,20:00:00,32689.9,41195.5
08/18/21,20:15:00,32689.9,41175.2
08/18/21,20:30:00,32689.9,41178.6
08/18/21,20:45:00,32689.9,41161.7
08/18/21,21:00:00,32689.9,41232.8
08/18/21,21:15:00,32689.9,41198.9
08/18/21,21:30:00,32689.9,41232.8
08/18/21,21:45:00,32689.9,41232.8
08/18/21,22:00:00,32689.9,41212.5
08/18/21,22:15:00,32689.9,41226.0
08/18/21,22:30:00,32689.9,41232.8
08/18/21,22:45:00,32689.9,41212.5
08/18/21,23:00:00,32689.9,41236.2
08/18/21,23:15:00,32689.9,41222.6
08/18/21,23:30:00,32689.9,41226.0
08/18/21,23:45:00,32689.9,41232.8
08/19/21,00:00:00,32689.9,41273.5
08/19/21,00:15:00,32689.9,41293.9
08/19/21,00:30:00,32689.9,41212.5
08/19/21,00:45:00,32689.9,41222.6
08/19/21,01:00:00,32689.9,41178.6
08/19/21,01:15:00,32689.9,41246.4
08/19/21,01:30:00,32689.9,41256.6
08/19/21,01:45:00,32689.9,41236.2
08/19/21,02:00:00,32689.9,41195.5
08/19/21,02:15:00,32689.9,41148.2
08/19/21,02:30:00,32689.9,41195.5
08/19/21,02:45:00,32689.9,41178.6
08/19/21,03:00:00,32689.9,41165.1
08/19/21,03:15:00,32689.9,41148.2
08/19/21,03:30:00,32689.9,41188.8
08/19/21,03:45:00,32689.9,41317.8
08/19/21,04:00:00,32689.9,41650.1
08/19/21,04:15:00,32689.9,41861.4
08/19/21,04:30:00,32689.9,42113.2
08/19/21,04:45:00,32689.9,42165.9
08/19/21,05:00:00,32689.9,42268.3
08/19/21,05:15:00,32689.9,42321.4
08/19/21,05:30:00,32689.9,42481.3
08/19/21,05:45:00,32689.9,42671.0
08/19/21,06:00:00,32689.9,42844.1
08/19/21,06:15:00,32689.9,43022.0
08/19/21,06:30:00,32689.9,43116.9
08/19/21,06:45:00,32689.9,43127.9
08/19/21,07:00:00,32689.9,43105.9
08/19/21,07:15:00,32689.9,43036.6
08/19/21,07:30:00,32689.9,43204.8
08/19/21,07:45:00,32689.9,43029.3
08/19/21,08:00:00,32689.9,43014.7
08/19/21,08:15:00,32689.9,43735.0
08/19/21,08:30:00,32689.9,43949.5
08/19/21,08:45:00,32689.9,43548.4
08/19/21,09:00:00,2449.7,2426.1
08/19/21,09:15:00,2714.9,2701.0
08/19/21,09:30:00,2700.7,2686.6
08/19/21,09:45:00,2298.5,2264.6
08/19/21,10:00:00,2152.2,2109.9
08/19/21,10:15:00,1943.8,1894.7
08/19/21,10:30:00,1728.2,1672.7
08/19/21,10:45:00,2444.4,2419.0
08/19/21,11:00:00,2523.5,2501.2
08/19/21,11:15:00,2429.1,2402.6
08/19/21,11:30:00,2334.7,2303.6
08/19/21,11:45:00,2250.7,2215.7
08/19/21,12:00:00,2169.8,2132.4
08/19/21,12:15:00,2108.1,2069.2
08/19/21,12:30:00,0.0,0.0
08/19/21,12:45:00,0.0,0.0
