Date,Time,Temp (°C) c:1
07/20/21,14:00:00,23.966
07/20/21,14:15:00,24.158
07/20/21,14:30:00,24.255
07/20/21,14:45:00,24.351
07/20/21,15:00:00,24.545
07/20/21,15:15:00,24.641
07/20/21,15:30:00,24.738
07/20/21,15:45:00,24.835
07/20/21,16:00:00,24.931
07/20/21,16:15:00,24.641
07/20/21,16:30:00,24.641
07/20/21,16:45:00,24.835
07/20/21,17:00:00,24.931
07/20/21,17:15:00,24.641
07/20/21,17:30:00,24.641
07/20/21,17:45:00,24.738
07/20/21,18:00:00,24.738
07/20/21,18:15:00,24.738
07/20/21,18:30:00,24.641
07/20/21,18:45:00,24.641
07/20/21,19:00:00,24.641
07/20/21,19:15:00,24.545
07/20/21,19:30:00,24.545
07/20/21,19:45:00,24.545
07/20/21,20:00:00,24.545
07/20/21,20:15:00,24.545
07/20/21,20:30:00,24.545
07/20/21,20:45:00,24.641
07/20/21,21:00:00,24.545
07/20/21,21:15:00,24.545
07/20/21,21:30:00,24.545
07/20/21,21:45:00,24.448
07/20/21,22:00:00,24.448
07/20/21,22:15:00,24.351
07/20/21,22:30:00,24.351
07/20/21,22:45:00,24.255
07/20/21,23:00:00,24.255
07/20/21,23:15:00,24.158
07/20/21,23:30:00,24.158
07/20/21,23:45:00,24.062
07/21/21,00:00:00,23.966
07/21/21,00:15:00,23.966
07/21/21,00:30:00,23.869
07/21/21,00:45:00,23.869
07/21/21,01:00:00,23.773
07/21/21,01:15:00,23.677
07/21/21,01:30:00,23.677
07/21/21,01:45:00,23.581
07/21/21,02:00:00,23.484
07/21/21,02:15:00,23.484
07/21/21,02:30:00,23.388
07/21/21,02:45:00,23.388
07/21/21,03:00:00,23.292
07/21/21,03:15:00,23.292
07/21/21,03:30:00,23.196
07/21/21,03:45:00,23.196
07/21/21,04:00:00,23.100
07/21/21,04:15:00,23.100
07/21/21,04:30:00,23.004
07/21/21,04:45:00,23.004
07/21/21,05:00:00,22.908
07/21/21,05:15:00,22.908
07/21/21,05:30:00,22.812
07/21/21,05:45:00,22.812
07/21/21,06:00:00,22.717
07/21/21,06:15:00,22.717
07/21/21,06:30:00,22.621
07/21/21,06:45:00,22.621
07/21/21,07:00:00,22.333
07/21/21,07:15:00,22.046
07/21/21,07:30:00,21.855
07/21/21,07:45:00,21.760
07/21/21,08:00:00,21.569
07/21/21,08:15:00,21.473
07/21/21,08:30:00,21.473
07/21/21,08:45:00,21.473
07/21/21,09:00:00,21.473
07/21/21,09:15:00,21.473
07/21/21,09:30:00,21.473
07/21/21,09:45:00,21.473
07/21/21,10:00:00,21.473
07/21/21,10:15:00,21.473
07/21/21,10:30:00,21.473
07/21/21,10:45:00,21.473
07/21/21,11:00:00,21.569
07/21/21,11:15:00,21.664
07/21/21,11:30:00,21.664
07/21/21,11:45:00,21.760
07/21/21,12:00:00,21.855
07/21/21,12:15:00,21.951
07/21/21,12:30:00,22.046
07/21/21,12:45:00,22.142
07/21/21,13:00:00,22.429
07/21/21,13:15:00,22.908
07/21/21,13:30:00,22.525
07/21/21,13:45:00,22.333
07/21/21,14:00:00,22.333
07/21/21,14:15:00,22.429
07/21/21,14:30:00,22.429
07/21/21,14:45:00,23.773
07/21/21,15:00:00,25.610
07/21/21,15:15:00,23.966
07/21/21,15:30:00,23.388
07/21/21,15:45:00,23.196
07/21/21,16:00:00,23.196
07/21/21,16:15:00,23.196
07/21/21,16:30:00,23.100
07/21/21,16:45:00,23.196
07/21/21,17:00:00,23.196
07/21/21,17:15:00,23.100
07/21/21,17:30:00,23.100
07/21/21,17:45:00,23.100
07/21/21,18:00:00,23.100
07/21/21,18:15:00,23.100
07/21/21,18:30:00,23.100
07/21/21,18:45:00,23.100
07/21/21,19:00:00,23.100
07/21/21,19:15:00,23.004
07/21/21,19:30:00,23.004
07/21/21,19:45:00,23.004
07/21/21,20:00:00,23.004
07/21/21,20:15:00,23.004
07/21/21,20:30:00,23.004
07/21/21,20:45:00,23.004
07/21/21,21:00:00,23.004
07/21/21,21:15:00,23.100
07/21/21,21:30:00,23.100
07/21/21,21:45:00,23.100
07/21/21,22:00:00,23.100
07/21/21,22:15:00,23.100
07/21/21,22:30:00,23.004
07/21/21,22:45:00,23.004
07/21/21,23:00:00,23.004
07/21/21,23:15:00,23.004
07/21/21,23:30:00,23.004
07/21/21,23:45:00,22.908
07/22/21,00:00:00,22.908
07/22/21,00:15:00,22.908
07/22/21,00:30:00,22.908
07/22/21,00:45:00,22.812
07/22/21,01:00:00,22.812
07/22/21,01:15:00,22.812
07/22/21,01:30:00,22.812
07/22/21,01:45:00,22.717
07/22/21,02:00:00,22.717
07/22/21,02:15:00,22.717
07/22/21,02:30:00,22.621
07/22/21,02:45:00,22.621
07/22/21,03:00:00,22.525
07/22/21,03:15:00,22.525
07/22/21,03:30:00,22.525
07/22/21,03:45:00,22.429
07/22/21,04:00:00,22.429
07/22/21,04:15:00,22.333
07/22/21,04:30:00,22.333
07/22/21,04:45:00,22.238
07/22/21,05:00:00,22.238
07/22/21,05:15:00,22.238
07/22/21,05:30:00,22.142
07/22/21,05:45:00,22.142
07/22/21,06:00:00,22.046
07/22/21,06:15:00,22.046
07/22/21,06:30:00,22.046
07/22/21,06:45:00,21.855
07/22/21,07:00:00,21.378
07/22/21,07:15:00,21.091
07/22/21,07:30:00,20.901
07/22/21,07:45:00,20.805
07/22/21,08:00:00,18.616
07/22/21,08:15:00,20.043
07/22/21,08:30:00,21.187
07/22/21,08:45:00,20.615
07/22/21,09:00:00,20.329
07/22/21,09:15:00,20.424
07/22/21,09:30:00,20.901
07/22/21,09:45:00,22.621
07/22/21,10:00:00,22.525
07/22/21,10:15:00,27.567
07/22/21,10:30:00,21.378
07/22/21,10:45:00,21.187
07/22/21,11:00:00,21.473
07/22/21,11:15:00,21.664
07/22/21,11:30:00,22.142
07/22/21,11:45:00,22.333
07/22/21,12:00:00,21.473
07/22/21,12:15:00,20.710
07/22/21,12:30:00,20.519
07/22/21,12:45:00,20.519
07/22/21,13:00:00,23.484
07/22/21,13:15:00,20.138
07/22/21,13:30:00,19.758
07/22/21,13:45:00,19.758
07/22/21,14:00:00,20.043
07/22/21,14:15:00,20.710
07/22/21,14:30:00,21.282
07/22/21,14:45:00,21.378
07/22/21,15:00:00,20.710
07/22/21,15:15:00,20.329
07/22/21,15:30:00,19.758
07/22/21,15:45:00,19.282
07/22/21,16:00:00,18.711
07/22/21,16:15:00,18.426
07/22/21,16:30:00,18.140
07/22/21,16:45:00,17.855
07/22/21,17:00:00,17.665
07/22/21,17:15:00,17.379
07/22/21,17:30:00,17.284
07/22/21,17:45:00,17.284
07/22/21,18:00:00,17.284
07/22/21,18:15:00,17.284
07/22/21,18:30:00,17.284
07/22/21,18:45:00,17.284
07/22/21,19:00:00,16.999
07/22/21,19:15:00,16.618
07/22/21,19:30:00,16.523
07/22/21,19:45:00,16.523
07/22/21,20:00:00,16.523
07/22/21,20:15:00,16.523
07/22/21,20:30:00,16.427
07/22/21,20:45:00,16.427
07/22/21,21:00:00,16.427
07/22/21,21:15:00,16.523
07/22/21,21:30:00,16.523
07/22/21,21:45:00,16.523
07/22/21,22:00:00,16.523
07/22/21,22:15:00,16.523
07/22/21,22:30:00,16.523
07/22/21,22:45:00,16.523
07/22/21,23:00:00,16.523
07/22/21,23:15:00,16.523
07/22/21,23:30:00,16.523
07/22/21,23:45:00,16.523
07/23/21,00:00:00,16.523
07/23/21,00:15:00,16.523
07/23/21,00:30:00,16.523
07/23/21,00:45:00,16.523
07/23/21,01:00:00,16.618
07/23/21,01:15:00,16.618
07/23/21,01:30:00,16.618
07/23/21,01:45:00,16.713
07/23/21,02:00:00,16.713
07/23/21,02:15:00,16.713
07/23/21,02:30:00,16.713
07/23/21,02:45:00,16.713
07/23/21,03:00:00,16.713
07/23/21,03:15:00,16.713
07/23/21,03:30:00,16.523
07/23/21,03:45:00,16.427
07/23/21,04:00:00,16.332
07/23/21,04:15:00,16.332
07/23/21,04:30:00,16.332
07/23/21,04:45:00,16.332
07/23/21,05:00:00,16.332
07/23/21,05:15:00,16.713
07/23/21,05:30:00,16.808
07/23/21,05:45:00,16.903
07/23/21,06:00:00,16.999
07/23/21,06:15:00,17.094
07/23/21,06:30:00,17.284
07/23/21,06:45:00,17.570
07/23/21,07:00:00,17.760
07/23/21,07:15:00,17.950
07/23/21,07:30:00,18.236
07/23/21,07:45:00,18.331
07/23/21,08:00:00,18.521
07/23/21,08:15:00,18.711
07/23/21,08:30:00,18.901
07/23/21,08:45:00,19.092
07/23/21,09:00:00,19.377
07/23/21,09:15:00,19.853
07/23/21,09:30:00,20.234
07/23/21,09:45:00,19.758
07/23/21,10:00:00,19.377
07/23/21,10:15:00,19.472
07/23/21,10:30:00,19.853
07/23/21,10:45:00,20.234
07/23/21,11:00:00,20.615
07/23/21,11:15:00,21.378
07/23/21,11:30:00,22.333
07/23/21,11:45:00,23.196
07/23/21,12:00:00,23.677
07/23/21,12:15:00,23.966
07/23/21,12:30:00,23.773
07/23/21,12:45:00,23.292
07/23/21,13:00:00,21.091
07/23/21,13:15:00,20.329
07/23/21,13:30:00,20.138
07/23/21,13:45:00,20.710
07/23/21,14:00:00,21.664
07/23/21,14:15:00,19.567
07/23/21,14:30:00,19.472
07/23/21,14:45:00,19.567
07/23/21,15:00:00,20.234
07/23/21,15:15:00,20.901
07/23/21,15:30:00,21.378
07/23/21,15:45:00,20.424
07/23/21,16:00:00,20.043
07/23/21,16:15:00,19.567
07/23/21,16:30:00,18.996
07/23/21,16:45:00,18.426
07/23/21,17:00:00,17.665
07/23/21,17:15:00,17.379
07/23/21,17:30:00,16.999
07/23/21,17:45:00,16.618
07/23/21,18:00:00,16.427
07/23/21,18:15:00,16.427
07/23/21,18:30:00,16.427
07/23/21,18:45:00,16.427
07/23/21,19:00:00,16.427
07/23/21,19:15:00,16.427
07/23/21,19:30:00,16.427
07/23/21,19:45:00,16.141
07/23/21,20:00:00,16.046
07/23/21,20:15:00,16.046
07/23/21,20:30:00,16.046
07/23/21,20:45:00,16.046
07/23/21,21:00:00,16.046
07/23/21,21:15:00,16.046
07/23/21,21:30:00,16.141
07/23/21,21:45:00,16.141
07/23/21,22:00:00,16.141
07/23/21,22:15:00,16.141
07/23/21,22:30:00,16.141
07/23/21,22:45:00,16.141
07/23/21,23:00:00,16.046
07/23/21,23:15:00,16.046
07/23/21,23:30:00,16.046
07/23/21,23:45:00,15.951
07/24/21,00:00:00,15.855
07/24/21,00:15:00,15.855
07/24/21,00:30:00,15.760
07/24/21,00:45:00,15.760
07/24/21,01:00:00,15.664
07/24/21,01:15:00,15.664
07/24/21,01:30:00,15.664
07/24/21,01:45:00,15.664
07/24/21,02:00:00,15.664
07/24/21,02:15:00,15.664
07/24/21,02:30:00,15.664
07/24/21,02:45:00,15.664
07/24/21,03:00:00,15.664
07/24/21,03:15:00,15.664
07/24/21,03:30:00,15.664
07/24/21,03:45:00,15.664
07/24/21,04:00:00,15.664
07/24/21,04:15:00,15.569
07/24/21,04:30:00,15.473
07/24/21,04:45:00,15.473
07/24/21,05:00:00,15.378
07/24/21,05:15:00,15.378
07/24/21,05:30:00,15.378
07/24/21,05:45:00,15.378
07/24/21,06:00:00,15.378
07/24/21,06:15:00,15.378
07/24/21,06:30:00,15.378
07/24/21,06:45:00,16.427
07/24/21,07:00:00,16.999
07/24/21,07:15:00,17.475
07/24/21,07:30:00,17.475
07/24/21,07:45:00,17.760
07/24/21,08:00:00,18.045
07/24/21,08:15:00,18.236
07/24/21,08:30:00,17.950
07/24/21,08:45:00,18.140
07/24/21,09:00:00,18.616
07/24/21,09:15:00,18.996
07/24/21,09:30:00,19.377
07/24/21,09:45:00,19.758
07/24/21,10:00:00,20.805
07/24/21,10:15:00,21.855
07/24/21,10:30:00,21.378
07/24/21,10:45:00,20.901
07/24/21,11:00:00,21.091
07/24/21,11:15:00,21.378
07/24/21,11:30:00,21.855
07/24/21,11:45:00,22.429
07/24/21,12:00:00,23.100
07/24/21,12:15:00,23.869
07/24/21,12:30:00,24.545
07/24/21,12:45:00,24.931
07/24/21,13:00:00,25.319
07/24/21,13:15:00,25.222
07/24/21,13:30:00,24.448
07/24/21,13:45:00,21.855
07/24/21,14:00:00,21.187
07/24/21,14:15:00,20.710
07/24/21,14:30:00,23.773
07/24/21,14:45:00,20.710
07/24/21,15:00:00,19.758
07/24/21,15:15:00,19.662
07/24/21,15:30:00,19.948
07/24/21,15:45:00,20.710
07/24/21,16:00:00,21.473
07/24/21,16:15:00,21.760
07/24/21,16:30:00,20.996
07/24/21,16:45:00,20.424
07/24/21,17:00:00,19.853
07/24/21,17:15:00,19.282
07/24/21,17:30:00,18.806
07/24/21,17:45:00,18.521
07/24/21,18:00:00,18.236
07/24/21,18:15:00,17.950
07/24/21,18:30:00,17.760
07/24/21,18:45:00,17.570
07/24/21,19:00:00,17.570
07/24/21,19:15:00,17.570
07/24/21,19:30:00,17.570
07/24/21,19:45:00,17.570
07/24/21,20:00:00,17.570
07/24/21,20:15:00,17.570
07/24/21,20:30:00,17.570
07/24/21,20:45:00,17.570
07/24/21,21:00:00,17.189
07/24/21,21:15:00,17.094
07/24/21,21:30:00,17.094
07/24/21,21:45:00,17.094
07/24/21,22:00:00,17.094
07/24/21,22:15:00,17.094
07/24/21,22:30:00,17.094
07/24/21,22:45:00,17.189
07/24/21,23:00:00,17.189
07/24/21,23:15:00,17.189
07/24/21,23:30:00,17.284
07/24/21,23:45:00,17.475
07/25/21,00:00:00,18.045
07/25/21,00:15:00,17.950
07/25/21,00:30:00,18.140
07/25/21,00:45:00,18.236
07/25/21,01:00:00,18.426
07/25/21,01:15:00,18.426
07/25/21,01:30:00,18.521
07/25/21,01:45:00,18.521
07/25/21,02:00:00,18.426
07/25/21,02:15:00,18.426
07/25/21,02:30:00,18.426
07/25/21,02:45:00,18.426
07/25/21,03:00:00,18.426
07/25/21,03:15:00,18.331
07/25/21,03:30:00,18.331
07/25/21,03:45:00,18.331
07/25/21,04:00:00,18.236
07/25/21,04:15:00,18.236
07/25/21,04:30:00,18.236
07/25/21,04:45:00,18.236
07/25/21,05:00:00,18.236
07/25/21,05:15:00,18.236
07/25/21,05:30:00,18.236
07/25/21,05:45:00,18.236
07/25/21,06:00:00,18.331
07/25/21,06:15:00,18.331
07/25/21,06:30:00,18.521
07/25/21,06:45:00,18.521
07/25/21,07:00:00,18.521
07/25/21,07:15:00,18.616
07/25/21,07:30:00,18.521
07/25/21,07:45:00,18.616
07/25/21,08:00:00,18.806
07/25/21,08:15:00,18.996
07/25/21,08:30:00,19.092
07/25/21,08:45:00,19.282
07/25/21,09:00:00,19.472
07/25/21,09:15:00,19.662
07/25/21,09:30:00,19.567
07/25/21,09:45:00,19.567
07/25/21,10:00:00,19.662
07/25/21,10:15:00,19.662
07/25/21,10:30:00,19.758
07/25/21,10:45:00,19.948
07/25/21,11:00:00,20.138
07/25/21,11:15:00,20.519
07/25/21,11:30:00,20.996
07/25/21,11:45:00,21.569
07/25/21,12:00:00,22.525
07/25/21,12:15:00,23.004
07/25/21,12:30:00,23.388
07/25/21,12:45:00,23.773
07/25/21,13:00:00,24.158
07/25/21,13:15:00,24.641
07/25/21,13:30:00,24.931
07/25/21,13:45:00,25.222
07/25/21,14:00:00,25.319
07/25/21,14:15:00,23.677
07/25/21,14:30:00,22.238
07/25/21,14:45:00,21.760
07/25/21,15:00:00,23.484
07/25/21,15:15:00,22.238
07/25/21,15:30:00,20.805
07/25/21,15:45:00,20.710
07/25/21,16:00:00,20.805
07/25/21,16:15:00,21.473
07/25/21,16:30:00,22.238
07/25/21,16:45:00,22.717
07/25/21,17:00:00,22.333
07/25/21,17:15:00,21.855
07/25/21,17:30:00,21.473
07/25/21,17:45:00,20.996
07/25/21,18:00:00,20.519
07/25/21,18:15:00,20.043
07/25/21,18:30:00,19.472
07/25/21,18:45:00,18.996
07/25/21,19:00:00,18.711
07/25/21,19:15:00,18.426
07/25/21,19:30:00,18.331
07/25/21,19:45:00,18.331
07/25/21,20:00:00,18.236
07/25/21,20:15:00,18.236
07/25/21,20:30:00,18.331
07/25/21,20:45:00,18.331
07/25/21,21:00:00,18.426
07/25/21,21:15:00,18.426
07/25/21,21:30:00,18.521
07/25/21,21:45:00,18.331
07/25/21,22:00:00,18.426
07/25/21,22:15:00,18.426
07/25/21,22:30:00,18.521
07/25/21,22:45:00,18.521
07/25/21,23:00:00,18.616
07/25/21,23:15:00,18.616
07/25/21,23:30:00,18.711
07/25/21,23:45:00,18.711
07/26/21,00:00:00,18.806
07/26/21,00:15:00,18.996
07/26/21,00:30:00,19.092
07/26/21,00:45:00,19.282
07/26/21,01:00:00,19.377
07/26/21,01:15:00,19.377
07/26/21,01:30:00,19.377
07/26/21,01:45:00,19.377
07/26/21,02:00:00,19.282
07/26/21,02:15:00,19.187
07/26/21,02:30:00,19.092
07/26/21,02:45:00,19.092
07/26/21,03:00:00,18.996
07/26/21,03:15:00,18.901
07/26/21,03:30:00,18.901
07/26/21,03:45:00,18.711
07/26/21,04:00:00,18.616
07/26/21,04:15:00,18.616
07/26/21,04:30:00,18.521
07/26/21,04:45:00,18.426
07/26/21,05:00:00,18.236
07/26/21,05:15:00,18.045
07/26/21,05:30:00,18.045
07/26/21,05:45:00,17.855
07/26/21,06:00:00,17.760
07/26/21,06:15:00,17.379
07/26/21,06:30:00,16.999
07/26/21,06:45:00,16.808
07/26/21,07:00:00,16.713
07/26/21,07:15:00,16.618
07/26/21,07:30:00,16.523
07/26/21,07:45:00,16.427
07/26/21,08:00:00,16.523
07/26/21,08:15:00,18.426
07/26/21,08:30:00,18.616
07/26/21,08:45:00,18.996
07/26/21,09:00:00,19.187
07/26/21,09:15:00,19.282
07/26/21,09:30:00,19.377
07/26/21,09:45:00,19.662
07/26/21,10:00:00,19.662
07/26/21,10:15:00,19.948
07/26/21,10:30:00,20.329
07/26/21,10:45:00,20.329
07/26/21,11:00:00,20.424
07/26/21,11:15:00,20.519
07/26/21,11:30:00,20.710
07/26/21,11:45:00,20.996
07/26/21,12:00:00,21.473
07/26/21,12:15:00,21.855
07/26/21,12:30:00,22.238
07/26/21,12:45:00,22.717
07/26/21,13:00:00,23.100
07/26/21,13:15:00,23.581
07/26/21,13:30:00,23.966
07/26/21,13:45:00,24.351
07/26/21,14:00:00,24.545
07/26/21,14:15:00,24.738
07/26/21,14:30:00,24.641
07/26/21,14:45:00,23.292
07/26/21,15:00:00,22.717
07/26/21,15:15:00,22.717
07/26/21,15:30:00,24.255
07/26/21,15:45:00,23.100
07/26/21,16:00:00,21.282
07/26/21,16:15:00,20.901
07/26/21,16:30:00,20.805
07/26/21,16:45:00,21.187
07/26/21,17:00:00,22.046
07/26/21,17:15:00,22.333
07/26/21,17:30:00,21.951
07/26/21,17:45:00,21.664
07/26/21,18:00:00,21.282
07/26/21,18:15:00,20.805
07/26/21,18:30:00,20.424
07/26/21,18:45:00,19.948
07/26/21,19:00:00,19.472
07/26/21,19:15:00,18.806
07/26/21,19:30:00,18.331
07/26/21,19:45:00,18.045
07/26/21,20:00:00,17.855
07/26/21,20:15:00,17.665
07/26/21,20:30:00,17.570
07/26/21,20:45:00,17.475
07/26/21,21:00:00,17.379
07/26/21,21:15:00,17.379
07/26/21,21:30:00,17.284
07/26/21,21:45:00,17.284
07/26/21,22:00:00,17.284
07/26/21,22:15:00,17.379
07/26/21,22:30:00,17.379
07/26/21,22:45:00,17.379
07/26/21,23:00:00,17.475
07/26/21,23:15:00,17.855
07/26/21,23:30:00,17.950
07/26/21,23:45:00,18.140
07/27/21,00:00:00,18.331
07/27/21,00:15:00,18.426
07/27/21,00:30:00,18.616
07/27/21,00:45:00,18.711
07/27/21,01:00:00,18.901
07/27/21,01:15:00,19.092
07/27/21,01:30:00,19.282
07/27/21,01:45:00,19.472
07/27/21,02:00:00,19.567
07/27/21,02:15:00,19.567
07/27/21,02:30:00,19.567
07/27/21,02:45:00,19.567
07/27/21,03:00:00,19.567
07/27/21,03:15:00,19.567
07/27/21,03:30:00,19.567
07/27/21,03:45:00,19.567
07/27/21,04:00:00,19.472
07/27/21,04:15:00,19.472
07/27/21,04:30:00,19.377
07/27/21,04:45:00,19.282
07/27/21,05:00:00,19.187
07/27/21,05:15:00,18.996
07/27/21,05:30:00,18.806
07/27/21,05:45:00,18.521
07/27/21,06:00:00,18.426
07/27/21,06:15:00,18.331
07/27/21,06:30:00,18.236
07/27/21,06:45:00,18.236
07/27/21,07:00:00,18.140
07/27/21,07:15:00,18.045
07/27/21,07:30:00,17.950
07/27/21,07:45:00,17.855
07/27/21,08:00:00,17.760
07/27/21,08:15:00,17.665
07/27/21,08:30:00,17.665
07/27/21,08:45:00,17.665
07/27/21,09:00:00,18.521
07/27/21,09:15:00,19.092
07/27/21,09:30:00,19.282
07/27/21,09:45:00,19.377
07/27/21,10:00:00,19.377
07/27/21,10:15:00,19.472
07/27/21,10:30:00,19.853
07/27/21,10:45:00,20.234
07/27/21,11:00:00,20.519
07/27/21,11:15:00,20.710
07/27/21,11:30:00,20.901
07/27/21,11:45:00,21.282
07/27/21,12:00:00,21.664
07/27/21,12:15:00,21.951
07/27/21,12:30:00,22.238
07/27/21,12:45:00,22.621
07/27/21,13:00:00,23.004
07/27/21,13:15:00,23.388
07/27/21,13:30:00,23.677
07/27/21,13:45:00,23.966
07/27/21,14:00:00,24.255
07/27/21,14:15:00,24.351
07/27/21,14:30:00,24.545
07/27/21,14:45:00,24.545
07/27/21,15:00:00,24.545
07/27/21,15:15:00,24.255
07/27/21,15:30:00,23.388
07/27/21,15:45:00,23.581
07/27/21,16:00:00,24.448
07/27/21,16:15:00,23.677
07/27/21,16:30:00,21.569
07/27/21,16:45:00,20.996
07/27/21,17:00:00,21.282
07/27/21,17:15:00,21.473
07/27/21,17:30:00,22.046
07/27/21,17:45:00,22.142
07/27/21,18:00:00,21.855
07/27/21,18:15:00,21.569
07/27/21,18:30:00,21.282
07/27/21,18:45:00,20.996
07/27/21,19:00:00,20.615
07/27/21,19:15:00,20.329
07/27/21,19:30:00,19.948
07/27/21,19:45:00,19.567
07/27/21,20:00:00,19.282
07/27/21,20:15:00,18.996
07/27/21,20:30:00,18.806
07/27/21,20:45:00,18.806
07/27/21,21:00:00,18.616
07/27/21,21:15:00,18.426
07/27/21,21:30:00,18.426
07/27/21,21:45:00,18.236
07/27/21,22:00:00,18.140
07/27/21,22:15:00,17.760
07/27/21,22:30:00,17.665
07/27/21,22:45:00,17.475
07/27/21,23:00:00,17.379
07/27/21,23:15:00,17.379
07/27/21,23:30:00,17.379
07/27/21,23:45:00,17.379
07/28/21,00:00:00,17.475
07/28/21,00:15:00,18.616
07/28/21,00:30:00,18.806
07/28/21,00:45:00,18.996
07/28/21,01:00:00,19.187
07/28/21,01:15:00,19.377
07/28/21,01:30:00,19.472
07/28/21,01:45:00,19.472
07/28/21,02:00:00,19.567
07/28/21,02:15:00,19.567
07/28/21,02:30:00,19.662
07/28/21,02:45:00,19.567
07/28/21,03:00:00,19.662
07/28/21,03:15:00,19.758
07/28/21,03:30:00,19.758
07/28/21,03:45:00,19.758
07/28/21,04:00:00,19.758
07/28/21,04:15:00,19.853
07/28/21,04:30:00,19.853
07/28/21,04:45:00,19.853
07/28/21,05:00:00,19.758
07/28/21,05:15:00,19.758
07/28/21,05:30:00,19.662
07/28/21,05:45:00,19.567
07/28/21,06:00:00,19.472
07/28/21,06:15:00,19.377
07/28/21,06:30:00,19.282
07/28/21,06:45:00,19.187
07/28/21,07:00:00,19.092
07/28/21,07:15:00,18.996
07/28/21,07:30:00,18.901
07/28/21,07:45:00,18.901
07/28/21,08:00:00,18.806
07/28/21,08:15:00,18.806
07/28/21,08:30:00,18.711
07/28/21,08:45:00,18.711
07/28/21,09:00:00,18.711
07/28/21,09:15:00,18.806
07/28/21,09:30:00,18.806
07/28/21,09:45:00,18.806
07/28/21,10:00:00,18.901
07/28/21,10:15:00,19.092
07/28/21,10:30:00,19.567
07/28/21,10:45:00,19.853
07/28/21,11:00:00,20.043
07/28/21,11:15:00,20.329
07/28/21,11:30:00,20.519
07/28/21,11:45:00,21.091
07/28/21,12:00:00,21.951
07/28/21,12:15:00,22.238
07/28/21,12:30:00,22.238
07/28/21,12:45:00,22.142
07/28/21,13:00:00,22.142
07/28/21,13:15:00,22.238
07/28/21,13:30:00,22.333
07/28/21,13:45:00,22.429
07/28/21,14:00:00,22.525
07/28/21,14:15:00,22.621
07/28/21,14:30:00,22.812
07/28/21,14:45:00,22.812
07/28/21,15:00:00,22.812
07/28/21,15:15:00,22.812
07/28/21,15:30:00,23.004
07/28/21,15:45:00,23.196
07/28/21,16:00:00,23.196
07/28/21,16:15:00,23.388
07/28/21,16:30:00,23.581
07/28/21,16:45:00,23.581
07/28/21,17:00:00,23.388
07/28/21,17:15:00,23.004
07/28/21,17:30:00,22.525
07/28/21,17:45:00,22.142
07/28/21,18:00:00,21.855
07/28/21,18:15:00,21.569
07/28/21,18:30:00,21.282
07/28/21,18:45:00,21.091
07/28/21,19:00:00,20.901
07/28/21,19:15:00,20.615
07/28/21,19:30:00,20.424
07/28/21,19:45:00,20.138
07/28/21,20:00:00,19.948
07/28/21,20:15:00,19.853
07/28/21,20:30:00,19.662
07/28/21,20:45:00,19.377
07/28/21,21:00:00,19.187
07/28/21,21:15:00,18.996
07/28/21,21:30:00,18.901
07/28/21,21:45:00,18.806
07/28/21,22:00:00,18.711
07/28/21,22:15:00,18.236
07/28/21,22:30:00,17.950
07/28/21,22:45:00,17.950
07/28/21,23:00:00,17.950
07/28/21,23:15:00,17.950
07/28/21,23:30:00,18.045
07/28/21,23:45:00,18.711
07/29/21,00:00:00,18.711
07/29/21,00:15:00,18.711
07/29/21,00:30:00,18.711
07/29/21,00:45:00,18.901
07/29/21,01:00:00,19.092
07/29/21,01:15:00,19.187
07/29/21,01:30:00,19.377
07/29/21,01:45:00,19.567
07/29/21,02:00:00,19.758
07/29/21,02:15:00,19.948
07/29/21,02:30:00,20.043
07/29/21,02:45:00,20.043
07/29/21,03:00:00,20.234
07/29/21,03:15:00,20.234
07/29/21,03:30:00,20.234
07/29/21,03:45:00,20.329
07/29/21,04:00:00,20.234
07/29/21,04:15:00,20.329
07/29/21,04:30:00,20.234
07/29/21,04:45:00,20.234
07/29/21,05:00:00,20.234
07/29/21,05:15:00,20.234
07/29/21,05:30:00,20.138
07/29/21,05:45:00,20.138
07/29/21,06:00:00,20.138
07/29/21,06:15:00,20.043
07/29/21,06:30:00,19.948
07/29/21,06:45:00,19.853
07/29/21,07:00:00,19.758
07/29/21,07:15:00,19.758
07/29/21,07:30:00,19.662
07/29/21,07:45:00,19.567
07/29/21,08:00:00,19.472
07/29/21,08:15:00,19.472
07/29/21,08:30:00,19.377
07/29/21,08:45:00,19.377
07/29/21,09:00:00,19.187
07/29/21,09:15:00,19.187
07/29/21,09:30:00,19.187
07/29/21,09:45:00,19.187
07/29/21,10:00:00,19.282
07/29/21,10:15:00,19.282
07/29/21,10:30:00,19.282
07/29/21,10:45:00,19.187
07/29/21,11:00:00,19.092
07/29/21,11:15:00,19.092
07/29/21,11:30:00,19.092
07/29/21,11:45:00,19.092
07/29/21,12:00:00,19.187
07/29/21,12:15:00,19.377
07/29/21,12:30:00,20.329
07/29/21,12:45:00,20.710
07/29/21,13:00:00,21.091
07/29/21,13:15:00,21.473
07/29/21,13:30:00,21.760
07/29/21,13:45:00,22.046
07/29/21,14:00:00,22.238
07/29/21,14:15:00,22.333
07/29/21,14:30:00,22.525
07/29/21,14:45:00,22.621
07/29/21,15:00:00,22.621
07/29/21,15:15:00,22.621
07/29/21,15:30:00,22.525
07/29/21,15:45:00,22.621
07/29/21,16:00:00,22.621
07/29/21,16:15:00,22.812
07/29/21,16:30:00,23.004
07/29/21,16:45:00,22.908
07/29/21,17:00:00,22.908
07/29/21,17:15:00,22.717
07/29/21,17:30:00,22.525
07/29/21,17:45:00,22.238
07/29/21,18:00:00,21.951
07/29/21,18:15:00,21.760
07/29/21,18:30:00,21.569
07/29/21,18:45:00,21.282
07/29/21,19:00:00,20.996
07/29/21,19:15:00,20.805
07/29/21,19:30:00,20.615
07/29/21,19:45:00,20.519
07/29/21,20:00:00,20.424
07/29/21,20:15:00,20.329
07/29/21,20:30:00,20.329
07/29/21,20:45:00,20.234
07/29/21,21:00:00,20.043
07/29/21,21:15:00,19.948
07/29/21,21:30:00,19.948
07/29/21,21:45:00,19.853
07/29/21,22:00:00,19.853
07/29/21,22:15:00,19.853
07/29/21,22:30:00,19.758
07/29/21,22:45:00,19.662
07/29/21,23:00:00,19.662
07/29/21,23:15:00,19.567
07/29/21,23:30:00,19.567
07/29/21,23:45:00,19.472
07/30/21,00:00:00,19.472
07/30/21,00:15:00,19.377
07/30/21,00:30:00,19.377
07/30/21,00:45:00,19.377
07/30/21,01:00:00,19.948
07/30/21,01:15:00,20.138
07/30/21,01:30:00,20.138
07/30/21,01:45:00,20.329
07/30/21,02:00:00,20.043
07/30/21,02:15:00,19.948
07/30/21,02:30:00,19.948
07/30/21,02:45:00,20.043
07/30/21,03:00:00,20.043
07/30/21,03:15:00,20.138
07/30/21,03:30:00,20.329
07/30/21,03:45:00,20.519
07/30/21,04:00:00,20.710
07/30/21,04:15:00,20.710
07/30/21,04:30:00,20.710
07/30/21,04:45:00,20.710
07/30/21,05:00:00,20.710
07/30/21,05:15:00,20.710
07/30/21,05:30:00,20.710
07/30/21,05:45:00,20.710
07/30/21,06:00:00,20.710
07/30/21,06:15:00,20.615
07/30/21,06:30:00,20.615
07/30/21,06:45:00,20.615
07/30/21,07:00:00,20.519
07/30/21,07:15:00,20.424
07/30/21,07:30:00,20.329
07/30/21,07:45:00,20.138
07/30/21,08:00:00,20.043
07/30/21,08:15:00,20.043
07/30/21,08:30:00,19.948
07/30/21,08:45:00,19.853
07/30/21,09:00:00,19.853
07/30/21,09:15:00,19.853
07/30/21,09:30:00,19.853
07/30/21,09:45:00,19.853
07/30/21,10:00:00,19.948
07/30/21,10:15:00,19.948
07/30/21,10:30:00,19.948
07/30/21,10:45:00,19.948
07/30/21,11:00:00,20.043
07/30/21,11:15:00,20.043
07/30/21,11:30:00,20.043
07/30/21,11:45:00,20.138
07/30/21,12:00:00,20.138
07/30/21,12:15:00,20.234
07/30/21,12:30:00,20.234
07/30/21,12:45:00,20.234
07/30/21,13:00:00,20.329
07/30/21,13:15:00,20.519
07/30/21,13:30:00,20.615
07/30/21,13:45:00,20.805
07/30/21,14:00:00,20.901
07/30/21,14:15:00,21.091
07/30/21,14:30:00,21.187
07/30/21,14:45:00,21.378
07/30/21,15:00:00,21.473
07/30/21,15:15:00,21.569
07/30/21,15:30:00,21.664
07/30/21,15:45:00,21.855
07/30/21,16:00:00,21.951
07/30/21,16:15:00,21.951
07/30/21,16:30:00,22.046
07/30/21,16:45:00,22.046
07/30/21,17:00:00,21.951
07/30/21,17:15:00,21.855
07/30/21,17:30:00,21.855
07/30/21,17:45:00,21.855
07/30/21,18:00:00,21.760
07/30/21,18:15:00,21.664
07/30/21,18:30:00,21.664
07/30/21,18:45:00,21.569
07/30/21,19:00:00,21.473
07/30/21,19:15:00,21.378
07/30/21,19:30:00,21.282
07/30/21,19:45:00,20.996
07/30/21,20:00:00,20.901
07/30/21,20:15:00,20.710
07/30/21,20:30:00,20.519
07/30/21,20:45:00,20.424
07/30/21,21:00:00,20.329
07/30/21,21:15:00,20.234
07/30/21,21:30:00,20.234
07/30/21,21:45:00,20.138
07/30/21,22:00:00,20.138
07/30/21,22:15:00,20.138
07/30/21,22:30:00,20.043
07/30/21,22:45:00,19.948
07/30/21,23:00:00,19.853
07/30/21,23:15:00,19.758
07/30/21,23:30:00,19.377
07/30/21,23:45:00,19.282
07/31/21,00:00:00,19.187
07/31/21,00:15:00,18.996
07/31/21,00:30:00,18.996
07/31/21,00:45:00,18.806
07/31/21,01:00:00,18.901
07/31/21,01:15:00,18.806
07/31/21,01:30:00,19.567
07/31/21,01:45:00,20.138
07/31/21,02:00:00,20.234
07/31/21,02:15:00,20.234
07/31/21,02:30:00,20.424
07/31/21,02:45:00,20.805
07/31/21,03:00:00,21.187
07/31/21,03:15:00,21.378
07/31/21,03:30:00,21.473
07/31/21,03:45:00,21.569
07/31/21,04:00:00,21.760
07/31/21,04:15:00,21.855
07/31/21,04:30:00,21.951
07/31/21,04:45:00,21.951
07/31/21,05:00:00,21.951
07/31/21,05:15:00,22.046
07/31/21,05:30:00,22.046
07/31/21,05:45:00,21.951
07/31/21,06:00:00,21.855
07/31/21,06:15:00,21.760
07/31/21,06:30:00,21.855
07/31/21,06:45:00,21.760
07/31/21,07:00:00,21.760
07/31/21,07:15:00,21.760
07/31/21,07:30:00,21.760
07/31/21,07:45:00,21.664
07/31/21,08:00:00,21.760
07/31/21,08:15:00,21.664
07/31/21,08:30:00,21.378
07/31/21,08:45:00,21.282
07/31/21,09:00:00,21.282
07/31/21,09:15:00,21.282
07/31/21,09:30:00,21.282
07/31/21,09:45:00,21.187
07/31/21,10:00:00,21.187
07/31/21,10:15:00,21.091
07/31/21,10:30:00,20.996
07/31/21,10:45:00,20.901
07/31/21,11:00:00,20.805
07/31/21,11:15:00,20.710
07/31/21,11:30:00,20.519
07/31/21,11:45:00,20.519
07/31/21,12:00:00,20.519
07/31/21,12:15:00,20.424
07/31/21,12:30:00,20.424
07/31/21,12:45:00,20.424
07/31/21,13:00:00,20.424
07/31/21,13:15:00,20.329
07/31/21,13:30:00,20.329
07/31/21,13:45:00,20.329
07/31/21,14:00:00,20.329
07/31/21,14:15:00,20.329
07/31/21,14:30:00,20.329
07/31/21,14:45:00,20.329
07/31/21,15:00:00,20.329
07/31/21,15:15:00,20.329
07/31/21,15:30:00,20.519
07/31/21,15:45:00,20.519
07/31/21,16:00:00,20.519
07/31/21,16:15:00,20.615
07/31/21,16:30:00,20.615
07/31/21,16:45:00,20.615
07/31/21,17:00:00,20.615
07/31/21,17:15:00,20.615
07/31/21,17:30:00,20.615
07/31/21,17:45:00,20.615
07/31/21,18:00:00,20.519
07/31/21,18:15:00,20.519
07/31/21,18:30:00,20.519
07/31/21,18:45:00,20.424
07/31/21,19:00:00,20.424
07/31/21,19:15:00,20.424
07/31/21,19:30:00,20.234
07/31/21,19:45:00,20.234
07/31/21,20:00:00,20.138
07/31/21,20:15:00,19.948
07/31/21,20:30:00,19.853
07/31/21,20:45:00,19.662
07/31/21,21:00:00,19.472
07/31/21,21:15:00,19.472
07/31/21,21:30:00,19.377
07/31/21,21:45:00,19.377
07/31/21,22:00:00,19.377
07/31/21,22:15:00,19.377
07/31/21,22:30:00,19.377
07/31/21,22:45:00,19.282
07/31/21,23:00:00,19.282
07/31/21,23:15:00,19.187
07/31/21,23:30:00,19.282
07/31/21,23:45:00,19.187
08/01/21,00:00:00,19.187
08/01/21,00:15:00,19.187
08/01/21,00:30:00,19.187
08/01/21,00:45:00,19.187
08/01/21,01:00:00,19.092
08/01/21,01:15:00,19.187
08/01/21,01:30:00,19.282
08/01/21,01:45:00,19.377
08/01/21,02:00:00,19.282
08/01/21,02:15:00,19.092
08/01/21,02:30:00,19.377
08/01/21,02:45:00,19.662
08/01/21,03:00:00,19.758
08/01/21,03:15:00,19.948
08/01/21,03:30:00,20.043
08/01/21,03:45:00,20.234
08/01/21,04:00:00,20.329
08/01/21,04:15:00,20.329
08/01/21,04:30:00,20.424
08/01/21,04:45:00,20.424
08/01/21,05:00:00,20.519
08/01/21,05:15:00,20.519
08/01/21,05:30:00,20.519
08/01/21,05:45:00,20.519
08/01/21,06:00:00,20.519
08/01/21,06:15:00,20.519
08/01/21,06:30:00,20.519
08/01/21,06:45:00,20.424
08/01/21,07:00:00,20.424
08/01/21,07:15:00,20.424
08/01/21,07:30:00,20.424
08/01/21,07:45:00,20.424
08/01/21,08:00:00,20.424
08/01/21,08:15:00,20.424
08/01/21,08:30:00,20.424
08/01/21,08:45:00,20.329
08/01/21,09:00:00,20.329
08/01/21,09:15:00,20.329
08/01/21,09:30:00,20.329
08/01/21,09:45:00,20.234
08/01/21,10:00:00,20.234
08/01/21,10:15:00,20.234
08/01/21,10:30:00,20.234
08/01/21,10:45:00,20.138
08/01/21,11:00:00,20.043
08/01/21,11:15:00,19.948
08/01/21,11:30:00,19.853
08/01/21,11:45:00,19.758
08/01/21,12:00:00,19.662
08/01/21,12:15:00,19.662
08/01/21,12:30:00,19.662
08/01/21,12:45:00,19.662
08/01/21,13:00:00,19.662
08/01/21,13:15:00,19.662
08/01/21,13:30:00,19.662
08/01/21,13:45:00,19.662
08/01/21,14:00:00,19.662
08/01/21,14:15:00,19.662
08/01/21,14:30:00,19.662
08/01/21,14:45:00,19.662
08/01/21,15:00:00,19.662
08/01/21,15:15:00,19.567
08/01/21,15:30:00,19.567
08/01/21,15:45:00,19.567
08/01/21,16:00:00,19.662
08/01/21,16:15:00,19.662
08/01/21,16:30:00,19.662
08/01/21,16:45:00,19.662
08/01/21,17:00:00,19.567
08/01/21,17:15:00,19.567
08/01/21,17:30:00,19.567
08/01/21,17:45:00,19.472
08/01/21,18:00:00,19.472
08/01/21,18:15:00,19.472
08/01/21,18:30:00,19.472
08/01/21,18:45:00,19.472
08/01/21,19:00:00,19.377
08/01/21,19:15:00,19.377
08/01/21,19:30:00,19.377
08/01/21,19:45:00,19.377
08/01/21,20:00:00,19.377
08/01/21,20:15:00,19.377
08/01/21,20:30:00,19.377
08/01/21,20:45:00,19.377
08/01/21,21:00:00,19.377
08/01/21,21:15:00,19.377
08/01/21,21:30:00,19.377
08/01/21,21:45:00,19.377
08/01/21,22:00:00,19.377
08/01/21,22:15:00,19.377
08/01/21,22:30:00,19.377
08/01/21,22:45:00,19.377
08/01/21,23:00:00,19.377
08/01/21,23:15:00,19.377
08/01/21,23:30:00,19.377
08/01/21,23:45:00,19.282
08/02/21,00:00:00,19.282
08/02/21,00:15:00,19.282
08/02/21,00:30:00,19.282
08/02/21,00:45:00,19.187
08/02/21,01:00:00,19.187
08/02/21,01:15:00,19.187
08/02/21,01:30:00,19.092
08/02/21,01:45:00,19.187
08/02/21,02:00:00,18.996
08/02/21,02:15:00,18.996
08/02/21,02:30:00,19.567
08/02/21,02:45:00,19.662
08/02/21,03:00:00,19.853
08/02/21,03:15:00,19.662
08/02/21,03:30:00,19.948
08/02/21,03:45:00,20.043
08/02/21,04:00:00,20.138
08/02/21,04:15:00,20.138
08/02/21,04:30:00,20.329
08/02/21,04:45:00,20.424
08/02/21,05:00:00,20.519
08/02/21,05:15:00,20.615
08/02/21,05:30:00,20.615
08/02/21,05:45:00,20.710
08/02/21,06:00:00,20.710
08/02/21,06:15:00,20.710
08/02/21,06:30:00,20.615
08/02/21,06:45:00,20.615
08/02/21,07:00:00,20.519
08/02/21,07:15:00,20.519
08/02/21,07:30:00,20.519
08/02/21,07:45:00,20.519
08/02/21,08:00:00,20.424
08/02/21,08:15:00,20.424
08/02/21,08:30:00,20.424
08/02/21,08:45:00,20.424
08/02/21,09:00:00,20.519
08/02/21,09:15:00,20.519
08/02/21,09:30:00,20.519
08/02/21,09:45:00,20.519
08/02/21,10:00:00,20.615
08/02/21,10:15:00,20.615
08/02/21,10:30:00,20.615
08/02/21,10:45:00,20.615
08/02/21,11:00:00,20.615
08/02/21,11:15:00,20.519
08/02/21,11:30:00,20.519
08/02/21,11:45:00,20.424
08/02/21,12:00:00,20.329
08/02/21,12:15:00,20.329
08/02/21,12:30:00,20.329
08/02/21,12:45:00,20.329
08/02/21,13:00:00,20.234
08/02/21,13:15:00,20.234
08/02/21,13:30:00,20.138
08/02/21,13:45:00,20.138
08/02/21,14:00:00,20.138
08/02/21,14:15:00,20.138
08/02/21,14:30:00,20.138
08/02/21,14:45:00,20.138
08/02/21,15:00:00,20.138
08/02/21,15:15:00,20.138
08/02/21,15:30:00,20.043
08/02/21,15:45:00,19.948
08/02/21,16:00:00,19.948
08/02/21,16:15:00,20.043
08/02/21,16:30:00,20.043
08/02/21,16:45:00,20.043
08/02/21,17:00:00,20.043
08/02/21,17:15:00,20.043
08/02/21,17:30:00,20.043
08/02/21,17:45:00,20.043
08/02/21,18:00:00,20.043
08/02/21,18:15:00,20.043
08/02/21,18:30:00,20.043
08/02/21,18:45:00,20.043
08/02/21,19:00:00,20.043
08/02/21,19:15:00,20.043
08/02/21,19:30:00,20.043
08/02/21,19:45:00,20.043
08/02/21,20:00:00,20.043
08/02/21,20:15:00,20.043
08/02/21,20:30:00,20.043
08/02/21,20:45:00,20.043
08/02/21,21:00:00,19.948
08/02/21,21:15:00,19.948
08/02/21,21:30:00,19.948
08/02/21,21:45:00,19.948
08/02/21,22:00:00,19.948
08/02/21,22:15:00,19.948
08/02/21,22:30:00,19.948
08/02/21,22:45:00,19.853
08/02/21,23:00:00,19.853
08/02/21,23:15:00,19.853
08/02/21,23:30:00,19.853
08/02/21,23:45:00,19.853
08/03/21,00:00:00,19.853
08/03/21,00:15:00,19.853
08/03/21,00:30:00,19.948
08/03/21,00:45:00,19.948
08/03/21,01:00:00,20.043
08/03/21,01:15:00,20.043
08/03/21,01:30:00,20.043
08/03/21,01:45:00,20.138
08/03/21,02:00:00,20.138
08/03/21,02:15:00,20.234
08/03/21,02:30:00,20.234
08/03/21,02:45:00,20.234
08/03/21,03:00:00,20.329
08/03/21,03:15:00,20.519
08/03/21,03:30:00,20.710
08/03/21,03:45:00,20.901
08/03/21,04:00:00,20.329
08/03/21,04:15:00,20.234
08/03/21,04:30:00,20.424
08/03/21,04:45:00,20.901
08/03/21,05:00:00,21.091
08/03/21,05:15:00,21.091
08/03/21,05:30:00,21.091
08/03/21,05:45:00,21.091
08/03/21,06:00:00,21.187
08/03/21,06:15:00,21.282
08/03/21,06:30:00,21.282
08/03/21,06:45:00,21.187
08/03/21,07:00:00,21.187
08/03/21,07:15:00,21.091
08/03/21,07:30:00,21.091
08/03/21,07:45:00,21.091
08/03/21,08:00:00,21.091
08/03/21,08:15:00,21.187
08/03/21,08:30:00,21.187
08/03/21,08:45:00,21.187
08/03/21,09:00:00,21.282
08/03/21,09:15:00,21.282
08/03/21,09:30:00,21.282
08/03/21,09:45:00,21.282
08/03/21,10:00:00,21.378
08/03/21,10:15:00,21.473
08/03/21,10:30:00,21.569
08/03/21,10:45:00,21.569
08/03/21,11:00:00,21.664
08/03/21,11:15:00,21.664
08/03/21,11:30:00,21.569
08/03/21,11:45:00,21.569
08/03/21,12:00:00,21.569
08/03/21,12:15:00,21.473
08/03/21,12:30:00,21.378
08/03/21,12:45:00,21.282
08/03/21,13:00:00,21.282
08/03/21,13:15:00,21.282
08/03/21,13:30:00,21.282
08/03/21,13:45:00,21.187
08/03/21,14:00:00,21.187
08/03/21,14:15:00,21.091
08/03/21,14:30:00,20.996
08/03/21,14:45:00,20.901
08/03/21,15:00:00,20.901
08/03/21,15:15:00,20.805
08/03/21,15:30:00,20.901
08/03/21,15:45:00,20.805
08/03/21,16:00:00,20.901
08/03/21,16:15:00,20.901
08/03/21,16:30:00,20.901
08/03/21,16:45:00,20.901
08/03/21,17:00:00,20.805
08/03/21,17:15:00,20.805
08/03/21,17:30:00,20.805
08/03/21,17:45:00,20.615
08/03/21,18:00:00,20.615
08/03/21,18:15:00,20.424
08/03/21,18:30:00,20.329
08/03/21,18:45:00,20.424
08/03/21,19:00:00,20.329
08/03/21,19:15:00,20.329
08/03/21,19:30:00,20.329
08/03/21,19:45:00,20.329
08/03/21,20:00:00,20.329
08/03/21,20:15:00,20.329
08/03/21,20:30:00,20.329
08/03/21,20:45:00,20.329
08/03/21,21:00:00,20.329
08/03/21,21:15:00,20.234
08/03/21,21:30:00,20.234
08/03/21,21:45:00,20.138
08/03/21,22:00:00,20.138
08/03/21,22:15:00,20.043
08/03/21,22:30:00,20.043
08/03/21,22:45:00,19.948
08/03/21,23:00:00,19.948
08/03/21,23:15:00,19.853
08/03/21,23:30:00,19.758
08/03/21,23:45:00,19.758
08/04/21,00:00:00,19.662
08/04/21,00:15:00,19.567
08/04/21,00:30:00,19.472
08/04/21,00:45:00,19.472
08/04/21,01:00:00,19.472
08/04/21,01:15:00,19.472
08/04/21,01:30:00,19.472
08/04/21,01:45:00,19.472
08/04/21,02:00:00,19.567
08/04/21,02:15:00,19.567
08/04/21,02:30:00,19.567
08/04/21,02:45:00,19.567
08/04/21,03:00:00,19.567
08/04/21,03:15:00,19.567
08/04/21,03:30:00,19.567
08/04/21,03:45:00,19.662
08/04/21,04:00:00,20.138
08/04/21,04:15:00,20.519
08/04/21,04:30:00,20.710
08/04/21,04:45:00,20.901
08/04/21,05:00:00,20.996
08/04/21,05:15:00,21.091
08/04/21,05:30:00,20.996
08/04/21,05:45:00,20.996
08/04/21,06:00:00,21.091
08/04/21,06:15:00,21.187
08/04/21,06:30:00,21.187
08/04/21,06:45:00,21.187
08/04/21,07:00:00,21.091
08/04/21,07:15:00,21.091
08/04/21,07:30:00,21.091
08/04/21,07:45:00,21.091
08/04/21,08:00:00,21.091
08/04/21,08:15:00,21.187
08/04/21,08:30:00,21.187
08/04/21,08:45:00,21.187
08/04/21,09:00:00,21.187
08/04/21,09:15:00,21.187
08/04/21,09:30:00,21.282
08/04/21,09:45:00,21.282
08/04/21,10:00:00,21.378
08/04/21,10:15:00,21.473
08/04/21,10:30:00,21.569
08/04/21,10:45:00,21.760
08/04/21,11:00:00,21.951
08/04/21,11:15:00,22.142
08/04/21,11:30:00,22.046
08/04/21,11:45:00,21.855
08/04/21,12:00:00,21.855
08/04/21,12:15:00,21.855
08/04/21,12:30:00,21.760
08/04/21,12:45:00,21.760
08/04/21,13:00:00,21.760
08/04/21,13:15:00,21.760
08/04/21,13:30:00,21.664
08/04/21,13:45:00,21.569
08/04/21,14:00:00,21.378
08/04/21,14:15:00,21.282
08/04/21,14:30:00,21.091
08/04/21,14:45:00,20.996
08/04/21,15:00:00,20.805
08/04/21,15:15:00,20.710
08/04/21,15:30:00,20.710
08/04/21,15:45:00,20.615
08/04/21,16:00:00,20.710
08/04/21,16:15:00,20.615
08/04/21,16:30:00,20.710
08/04/21,16:45:00,20.710
08/04/21,17:00:00,20.710
08/04/21,17:15:00,20.710
08/04/21,17:30:00,20.710
08/04/21,17:45:00,20.805
08/04/21,18:00:00,20.805
08/04/21,18:15:00,20.805
08/04/21,18:30:00,20.805
08/04/21,18:45:00,20.805
08/04/21,19:00:00,20.805
08/04/21,19:15:00,20.805
08/04/21,19:30:00,20.805
08/04/21,19:45:00,20.805
08/04/21,20:00:00,20.805
08/04/21,20:15:00,20.805
08/04/21,20:30:00,20.901
08/04/21,20:45:00,20.901
08/04/21,21:00:00,20.901
08/04/21,21:15:00,20.901
08/04/21,21:30:00,20.901
08/04/21,21:45:00,20.901
08/04/21,22:00:00,20.901
08/04/21,22:15:00,20.996
08/04/21,22:30:00,20.996
08/04/21,22:45:00,20.901
08/04/21,23:00:00,20.901
08/04/21,23:15:00,20.805
08/04/21,23:30:00,20.615
08/04/21,23:45:00,20.424
08/05/21,00:00:00,19.948
08/05/21,00:15:00,20.043
08/05/21,00:30:00,20.043
08/05/21,00:45:00,20.234
08/05/21,01:00:00,20.329
08/05/21,01:15:00,20.519
08/05/21,01:30:00,20.615
08/05/21,01:45:00,20.805
08/05/21,02:00:00,20.901
08/05/21,02:15:00,20.901
08/05/21,02:30:00,20.996
08/05/21,02:45:00,20.996
08/05/21,03:00:00,20.996
08/05/21,03:15:00,20.996
08/05/21,03:30:00,20.996
08/05/21,03:45:00,20.996
08/05/21,04:00:00,21.187
08/05/21,04:15:00,21.378
08/05/21,04:30:00,21.187
08/05/21,04:45:00,21.091
08/05/21,05:00:00,20.805
08/05/21,05:15:00,20.615
08/05/21,05:30:00,20.710
08/05/21,05:45:00,21.091
08/05/21,06:00:00,21.473
08/05/21,06:15:00,21.760
08/05/21,06:30:00,21.569
08/05/21,06:45:00,21.282
08/05/21,07:00:00,20.996
08/05/21,07:15:00,20.996
08/05/21,07:30:00,21.091
08/05/21,07:45:00,21.282
08/05/21,08:00:00,21.473
08/05/21,08:15:00,21.664
08/05/21,08:30:00,21.760
08/05/21,08:45:00,21.760
08/05/21,09:00:00,21.569
08/05/21,09:15:00,21.473
08/05/21,09:30:00,21.473
08/05/21,09:45:00,21.378
08/05/21,10:00:00,21.473
08/05/21,10:15:00,21.473
08/05/21,10:30:00,21.664
08/05/21,10:45:00,21.855
08/05/21,11:00:00,21.951
08/05/21,11:15:00,22.046
08/05/21,11:30:00,22.142
08/05/21,11:45:00,22.238
08/05/21,12:00:00,22.525
08/05/21,12:15:00,22.525
08/05/21,12:30:00,22.046
08/05/21,12:45:00,21.569
08/05/21,13:00:00,21.664
08/05/21,13:15:00,21.760
08/05/21,13:30:00,21.951
08/05/21,13:45:00,22.238
08/05/21,14:00:00,22.333
08/05/21,14:15:00,22.333
08/05/21,14:30:00,22.238
08/05/21,14:45:00,22.142
08/05/21,15:00:00,22.046
08/05/21,15:15:00,22.046
08/05/21,15:30:00,22.046
08/05/21,15:45:00,21.855
08/05/21,16:00:00,21.855
08/05/21,16:15:00,21.760
08/05/21,16:30:00,21.760
08/05/21,16:45:00,21.664
08/05/21,17:00:00,21.569
08/05/21,17:15:00,21.569
08/05/21,17:30:00,21.473
08/05/21,17:45:00,21.473
08/05/21,18:00:00,21.473
08/05/21,18:15:00,21.473
08/05/21,18:30:00,21.378
08/05/21,18:45:00,21.378
08/05/21,19:00:00,21.378
08/05/21,19:15:00,21.282
08/05/21,19:30:00,21.187
08/05/21,19:45:00,21.091
08/05/21,20:00:00,20.996
08/05/21,20:15:00,20.996
08/05/21,20:30:00,20.996
08/05/21,20:45:00,20.901
08/05/21,21:00:00,20.901
08/05/21,21:15:00,20.901
08/05/21,21:30:00,20.996
08/05/21,21:45:00,20.996
08/05/21,22:00:00,21.091
08/05/21,22:15:00,21.091
08/05/21,22:30:00,21.187
08/05/21,22:45:00,21.187
08/05/21,23:00:00,21.187
08/05/21,23:15:00,21.187
08/05/21,23:30:00,21.187
08/05/21,23:45:00,21.282
08/06/21,00:00:00,21.282
08/06/21,00:15:00,21.282
08/06/21,00:30:00,21.187
08/06/21,00:45:00,21.187
08/06/21,01:00:00,21.091
08/06/21,01:15:00,21.091
08/06/21,01:30:00,20.996
08/06/21,01:45:00,20.519
08/06/21,02:00:00,20.138
08/06/21,02:15:00,20.043
08/06/21,02:30:00,19.948
08/06/21,02:45:00,19.853
08/06/21,03:00:00,19.758
08/06/21,03:15:00,19.662
08/06/21,03:30:00,19.567
08/06/21,03:45:00,19.472
08/06/21,04:00:00,19.377
08/06/21,04:15:00,19.377
08/06/21,04:30:00,19.377
08/06/21,04:45:00,19.377
08/06/21,05:00:00,19.472
08/06/21,05:15:00,20.043
08/06/21,05:30:00,20.901
08/06/21,05:45:00,20.805
08/06/21,06:00:00,20.901
08/06/21,06:15:00,21.473
08/06/21,06:30:00,21.664
08/06/21,06:45:00,21.664
08/06/21,07:00:00,21.473
08/06/21,07:15:00,21.473
08/06/21,07:30:00,21.473
08/06/21,07:45:00,21.664
08/06/21,08:00:00,21.855
08/06/21,08:15:00,22.046
08/06/21,08:30:00,22.238
08/06/21,08:45:00,22.525
08/06/21,09:00:00,22.621
08/06/21,09:15:00,22.621
08/06/21,09:30:00,22.621
08/06/21,09:45:00,22.621
08/06/21,10:00:00,22.621
08/06/21,10:15:00,22.717
08/06/21,10:30:00,22.621
08/06/21,10:45:00,22.621
08/06/21,11:00:00,22.621
08/06/21,11:15:00,22.621
08/06/21,11:30:00,22.621
08/06/21,11:45:00,22.717
08/06/21,12:00:00,22.717
08/06/21,12:15:00,22.429
08/06/21,12:30:00,22.525
08/06/21,12:45:00,22.908
08/06/21,13:00:00,22.525
08/06/21,13:15:00,21.760
08/06/21,13:30:00,21.569
08/06/21,13:45:00,21.664
08/06/21,14:00:00,21.664
08/06/21,14:15:00,21.760
08/06/21,14:30:00,21.855
08/06/21,14:45:00,21.760
08/06/21,15:00:00,21.664
08/06/21,15:15:00,21.378
08/06/21,15:30:00,21.187
08/06/21,15:45:00,20.996
08/06/21,16:00:00,20.805
08/06/21,16:15:00,20.615
08/06/21,16:30:00,20.424
08/06/21,16:45:00,20.234
08/06/21,17:00:00,20.043
08/06/21,17:15:00,19.853
08/06/21,17:30:00,19.662
08/06/21,17:45:00,19.472
08/06/21,18:00:00,19.472
08/06/21,18:15:00,19.472
08/06/21,18:30:00,19.472
08/06/21,18:45:00,19.472
08/06/21,19:00:00,19.472
08/06/21,19:15:00,19.282
08/06/21,19:30:00,18.806
08/06/21,19:45:00,18.616
08/06/21,20:00:00,18.426
08/06/21,20:15:00,18.426
08/06/21,20:30:00,18.426
08/06/21,20:45:00,18.331
08/06/21,21:00:00,18.331
08/06/21,21:15:00,18.331
08/06/21,21:30:00,18.331
08/06/21,21:45:00,18.331
08/06/21,22:00:00,18.331
08/06/21,22:15:00,18.426
08/06/21,22:30:00,18.426
08/06/21,22:45:00,18.616
08/06/21,23:00:00,18.616
08/06/21,23:15:00,18.711
08/06/21,23:30:00,18.806
08/06/21,23:45:00,18.711
08/07/21,00:00:00,18.806
08/07/21,00:15:00,18.806
08/07/21,00:30:00,18.901
08/07/21,00:45:00,18.901
08/07/21,01:00:00,18.996
08/07/21,01:15:00,18.996
08/07/21,01:30:00,18.996
08/07/21,01:45:00,18.901
08/07/21,02:00:00,18.901
08/07/21,02:15:00,18.901
08/07/21,02:30:00,18.806
08/07/21,02:45:00,18.806
08/07/21,03:00:00,18.806
08/07/21,03:15:00,18.806
08/07/21,03:30:00,18.711
08/07/21,03:45:00,18.806
08/07/21,04:00:00,18.806
08/07/21,04:15:00,18.996
08/07/21,04:30:00,19.282
08/07/21,04:45:00,19.472
08/07/21,05:00:00,19.567
08/07/21,05:15:00,19.662
08/07/21,05:30:00,19.662
08/07/21,05:45:00,19.662
08/07/21,06:00:00,20.138
08/07/21,06:15:00,20.519
08/07/21,06:30:00,20.805
08/07/21,06:45:00,20.996
08/07/21,07:00:00,20.996
08/07/21,07:15:00,20.805
08/07/21,07:30:00,20.710
08/07/21,07:45:00,20.615
08/07/21,08:00:00,20.710
08/07/21,08:15:00,20.996
08/07/21,08:30:00,20.996
08/07/21,08:45:00,20.901
08/07/21,09:00:00,20.805
08/07/21,09:15:00,20.805
08/07/21,09:30:00,20.805
08/07/21,09:45:00,20.615
08/07/21,10:00:00,20.519
08/07/21,10:15:00,20.424
08/07/21,10:30:00,20.329
08/07/21,10:45:00,20.329
08/07/21,11:00:00,20.329
08/07/21,11:15:00,20.424
08/07/21,11:30:00,20.424
08/07/21,11:45:00,20.424
08/07/21,12:00:00,20.329
08/07/21,12:15:00,20.329
08/07/21,12:30:00,20.329
08/07/21,12:45:00,20.234
08/07/21,13:00:00,20.234
08/07/21,13:15:00,20.234
08/07/21,13:30:00,20.424
08/07/21,13:45:00,20.329
08/07/21,14:00:00,20.234
08/07/21,14:15:00,20.234
08/07/21,14:30:00,20.234
08/07/21,14:45:00,20.329
08/07/21,15:00:00,20.329
08/07/21,15:15:00,20.424
08/07/21,15:30:00,20.519
08/07/21,15:45:00,20.329
08/07/21,16:00:00,20.043
08/07/21,16:15:00,19.853
08/07/21,16:30:00,19.567
08/07/21,16:45:00,19.377
08/07/21,17:00:00,19.187
08/07/21,17:15:00,18.901
08/07/21,17:30:00,18.616
08/07/21,17:45:00,18.521
08/07/21,18:00:00,18.331
08/07/21,18:15:00,18.331
08/07/21,18:30:00,18.045
08/07/21,18:45:00,17.665
08/07/21,19:00:00,17.665
08/07/21,19:15:00,17.570
08/07/21,19:30:00,17.475
08/07/21,19:45:00,17.379
08/07/21,20:00:00,17.379
08/07/21,20:15:00,17.284
08/07/21,20:30:00,17.189
08/07/21,20:45:00,16.999
08/07/21,21:00:00,16.903
08/07/21,21:15:00,16.999
08/07/21,21:30:00,16.903
08/07/21,21:45:00,16.903
08/07/21,22:00:00,16.903
08/07/21,22:15:00,16.903
08/07/21,22:30:00,16.903
08/07/21,22:45:00,16.903
08/07/21,23:00:00,16.903
08/07/21,23:15:00,16.903
08/07/21,23:30:00,16.903
08/07/21,23:45:00,16.808
08/08/21,00:00:00,16.903
08/08/21,00:15:00,16.808
08/08/21,00:30:00,16.808
08/08/21,00:45:00,16.903
08/08/21,01:00:00,16.808
08/08/21,01:15:00,16.808
08/08/21,01:30:00,16.903
08/08/21,01:45:00,16.903
08/08/21,02:00:00,16.903
08/08/21,02:15:00,16.903
08/08/21,02:30:00,16.903
08/08/21,02:45:00,16.903
08/08/21,03:00:00,16.903
08/08/21,03:15:00,16.903
08/08/21,03:30:00,16.903
08/08/21,03:45:00,16.903
08/08/21,04:00:00,16.903
08/08/21,04:15:00,16.903
08/08/21,04:30:00,16.903
08/08/21,04:45:00,16.903
08/08/21,05:00:00,16.713
08/08/21,05:15:00,16.618
08/08/21,05:30:00,16.618
08/08/21,05:45:00,16.523
08/08/21,06:00:00,16.427
08/08/21,06:15:00,16.523
08/08/21,06:30:00,16.427
08/08/21,06:45:00,16.999
08/08/21,07:00:00,17.475
08/08/21,07:15:00,18.236
08/08/21,07:30:00,18.331
08/08/21,07:45:00,18.996
08/08/21,08:00:00,19.282
08/08/21,08:15:00,19.472
08/08/21,08:30:00,19.472
08/08/21,08:45:00,19.377
08/08/21,09:00:00,19.282
08/08/21,09:15:00,19.282
08/08/21,09:30:00,19.187
08/08/21,09:45:00,19.092
08/08/21,10:00:00,18.996
08/08/21,10:15:00,18.901
08/08/21,10:30:00,18.806
08/08/21,10:45:00,18.806
08/08/21,11:00:00,18.806
08/08/21,11:15:00,18.806
08/08/21,11:30:00,18.806
08/08/21,11:45:00,18.901
08/08/21,12:00:00,18.806
08/08/21,12:15:00,18.806
08/08/21,12:30:00,18.901
08/08/21,12:45:00,18.996
08/08/21,13:00:00,18.996
08/08/21,13:15:00,18.996
08/08/21,13:30:00,18.996
08/08/21,13:45:00,19.187
08/08/21,14:00:00,19.567
08/08/21,14:15:00,19.662
08/08/21,14:30:00,19.567
08/08/21,14:45:00,19.662
08/08/21,15:00:00,19.758
08/08/21,15:15:00,19.758
08/08/21,15:30:00,19.948
08/08/21,15:45:00,19.948
08/08/21,16:00:00,19.758
08/08/21,16:15:00,19.377
08/08/21,16:30:00,19.187
08/08/21,16:45:00,18.806
08/08/21,17:00:00,18.521
08/08/21,17:15:00,18.236
08/08/21,17:30:00,17.950
08/08/21,17:45:00,17.665
08/08/21,18:00:00,17.475
08/08/21,18:15:00,17.284
08/08/21,18:30:00,17.094
08/08/21,18:45:00,16.999
08/08/21,19:00:00,16.903
08/08/21,19:15:00,16.713
08/08/21,19:30:00,16.713
08/08/21,19:45:00,16.713
08/08/21,20:00:00,16.713
08/08/21,20:15:00,16.713
08/08/21,20:30:00,16.713
08/08/21,20:45:00,16.427
08/08/21,21:00:00,16.237
08/08/21,21:15:00,16.141
08/08/21,21:30:00,16.237
08/08/21,21:45:00,16.141
08/08/21,22:00:00,16.141
08/08/21,22:15:00,16.237
08/08/21,22:30:00,16.237
08/08/21,22:45:00,16.141
08/08/21,23:00:00,16.237
08/08/21,23:15:00,16.237
08/08/21,23:30:00,16.237
08/08/21,23:45:00,16.237
08/09/21,00:00:00,16.237
08/09/21,00:15:00,16.237
08/09/21,00:30:00,16.237
08/09/21,00:45:00,16.237
08/09/21,01:00:00,16.237
08/09/21,01:15:00,16.237
08/09/21,01:30:00,16.237
08/09/21,01:45:00,16.237
08/09/21,02:00:00,16.332
08/09/21,02:15:00,16.237
08/09/21,02:30:00,16.237
08/09/21,02:45:00,16.332
08/09/21,03:00:00,16.332
08/09/21,03:15:00,16.332
08/09/21,03:30:00,16.332
08/09/21,03:45:00,16.427
08/09/21,04:00:00,16.427
08/09/21,04:15:00,16.523
08/09/21,04:30:00,16.618
08/09/21,04:45:00,16.523
08/09/21,05:00:00,16.523
08/09/21,05:15:00,16.523
08/09/21,05:30:00,16.427
08/09/21,05:45:00,16.427
08/09/21,06:00:00,16.427
08/09/21,06:15:00,16.427
08/09/21,06:30:00,16.427
08/09/21,06:45:00,16.427
08/09/21,07:00:00,16.999
08/09/21,07:15:00,17.284
08/09/21,07:30:00,17.570
08/09/21,07:45:00,17.665
08/09/21,08:00:00,17.760
08/09/21,08:15:00,18.045
08/09/21,08:30:00,18.426
08/09/21,08:45:00,18.711
08/09/21,09:00:00,18.711
08/09/21,09:15:00,19.187
08/09/21,09:30:00,19.567
08/09/21,09:45:00,20.043
08/09/21,10:00:00,20.329
08/09/21,10:15:00,20.519
08/09/21,10:30:00,20.519
08/09/21,10:45:00,20.519
08/09/21,11:00:00,20.615
08/09/21,11:15:00,20.805
08/09/21,11:30:00,21.091
08/09/21,11:45:00,21.473
08/09/21,12:00:00,21.664
08/09/21,12:15:00,22.046
08/09/21,12:30:00,22.333
08/09/21,12:45:00,22.621
08/09/21,13:00:00,22.812
08/09/21,13:15:00,22.908
08/09/21,13:30:00,23.004
08/09/21,13:45:00,22.908
08/09/21,14:00:00,22.333
08/09/21,14:15:00,22.238
08/09/21,14:30:00,23.004
08/09/21,14:45:00,23.196
08/09/21,15:00:00,21.282
08/09/21,15:15:00,20.710
08/09/21,15:30:00,20.805
08/09/21,15:45:00,20.996
08/09/21,16:00:00,21.282
08/09/21,16:15:00,21.282
08/09/21,16:30:00,21.091
08/09/21,16:45:00,20.710
08/09/21,17:00:00,20.424
08/09/21,17:15:00,20.043
08/09/21,17:30:00,19.758
08/09/21,17:45:00,19.282
08/09/21,18:00:00,18.901
08/09/21,18:15:00,18.616
08/09/21,18:30:00,18.331
08/09/21,18:45:00,18.045
08/09/21,19:00:00,17.855
08/09/21,19:15:00,17.665
08/09/21,19:30:00,17.665
08/09/21,19:45:00,17.570
08/09/21,20:00:00,17.379
08/09/21,20:15:00,17.379
08/09/21,20:30:00,17.379
08/09/21,20:45:00,17.379
08/09/21,21:00:00,17.379
08/09/21,21:15:00,17.379
08/09/21,21:30:00,17.475
08/09/21,21:45:00,17.475
08/09/21,22:00:00,17.475
08/09/21,22:15:00,17.570
08/09/21,22:30:00,17.570
08/09/21,22:45:00,17.570
08/09/21,23:00:00,17.570
08/09/21,23:15:00,17.570
08/09/21,23:30:00,17.570
08/09/21,23:45:00,17.570
08/10/21,00:00:00,17.665
08/10/21,00:15:00,17.760
08/10/21,00:30:00,17.760
08/10/21,00:45:00,17.855
08/10/21,01:00:00,17.855
08/10/21,01:15:00,17.855
08/10/21,01:30:00,17.950
08/10/21,01:45:00,17.950
08/10/21,02:00:00,18.045
08/10/21,02:15:00,18.140
08/10/21,02:30:00,18.236
08/10/21,02:45:00,18.140
08/10/21,03:00:00,18.140
08/10/21,03:15:00,18.140
08/10/21,03:30:00,18.045
08/10/21,03:45:00,18.045
08/10/21,04:00:00,18.045
08/10/21,04:15:00,17.950
08/10/21,04:30:00,17.950
08/10/21,04:45:00,17.665
08/10/21,05:00:00,17.284
08/10/21,05:15:00,17.094
08/10/21,05:30:00,16.999
08/10/21,05:45:00,16.808
08/10/21,06:00:00,16.618
08/10/21,06:15:00,16.618
08/10/21,06:30:00,16.427
08/10/21,06:45:00,16.427
08/10/21,07:00:00,16.332
08/10/21,07:15:00,16.332
08/10/21,07:30:00,16.332
08/10/21,07:45:00,16.332
08/10/21,08:00:00,16.332
08/10/21,08:15:00,16.332
08/10/21,08:30:00,16.523
08/10/21,08:45:00,17.855
08/10/21,09:00:00,18.616
08/10/21,09:15:00,18.996
08/10/21,09:30:00,19.377
08/10/21,09:45:00,19.567
08/10/21,10:00:00,19.853
08/10/21,10:15:00,20.234
08/10/21,10:30:00,20.710
08/10/21,10:45:00,21.282
08/10/21,11:00:00,21.664
08/10/21,11:15:00,21.951
08/10/21,11:30:00,22.429
08/10/21,11:45:00,22.812
08/10/21,12:00:00,23.004
08/10/21,12:15:00,23.196
08/10/21,12:30:00,23.388
08/10/21,12:45:00,23.677
08/10/21,13:00:00,23.773
08/10/21,13:15:00,23.966
08/10/21,13:30:00,24.158
08/10/21,13:45:00,24.255
08/10/21,14:00:00,24.255
08/10/21,14:15:00,24.158
08/10/21,14:30:00,23.966
08/10/21,14:45:00,24.062
08/10/21,15:00:00,24.545
08/10/21,15:15:00,23.966
08/10/21,15:30:00,22.333
08/10/21,15:45:00,21.282
08/10/21,16:00:00,21.473
08/10/21,16:15:00,21.760
08/10/21,16:30:00,21.951
08/10/21,16:45:00,21.855
08/10/21,17:00:00,21.569
08/10/21,17:15:00,21.187
08/10/21,17:30:00,20.805
08/10/21,17:45:00,20.519
08/10/21,18:00:00,20.234
08/10/21,18:15:00,19.853
08/10/21,18:30:00,19.662
08/10/21,18:45:00,19.377
08/10/21,19:00:00,19.282
08/10/21,19:15:00,19.282
08/10/21,19:30:00,19.187
08/10/21,19:45:00,19.187
08/10/21,20:00:00,19.092
08/10/21,20:15:00,19.092
08/10/21,20:30:00,19.092
08/10/21,20:45:00,18.996
08/10/21,21:00:00,18.996
08/10/21,21:15:00,18.996
08/10/21,21:30:00,18.996
08/10/21,21:45:00,18.996
08/10/21,22:00:00,19.092
08/10/21,22:15:00,19.092
08/10/21,22:30:00,19.187
08/10/21,22:45:00,19.377
08/10/21,23:00:00,19.472
08/10/21,23:15:00,19.662
08/10/21,23:30:00,19.853
08/10/21,23:45:00,20.138
08/11/21,00:00:00,20.234
08/11/21,00:15:00,20.138
08/11/21,00:30:00,20.043
08/11/21,00:45:00,20.043
08/11/21,01:00:00,20.043
08/11/21,01:15:00,20.043
08/11/21,01:30:00,19.948
08/11/21,01:45:00,19.948
08/11/21,02:00:00,19.948
08/11/21,02:15:00,19.948
08/11/21,02:30:00,19.948
08/11/21,02:45:00,19.948
08/11/21,03:00:00,19.948
08/11/21,03:15:00,19.948
08/11/21,03:30:00,19.948
08/11/21,03:45:00,19.948
08/11/21,04:00:00,19.853
08/11/21,04:15:00,19.758
08/11/21,04:30:00,19.758
08/11/21,04:45:00,19.662
08/11/21,05:00:00,19.662
08/11/21,05:15:00,19.567
08/11/21,05:30:00,19.567
08/11/21,05:45:00,19.472
08/11/21,06:00:00,19.472
08/11/21,06:15:00,19.377
08/11/21,06:30:00,19.377
08/11/21,06:45:00,19.377
08/11/21,07:00:00,19.377
08/11/21,07:15:00,19.377
08/11/21,07:30:00,19.377
08/11/21,07:45:00,19.377
08/11/21,08:00:00,19.377
08/11/21,08:15:00,19.472
08/11/21,08:30:00,19.567
08/11/21,08:45:00,19.662
08/11/21,09:00:00,19.758
08/11/21,09:15:00,19.853
08/11/21,09:30:00,20.043
08/11/21,09:45:00,20.138
08/11/21,10:00:00,20.424
08/11/21,10:15:00,20.805
08/11/21,10:30:00,21.091
08/11/21,10:45:00,21.378
08/11/21,11:00:00,21.664
08/11/21,11:15:00,21.951
08/11/21,11:30:00,22.238
08/11/21,11:45:00,22.525
08/11/21,12:00:00,22.908
08/11/21,12:15:00,23.196
08/11/21,12:30:00,23.581
08/11/21,12:45:00,24.158
08/11/21,13:00:00,24.545
08/11/21,13:15:00,24.931
08/11/21,13:30:00,25.028
08/11/21,13:45:00,24.931
08/11/21,14:00:00,24.931
08/11/21,14:15:00,25.125
08/11/21,14:30:00,25.222
08/11/21,14:45:00,25.125
08/11/21,15:00:00,24.835
08/11/21,15:15:00,24.835
08/11/21,15:30:00,24.931
08/11/21,15:45:00,24.641
08/11/21,16:00:00,23.773
08/11/21,16:15:00,23.292
08/11/21,16:30:00,23.388
08/11/21,16:45:00,23.292
08/11/21,17:00:00,23.100
08/11/21,17:15:00,22.717
08/11/21,17:30:00,22.429
08/11/21,17:45:00,22.333
08/11/21,18:00:00,22.142
08/11/21,18:15:00,21.951
08/11/21,18:30:00,21.760
08/11/21,18:45:00,21.569
08/11/21,19:00:00,21.282
08/11/21,19:15:00,21.091
08/11/21,19:30:00,20.901
08/11/21,19:45:00,20.710
08/11/21,20:00:00,20.519
08/11/21,20:15:00,20.424
08/11/21,20:30:00,20.424
08/11/21,20:45:00,20.424
08/11/21,21:00:00,20.424
08/11/21,21:15:00,20.329
08/11/21,21:30:00,20.329
08/11/21,21:45:00,20.329
08/11/21,22:00:00,20.329
08/11/21,22:15:00,20.329
08/11/21,22:30:00,20.329
08/11/21,22:45:00,20.424
08/11/21,23:00:00,20.615
08/11/21,23:15:00,20.901
08/11/21,23:30:00,21.187
08/11/21,23:45:00,21.378
08/12/21,00:00:00,21.569
08/12/21,00:15:00,21.664
08/12/21,00:30:00,21.664
08/12/21,00:45:00,21.664
08/12/21,01:00:00,21.664
08/12/21,01:15:00,21.664
08/12/21,01:30:00,21.760
08/12/21,01:45:00,21.951
08/12/21,02:00:00,21.951
08/12/21,02:15:00,21.855
08/12/21,02:30:00,21.664
08/12/21,02:45:00,21.664
08/12/21,03:00:00,21.760
08/12/21,03:15:00,21.760
08/12/21,03:30:00,21.855
08/12/21,03:45:00,21.855
08/12/21,04:00:00,21.855
08/12/21,04:15:00,21.760
08/12/21,04:30:00,21.664
08/12/21,04:45:00,21.569
08/12/21,05:00:00,21.569
08/12/21,05:15:00,21.473
08/12/21,05:30:00,21.378
08/12/21,05:45:00,21.378
08/12/21,06:00:00,21.282
08/12/21,06:15:00,21.091
08/12/21,06:30:00,20.996
08/12/21,06:45:00,20.710
08/12/21,07:00:00,20.615
08/12/21,07:15:00,20.615
08/12/21,07:30:00,20.519
08/12/21,07:45:00,20.519
08/12/21,08:00:00,20.424
08/12/21,08:15:00,20.424
08/12/21,08:30:00,20.519
08/12/21,08:45:00,20.424
08/12/21,09:00:00,20.043
08/12/21,09:15:00,19.948
08/12/21,09:30:00,20.043
08/12/21,09:45:00,20.615
08/12/21,10:00:00,21.378
08/12/21,10:15:00,21.569
08/12/21,10:30:00,21.760
08/12/21,10:45:00,21.951
08/12/21,11:00:00,22.142
08/12/21,11:15:00,22.429
08/12/21,11:30:00,22.717
08/12/21,11:45:00,22.908
08/12/21,12:00:00,23.004
08/12/21,12:15:00,23.100
08/12/21,12:30:00,23.196
08/12/21,12:45:00,23.292
08/12/21,13:00:00,23.388
08/12/21,13:15:00,23.581
08/12/21,13:30:00,23.677
08/12/21,13:45:00,23.966
08/12/21,14:00:00,24.062
08/12/21,14:15:00,24.062
08/12/21,14:30:00,23.869
08/12/21,14:45:00,23.966
08/12/21,15:00:00,24.158
08/12/21,15:15:00,24.255
08/12/21,15:30:00,24.351
08/12/21,15:45:00,24.448
08/12/21,16:00:00,24.448
08/12/21,16:15:00,24.351
08/12/21,16:30:00,24.351
08/12/21,16:45:00,24.158
08/12/21,17:00:00,24.062
08/12/21,17:15:00,23.869
08/12/21,17:30:00,23.484
08/12/21,17:45:00,23.100
08/12/21,18:00:00,22.908
08/12/21,18:15:00,22.621
08/12/21,18:30:00,22.429
08/12/21,18:45:00,22.142
08/12/21,19:00:00,21.951
08/12/21,19:15:00,21.569
08/12/21,19:30:00,21.282
08/12/21,19:45:00,21.091
08/12/21,20:00:00,20.805
08/12/21,20:15:00,20.710
08/12/21,20:30:00,20.519
08/12/21,20:45:00,20.424
08/12/21,21:00:00,20.424
08/12/21,21:15:00,20.329
08/12/21,21:30:00,20.329
08/12/21,21:45:00,20.329
08/12/21,22:00:00,20.329
08/12/21,22:15:00,20.234
08/12/21,22:30:00,20.329
08/12/21,22:45:00,20.329
08/12/21,23:00:00,20.329
08/12/21,23:15:00,20.424
08/12/21,23:30:00,20.710
08/12/21,23:45:00,21.091
08/13/21,00:00:00,21.664
08/13/21,00:15:00,22.046
08/13/21,00:30:00,22.333
08/13/21,00:45:00,22.333
08/13/21,01:00:00,22.429
08/13/21,01:15:00,22.429
08/13/21,01:30:00,22.621
08/13/21,01:45:00,22.621
08/13/21,02:00:00,22.621
08/13/21,02:15:00,22.717
08/13/21,02:30:00,22.812
08/13/21,02:45:00,22.908
08/13/21,03:00:00,22.238
08/13/21,03:15:00,22.046
08/13/21,03:30:00,22.142
08/13/21,03:45:00,22.046
08/13/21,04:00:00,22.046
08/13/21,04:15:00,22.046
08/13/21,04:30:00,21.951
08/13/21,04:45:00,22.046
08/13/21,05:00:00,22.333
08/13/21,05:15:00,22.621
08/13/21,05:30:00,22.525
08/13/21,05:45:00,22.429
08/13/21,06:00:00,22.429
08/13/21,06:15:00,22.333
08/13/21,06:30:00,22.238
08/13/21,06:45:00,22.142
08/13/21,07:00:00,22.046
08/13/21,07:15:00,21.951
08/13/21,07:30:00,21.855
08/13/21,07:45:00,21.760
08/13/21,08:00:00,21.664
08/13/21,08:15:00,21.569
08/13/21,08:30:00,21.473
08/13/21,08:45:00,21.473
08/13/21,09:00:00,21.473
08/13/21,09:15:00,21.378
08/13/21,09:30:00,21.378
08/13/21,09:45:00,21.282
08/13/21,10:00:00,21.282
08/13/21,10:15:00,21.282
08/13/21,10:30:00,21.378
08/13/21,10:45:00,21.378
08/13/21,11:00:00,21.378
08/13/21,11:15:00,21.378
08/13/21,11:30:00,21.473
08/13/21,11:45:00,21.569
08/13/21,12:00:00,21.951
08/13/21,12:15:00,22.429
08/13/21,12:30:00,22.621
08/13/21,12:45:00,22.908
08/13/21,13:00:00,23.100
08/13/21,13:15:00,23.196
08/13/21,13:30:00,23.388
08/13/21,13:45:00,23.004
08/13/21,14:00:00,23.004
08/13/21,14:15:00,22.812
08/13/21,14:30:00,22.812
08/13/21,14:45:00,22.812
08/13/21,15:00:00,22.812
08/13/21,15:15:00,22.812
08/13/21,15:30:00,22.908
08/13/21,15:45:00,22.812
08/13/21,16:00:00,22.908
08/13/21,16:15:00,23.004
08/13/21,16:30:00,23.388
08/13/21,16:45:00,23.869
08/13/21,17:00:00,23.773
08/13/21,17:15:00,23.677
08/13/21,17:30:00,23.484
08/13/21,17:45:00,23.292
08/13/21,18:00:00,23.004
08/13/21,18:15:00,22.717
08/13/21,18:30:00,22.429
08/13/21,18:45:00,22.142
08/13/21,19:00:00,22.046
08/13/21,19:15:00,21.951
08/13/21,19:30:00,21.760
08/13/21,19:45:00,21.569
08/13/21,20:00:00,21.378
08/13/21,20:15:00,21.091
08/13/21,20:30:00,20.996
08/13/21,20:45:00,20.805
08/13/21,21:00:00,20.710
08/13/21,21:15:00,20.615
08/13/21,21:30:00,20.424
08/13/21,21:45:00,20.424
08/13/21,22:00:00,20.424
08/13/21,22:15:00,20.424
08/13/21,22:30:00,20.424
08/13/21,22:45:00,20.424
08/13/21,23:00:00,20.234
08/13/21,23:15:00,20.138
08/13/21,23:30:00,20.043
08/13/21,23:45:00,20.234
08/14/21,00:00:00,20.615
08/14/21,00:15:00,21.091
08/14/21,00:30:00,21.378
08/14/21,00:45:00,21.569
08/14/21,01:00:00,21.569
08/14/21,01:15:00,21.569
08/14/21,01:30:00,21.855
08/14/21,01:45:00,22.046
08/14/21,02:00:00,22.142
08/14/21,02:15:00,22.333
08/14/21,02:30:00,22.621
08/14/21,02:45:00,22.717
08/14/21,03:00:00,22.812
08/14/21,03:15:00,23.004
08/14/21,03:30:00,23.004
08/14/21,03:45:00,23.004
08/14/21,04:00:00,23.004
08/14/21,04:15:00,22.908
08/14/21,04:30:00,22.621
08/14/21,04:45:00,22.621
08/14/21,05:00:00,22.621
08/14/21,05:15:00,22.621
08/14/21,05:30:00,22.717
08/14/21,05:45:00,22.717
08/14/21,06:00:00,22.812
08/14/21,06:15:00,22.717
08/14/21,06:30:00,22.525
08/14/21,06:45:00,22.238
08/14/21,07:00:00,22.238
08/14/21,07:15:00,22.046
08/14/21,07:30:00,21.855
08/14/21,07:45:00,21.664
08/14/21,08:00:00,21.569
08/14/21,08:15:00,21.378
08/14/21,08:30:00,21.282
08/14/21,08:45:00,21.282
08/14/21,09:00:00,21.187
08/14/21,09:15:00,21.187
08/14/21,09:30:00,21.091
08/14/21,09:45:00,21.091
08/14/21,10:00:00,21.091
08/14/21,10:15:00,21.091
08/14/21,10:30:00,21.091
08/14/21,10:45:00,21.091
08/14/21,11:00:00,21.187
08/14/21,11:15:00,21.091
08/14/21,11:30:00,21.091
08/14/21,11:45:00,21.091
08/14/21,12:00:00,21.091
08/14/21,12:15:00,21.187
08/14/21,12:30:00,21.282
08/14/21,12:45:00,21.473
08/14/21,13:00:00,21.569
08/14/21,13:15:00,21.760
08/14/21,13:30:00,21.855
08/14/21,13:45:00,21.951
08/14/21,14:00:00,21.855
08/14/21,14:15:00,21.951
08/14/21,14:30:00,22.046
08/14/21,14:45:00,22.046
08/14/21,15:00:00,22.046
08/14/21,15:15:00,22.046
08/14/21,15:30:00,22.046
08/14/21,15:45:00,22.046
08/14/21,16:00:00,22.142
08/14/21,16:15:00,22.142
08/14/21,16:30:00,22.142
08/14/21,16:45:00,22.238
08/14/21,17:00:00,22.333
08/14/21,17:15:00,22.429
08/14/21,17:30:00,22.621
08/14/21,17:45:00,22.621
08/14/21,18:00:00,22.525
08/14/21,18:15:00,22.429
08/14/21,18:30:00,22.238
08/14/21,18:45:00,22.142
08/14/21,19:00:00,21.855
08/14/21,19:15:00,21.569
08/14/21,19:30:00,21.378
08/14/21,19:45:00,21.091
08/14/21,20:00:00,20.901
08/14/21,20:15:00,20.710
08/14/21,20:30:00,20.519
08/14/21,20:45:00,20.424
08/14/21,21:00:00,20.329
08/14/21,21:15:00,20.234
08/14/21,21:30:00,20.138
08/14/21,21:45:00,20.043
08/14/21,22:00:00,19.948
08/14/21,22:15:00,19.948
08/14/21,22:30:00,19.853
08/14/21,22:45:00,19.853
08/14/21,23:00:00,19.853
08/14/21,23:15:00,19.853
08/14/21,23:30:00,19.853
08/14/21,23:45:00,19.853
08/15/21,00:00:00,19.853
08/15/21,00:15:00,19.853
08/15/21,00:30:00,19.948
08/15/21,00:45:00,20.329
08/15/21,01:00:00,20.901
08/15/21,01:15:00,21.091
08/15/21,01:30:00,21.187
08/15/21,01:45:00,21.282
08/15/21,02:00:00,21.569
08/15/21,02:15:00,22.046
08/15/21,02:30:00,22.238
08/15/21,02:45:00,22.333
08/15/21,03:00:00,22.429
08/15/21,03:15:00,22.429
08/15/21,03:30:00,22.525
08/15/21,03:45:00,22.621
08/15/21,04:00:00,22.621
08/15/21,04:15:00,22.717
08/15/21,04:30:00,22.717
08/15/21,04:45:00,22.717
08/15/21,05:00:00,22.621
08/15/21,05:15:00,22.621
08/15/21,05:30:00,22.621
08/15/21,05:45:00,22.525
08/15/21,06:00:00,22.525
08/15/21,06:15:00,22.525
08/15/21,06:30:00,22.525
08/15/21,06:45:00,22.429
08/15/21,07:00:00,22.333
08/15/21,07:15:00,22.142
08/15/21,07:30:00,22.046
08/15/21,07:45:00,21.951
08/15/21,08:00:00,21.855
08/15/21,08:15:00,21.760
08/15/21,08:30:00,21.664
08/15/21,08:45:00,21.569
08/15/21,09:00:00,21.378
08/15/21,09:15:00,21.187
08/15/21,09:30:00,21.091
08/15/21,09:45:00,20.996
08/15/21,10:00:00,20.901
08/15/21,10:15:00,20.805
08/15/21,10:30:00,20.710
08/15/21,10:45:00,20.615
08/15/21,11:00:00,20.615
08/15/21,11:15:00,20.519
08/15/21,11:30:00,20.424
08/15/21,11:45:00,20.424
08/15/21,12:00:00,20.329
08/15/21,12:15:00,20.329
08/15/21,12:30:00,20.329
08/15/21,12:45:00,20.424
08/15/21,13:00:00,20.424
08/15/21,13:15:00,20.424
08/15/21,13:30:00,20.424
08/15/21,13:45:00,20.519
08/15/21,14:00:00,20.519
08/15/21,14:15:00,20.519
08/15/21,14:30:00,20.519
08/15/21,14:45:00,20.615
08/15/21,15:00:00,20.615
08/15/21,15:15:00,20.615
08/15/21,15:30:00,20.710
08/15/21,15:45:00,20.710
08/15/21,16:00:00,20.710
08/15/21,16:15:00,20.710
08/15/21,16:30:00,20.805
08/15/21,16:45:00,20.805
08/15/21,17:00:00,20.805
08/15/21,17:15:00,20.805
08/15/21,17:30:00,20.805
08/15/21,17:45:00,20.805
08/15/21,18:00:00,20.901
08/15/21,18:15:00,20.901
08/15/21,18:30:00,20.901
08/15/21,18:45:00,20.901
08/15/21,19:00:00,20.901
08/15/21,19:15:00,20.901
08/15/21,19:30:00,20.901
08/15/21,19:45:00,20.901
08/15/21,20:00:00,20.901
08/15/21,20:15:00,20.710
08/15/21,20:30:00,20.615
08/15/21,20:45:00,20.424
08/15/21,21:00:00,20.329
08/15/21,21:15:00,20.329
08/15/21,21:30:00,20.138
08/15/21,21:45:00,20.043
08/15/21,22:00:00,19.948
08/15/21,22:15:00,19.853
08/15/21,22:30:00,19.853
08/15/21,22:45:00,19.853
08/15/21,23:00:00,19.853
08/15/21,23:15:00,19.853
08/15/21,23:30:00,19.853
08/15/21,23:45:00,19.853
08/16/21,00:00:00,19.853
08/16/21,00:15:00,19.853
08/16/21,00:30:00,19.853
08/16/21,00:45:00,19.948
08/16/21,01:00:00,20.043
08/16/21,01:15:00,20.043
08/16/21,01:30:00,20.234
08/16/21,01:45:00,20.710
08/16/21,02:00:00,20.901
08/16/21,02:15:00,21.187
08/16/21,02:30:00,21.378
08/16/21,02:45:00,21.378
08/16/21,03:00:00,21.473
08/16/21,03:15:00,21.760
08/16/21,03:30:00,21.855
08/16/21,03:45:00,22.046
08/16/21,04:00:00,22.046
08/16/21,04:15:00,22.142
08/16/21,04:30:00,22.238
08/16/21,04:45:00,22.333
08/16/21,05:00:00,22.333
08/16/21,05:15:00,22.238
08/16/21,05:30:00,22.142
08/16/21,05:45:00,22.046
08/16/21,06:00:00,21.951
08/16/21,06:15:00,21.855
08/16/21,06:30:00,21.855
08/16/21,06:45:00,21.760
08/16/21,07:00:00,21.664
08/16/21,07:15:00,21.664
08/16/21,07:30:00,21.569
08/16/21,07:45:00,21.569
08/16/21,08:00:00,21.569
08/16/21,08:15:00,21.473
08/16/21,08:30:00,21.378
08/16/21,08:45:00,21.378
08/16/21,09:00:00,21.282
08/16/21,09:15:00,21.282
08/16/21,09:30:00,21.187
08/16/21,09:45:00,21.091
08/16/21,10:00:00,20.996
08/16/21,10:15:00,20.901
08/16/21,10:30:00,20.805
08/16/21,10:45:00,20.615
08/16/21,11:00:00,20.519
08/16/21,11:15:00,20.519
08/16/21,11:30:00,20.424
08/16/21,11:45:00,20.234
08/16/21,12:00:00,20.138
08/16/21,12:15:00,19.948
08/16/21,12:30:00,19.853
08/16/21,12:45:00,19.758
08/16/21,13:00:00,19.662
08/16/21,13:15:00,19.662
08/16/21,13:30:00,19.567
08/16/21,13:45:00,19.567
08/16/21,14:00:00,19.567
08/16/21,14:15:00,19.472
08/16/21,14:30:00,19.472
08/16/21,14:45:00,19.472
08/16/21,15:00:00,19.472
08/16/21,15:15:00,19.472
08/16/21,15:30:00,19.567
08/16/21,15:45:00,19.567
08/16/21,16:00:00,19.567
08/16/21,16:15:00,19.567
08/16/21,16:30:00,19.567
08/16/21,16:45:00,19.662
08/16/21,17:00:00,19.662
08/16/21,17:15:00,19.662
08/16/21,17:30:00,19.662
08/16/21,17:45:00,19.662
08/16/21,18:00:00,19.662
08/16/21,18:15:00,19.758
08/16/21,18:30:00,19.662
08/16/21,18:45:00,19.662
08/16/21,19:00:00,19.662
08/16/21,19:15:00,19.567
08/16/21,19:30:00,19.472
08/16/21,19:45:00,19.377
08/16/21,20:00:00,19.377
08/16/21,20:15:00,19.282
08/16/21,20:30:00,19.092
08/16/21,20:45:00,18.901
08/16/21,21:00:00,18.711
08/16/21,21:15:00,18.711
08/16/21,21:30:00,18.616
08/16/21,21:45:00,18.616
08/16/21,22:00:00,18.331
08/16/21,22:15:00,18.236
08/16/21,22:30:00,17.855
08/16/21,22:45:00,17.665
08/16/21,23:00:00,17.475
08/16/21,23:15:00,17.189
08/16/21,23:30:00,17.094
08/16/21,23:45:00,17.094
08/17/21,00:00:00,16.999
08/17/21,00:15:00,16.999
08/17/21,00:30:00,16.903
08/17/21,00:45:00,16.903
08/17/21,01:00:00,16.903
08/17/21,01:15:00,16.903
08/17/21,01:30:00,16.808
08/17/21,01:45:00,16.903
08/17/21,02:00:00,16.903
08/17/21,02:15:00,16.999
08/17/21,02:30:00,17.094
08/17/21,02:45:00,17.379
08/17/21,03:00:00,18.806
08/17/21,03:15:00,19.472
08/17/21,03:30:00,19.567
08/17/21,03:45:00,19.662
08/17/21,04:00:00,19.662
08/17/21,04:15:00,19.758
08/17/21,04:30:00,19.758
08/17/21,04:45:00,19.662
08/17/21,05:00:00,19.567
08/17/21,05:15:00,19.567
08/17/21,05:30:00,19.567
08/17/21,05:45:00,19.567
08/17/21,06:00:00,19.472
08/17/21,06:15:00,19.282
08/17/21,06:30:00,19.187
08/17/21,06:45:00,18.996
08/17/21,07:00:00,18.806
08/17/21,07:15:00,18.711
08/17/21,07:30:00,18.711
08/17/21,07:45:00,18.711
08/17/21,08:00:00,18.711
08/17/21,08:15:00,18.711
08/17/21,08:30:00,18.711
08/17/21,08:45:00,18.806
08/17/21,09:00:00,18.806
08/17/21,09:15:00,18.901
08/17/21,09:30:00,18.901
08/17/21,09:45:00,18.996
08/17/21,10:00:00,18.996
08/17/21,10:15:00,19.092
08/17/21,10:30:00,19.092
08/17/21,10:45:00,19.092
08/17/21,11:00:00,19.092
08/17/21,11:15:00,19.092
08/17/21,11:30:00,18.996
08/17/21,11:45:00,18.996
08/17/21,12:00:00,18.901
08/17/21,12:15:00,18.806
08/17/21,12:30:00,18.711
08/17/21,12:45:00,18.521
08/17/21,13:00:00,18.331
08/17/21,13:15:00,18.140
08/17/21,13:30:00,18.045
08/17/21,13:45:00,17.950
08/17/21,14:00:00,18.045
08/17/21,14:15:00,17.855
08/17/21,14:30:00,17.855
08/17/21,14:45:00,17.855
08/17/21,15:00:00,17.855
08/17/21,15:15:00,17.855
08/17/21,15:30:00,17.855
08/17/21,15:45:00,17.760
08/17/21,16:00:00,17.760
08/17/21,16:15:00,17.760
08/17/21,16:30:00,17.760
08/17/21,16:45:00,17.665
08/17/21,17:00:00,17.475
08/17/21,17:15:00,17.379
08/17/21,17:30:00,17.284
08/17/21,17:45:00,17.284
08/17/21,18:00:00,17.284
08/17/21,18:15:00,17.284
08/17/21,18:30:00,17.284
08/17/21,18:45:00,17.284
08/17/21,19:00:00,17.189
08/17/21,19:15:00,17.189
08/17/21,19:30:00,17.094
08/17/21,19:45:00,17.094
08/17/21,20:00:00,17.094
08/17/21,20:15:00,17.094
08/17/21,20:30:00,17.094
08/17/21,20:45:00,17.094
08/17/21,21:00:00,17.094
08/17/21,21:15:00,17.094
08/17/21,21:30:00,17.094
08/17/21,21:45:00,17.094
08/17/21,22:00:00,16.999
08/17/21,22:15:00,16.999
08/17/21,22:30:00,16.999
08/17/21,22:45:00,16.903
08/17/21,23:00:00,16.903
08/17/21,23:15:00,16.808
08/17/21,23:30:00,16.713
08/17/21,23:45:00,16.713
08/18/21,00:00:00,16.713
08/18/21,00:15:00,16.713
08/18/21,00:30:00,16.713
08/18/21,00:45:00,16.618
08/18/21,01:00:00,16.713
08/18/21,01:15:00,16.618
08/18/21,01:30:00,16.618
08/18/21,01:45:00,16.523
08/18/21,02:00:00,16.523
08/18/21,02:15:00,16.523
08/18/21,02:30:00,16.523
08/18/21,02:45:00,16.618
08/18/21,03:00:00,16.808
08/18/21,03:15:00,17.475
08/18/21,03:30:00,17.950
08/18/21,03:45:00,18.236
08/18/21,04:00:00,18.616
08/18/21,04:15:00,19.282
08/18/21,04:30:00,19.472
08/18/21,04:45:00,19.472
08/18/21,05:00:00,19.567
08/18/21,05:15:00,19.567
08/18/21,05:30:00,19.567
08/18/21,05:45:00,19.472
08/18/21,06:00:00,19.377
08/18/21,06:15:00,19.187
08/18/21,06:30:00,18.996
08/18/21,06:45:00,18.806
08/18/21,07:00:00,18.711
08/18/21,07:15:00,18.616
08/18/21,07:30:00,18.616
08/18/21,07:45:00,18.711
08/18/21,08:00:00,18.711
08/18/21,08:15:00,18.711
08/18/21,08:30:00,18.711
08/18/21,08:45:00,18.711
08/18/21,09:00:00,18.711
08/18/21,09:15:00,18.806
08/18/21,09:30:00,18.996
08/18/21,09:45:00,18.996
08/18/21,10:00:00,18.996
08/18/21,10:15:00,19.092
08/18/21,10:30:00,19.282
08/18/21,10:45:00,19.567
08/18/21,11:00:00,19.662
08/18/21,11:15:00,19.567
08/18/21,11:30:00,19.472
08/18/21,11:45:00,19.567
08/18/21,12:00:00,19.758
08/18/21,12:15:00,19.948
08/18/21,12:30:00,19.948
08/18/21,12:45:00,19.853
08/18/21,13:00:00,19.662
08/18/21,13:15:00,19.377
08/18/21,13:30:00,19.092
08/18/21,13:45:00,18.806
08/18/21,14:00:00,18.616
08/18/21,14:15:00,18.521
08/18/21,14:30:00,18.426
08/18/21,14:45:00,18.331
08/18/21,15:00:00,18.236
08/18/21,15:15:00,18.140
08/18/21,15:30:00,18.045
08/18/21,15:45:00,17.855
08/18/21,16:00:00,17.570
08/18/21,16:15:00,17.570
08/18/21,16:30:00,17.475
08/18/21,16:45:00,17.475
08/18/21,17:00:00,17.475
08/18/21,17:15:00,17.570
08/18/21,17:30:00,17.570
08/18/21,17:45:00,17.570
08/18/21,18:00:00,17.570
08/18/21,18:15:00,17.570
08/18/21,18:30:00,17.570
08/18/21,18:45:00,17.570
08/18/21,19:00:00,17.665
08/18/21,19:15:00,17.665
08/18/21,19:30:00,17.665
08/18/21,19:45:00,17.665
08/18/21,20:00:00,17.665
08/18/21,20:15:00,17.665
08/18/21,20:30:00,17.665
08/18/21,20:45:00,17.665
08/18/21,21:00:00,17.665
08/18/21,21:15:00,17.665
08/18/21,21:30:00,17.665
08/18/21,21:45:00,17.665
08/18/21,22:00:00,17.665
08/18/21,22:15:00,17.665
08/18/21,22:30:00,17.665
08/18/21,22:45:00,17.665
08/18/21,23:00:00,17.760
08/18/21,23:15:00,17.665
08/18/21,23:30:00,17.760
08/18/21,23:45:00,17.760
08/19/21,00:00:00,17.760
08/19/21,00:15:00,17.760
08/19/21,00:30:00,17.760
08/19/21,00:45:00,17.760
08/19/21,01:00:00,17.665
08/19/21,01:15:00,17.665
08/19/21,01:30:00,17.665
08/19/21,01:45:00,17.665
08/19/21,02:00:00,17.665
08/19/21,02:15:00,17.665
08/19/21,02:30:00,17.665
08/19/21,02:45:00,17.665
08/19/21,03:00:00,17.665
08/19/21,03:15:00,17.665
08/19/21,03:30:00,17.665
08/19/21,03:45:00,17.665
08/19/21,04:00:00,17.950
08/19/21,04:15:00,18.236
08/19/21,04:30:00,18.806
08/19/21,04:45:00,18.996
08/19/21,05:00:00,19.092
08/19/21,05:15:00,19.282
08/19/21,05:30:00,19.472
08/19/21,05:45:00,19.758
08/19/21,06:00:00,19.948
08/19/21,06:15:00,20.043
08/19/21,06:30:00,20.234
08/19/21,06:45:00,20.234
08/19/21,07:00:00,20.138
08/19/21,07:15:00,20.043
08/19/21,07:30:00,20.138
08/19/21,07:45:00,20.138
08/19/21,08:00:00,19.948
08/19/21,08:15:00,20.234
08/19/21,08:30:00,20.710
08/19/21,08:45:00,20.519
08/19/21,09:00:00,15.378
08/19/21,09:15:00,16.141
08/19/21,09:30:00,15.855
08/19/21,09:45:00,15.664
08/19/21,10:00:00,16.046
08/19/21,10:15:00,16.427
08/19/21,10:30:00,18.045
08/19/21,10:45:00,19.282
08/19/21,11:00:00,19.662
08/19/21,11:15:00,19.948
08/19/21,11:30:00,20.043
08/19/21,11:45:00,20.234
08/19/21,12:00:00,20.424
08/19/21,12:15:00,20.519
08/19/21,12:30:00,20.996
