Site Name ,JOELEARY
Site Number ,1
Logger ,Integrating Light Sensor
Logger Serial Number ,14730


Scan No ,Date and Time,       Integrating Light,        ,
        ,        ,RAW VALUE ,CALIBRATED VALUE,

1,25/05/2021 , 20:15:00,120,120
2,25/05/2021 , 20:30:00,123,123
3,25/05/2021 , 20:45:00,134,134
4,25/05/2021 , 21:00:00,134,134
5,25/05/2021 , 21:15:00,140,140
6,25/05/2021 , 21:30:00,153,153
7,25/05/2021 , 21:45:00,151,151
8,25/05/2021 , 22:00:00,153,153
9,25/05/2021 , 22:15:00,140,140
10,25/05/2021 , 22:30:00,128,128
11,25/05/2021 , 22:45:00,109,109
12,25/05/2021 , 23:00:00,125,125
13,25/05/2021 , 23:15:00,1,1
14,25/05/2021 , 23:30:00,0,0
15,25/05/2021 , 23:45:00,0,0
16,25/05/2021 , 24:00:00,0,0
17,26/05/2021 , 00:15:00,0,0
18,26/05/2021 , 00:30:00,0,0
19,26/05/2021 , 00:45:00,0,0
20,26/05/2021 , 01:00:00,0,0
21,26/05/2021 , 01:15:00,0,0
22,26/05/2021 , 01:30:00,0,0
23,26/05/2021 , 01:45:00,0,0
24,26/05/2021 , 02:00:00,0,0
25,26/05/2021 , 02:15:00,0,0
26,26/05/2021 , 02:30:00,0,0
27,26/05/2021 , 02:45:00,0,0
28,26/05/2021 , 03:00:00,0,0
29,26/05/2021 , 03:15:00,0,0
30,26/05/2021 , 03:30:00,0,0
31,26/05/2021 , 03:45:00,0,0
32,26/05/2021 , 04:00:00,0,0
33,26/05/2021 , 04:15:00,0,0
34,26/05/2021 , 04:30:00,0,0
35,26/05/2021 , 04:45:00,0,0
36,26/05/2021 , 05:00:00,0,0
37,26/05/2021 , 05:15:00,0,0
38,26/05/2021 , 05:30:00,0,0
39,26/05/2021 , 05:45:00,0,0
40,26/05/2021 , 06:00:00,0,0
41,26/05/2021 , 06:15:00,0,0
42,26/05/2021 , 06:30:00,0,0
43,26/05/2021 , 06:45:00,0,0
44,26/05/2021 , 07:00:00,0,0
45,26/05/2021 , 07:15:00,0,0
46,26/05/2021 , 07:30:00,1,1
47,26/05/2021 , 07:45:00,27,27
48,26/05/2021 , 08:00:00,36,36
49,26/05/2021 , 08:15:00,34,34
50,26/05/2021 , 08:30:00,33,33
51,26/05/2021 , 08:45:00,31,31
52,26/05/2021 , 09:00:00,11,11
53,26/05/2021 , 09:15:00,2,2
54,26/05/2021 , 09:30:00,3,3
55,26/05/2021 , 09:45:00,4,4
56,26/05/2021 , 10:00:00,1,1
57,26/05/2021 , 10:15:00,3,3
58,26/05/2021 , 10:30:00,2,2
59,26/05/2021 , 10:45:00,66,66
60,26/05/2021 , 11:00:00,164,164
61,26/05/2021 , 11:15:00,5171,5171
62,26/05/2021 , 11:30:00,8598,8598
63,26/05/2021 , 11:45:00,6523,6523
64,26/05/2021 , 12:00:00,8123,8123
65,26/05/2021 , 12:15:00,22604,22604
66,26/05/2021 , 12:30:00,18318,18318
67,26/05/2021 , 12:45:00,36578,36578
68,26/05/2021 , 13:00:00,32656,32656
69,26/05/2021 , 13:15:00,34193,34193
70,26/05/2021 , 13:30:00,21540,21540
71,26/05/2021 , 13:45:00,16581,16581
72,26/05/2021 , 14:00:00,11203,11203
73,26/05/2021 , 14:15:00,7126,7126
74,26/05/2021 , 14:30:00,2240,2240
75,26/05/2021 , 14:45:00,669,669
76,26/05/2021 , 15:00:00,248,248
77,26/05/2021 , 15:15:00,122,122
78,26/05/2021 , 15:30:00,2,2
79,26/05/2021 , 15:45:00,0,0
80,26/05/2021 , 16:00:00,0,0
81,26/05/2021 , 16:15:00,0,0
82,26/05/2021 , 16:30:00,0,0
83,26/05/2021 , 16:45:00,0,0
84,26/05/2021 , 17:00:00,0,0
85,26/05/2021 , 17:15:00,0,0
86,26/05/2021 , 17:30:00,0,0
87,26/05/2021 , 17:45:00,0,0
88,26/05/2021 , 18:00:00,0,0
89,26/05/2021 , 18:15:00,0,0
90,26/05/2021 , 18:30:00,0,0
91,26/05/2021 , 18:45:00,0,0
92,26/05/2021 , 19:00:00,0,0
93,26/05/2021 , 19:15:00,0,0
94,26/05/2021 , 19:30:00,0,0
95,26/05/2021 , 19:45:00,0,0
96,26/05/2021 , 20:00:00,0,0
97,26/05/2021 , 20:15:00,0,0
98,26/05/2021 , 20:30:00,0,0
99,26/05/2021 , 20:45:00,0,0
100,26/05/2021 , 21:00:00,0,0
101,26/05/2021 , 21:15:00,0,0
102,26/05/2021 , 21:30:00,0,0
103,26/05/2021 , 21:45:00,0,0
104,26/05/2021 , 22:00:00,0,0
105,26/05/2021 , 22:15:00,0,0
106,26/05/2021 , 22:30:00,0,0
107,26/05/2021 , 22:45:00,0,0
108,26/05/2021 , 23:00:00,0,0
109,26/05/2021 , 23:15:00,0,0
110,26/05/2021 , 23:30:00,0,0
111,26/05/2021 , 23:45:00,0,0
112,26/05/2021 , 24:00:00,0,0
113,27/05/2021 , 00:15:00,0,0
114,27/05/2021 , 00:30:00,0,0
115,27/05/2021 , 00:45:00,0,0
116,27/05/2021 , 01:00:00,0,0
117,27/05/2021 , 01:15:00,0,0
118,27/05/2021 , 01:30:00,0,0
119,27/05/2021 , 01:45:00,0,0
120,27/05/2021 , 02:00:00,0,0
121,27/05/2021 , 02:15:00,0,0
122,27/05/2021 , 02:30:00,0,0
123,27/05/2021 , 02:45:00,0,0
124,27/05/2021 , 03:00:00,0,0
125,27/05/2021 , 03:15:00,0,0
126,27/05/2021 , 03:30:00,0,0
127,27/05/2021 , 03:45:00,0,0
128,27/05/2021 , 04:00:00,0,0
129,27/05/2021 , 04:15:00,0,0
130,27/05/2021 , 04:30:00,0,0
131,27/05/2021 , 04:45:00,0,0
132,27/05/2021 , 05:00:00,0,0
133,27/05/2021 , 05:15:00,0,0
134,27/05/2021 , 05:30:00,0,0
135,27/05/2021 , 05:45:00,0,0
136,27/05/2021 , 06:00:00,0,0
137,27/05/2021 , 06:15:00,3,3
138,27/05/2021 , 06:30:00,5,5
139,27/05/2021 , 06:45:00,9,9
140,27/05/2021 , 07:00:00,18,18
141,27/05/2021 , 07:15:00,30,30
142,27/05/2021 , 07:30:00,22,22
143,27/05/2021 , 07:45:00,21,21
144,27/05/2021 , 08:00:00,34,34
145,27/05/2021 , 08:15:00,32,32
146,27/05/2021 , 08:30:00,2,2
147,27/05/2021 , 08:45:00,0,0
148,27/05/2021 , 09:00:00,0,0
149,27/05/2021 , 09:15:00,0,0
150,27/05/2021 , 09:30:00,0,0
151,27/05/2021 , 09:45:00,0,0
152,27/05/2021 , 10:00:00,0,0
153,27/05/2021 , 10:15:00,0,0
154,27/05/2021 , 10:30:00,0,0
155,27/05/2021 , 10:45:00,0,0
156,27/05/2021 , 11:00:00,0,0
157,27/05/2021 , 11:15:00,0,0
158,27/05/2021 , 11:30:00,0,0
159,27/05/2021 , 11:45:00,0,0
160,27/05/2021 , 12:00:00,0,0
161,27/05/2021 , 12:15:00,0,0
162,27/05/2021 , 12:30:00,0,0
163,27/05/2021 , 12:45:00,0,0
164,27/05/2021 , 13:00:00,0,0
165,27/05/2021 , 13:15:00,0,0
166,27/05/2021 , 13:30:00,0,0
167,27/05/2021 , 13:45:00,0,0
168,27/05/2021 , 14:00:00,0,0
169,27/05/2021 , 14:15:00,0,0
170,27/05/2021 , 14:30:00,0,0
171,27/05/2021 , 14:45:00,0,0
172,27/05/2021 , 15:00:00,0,0
173,27/05/2021 , 15:15:00,0,0
174,27/05/2021 , 15:30:00,0,0
175,27/05/2021 , 15:45:00,0,0
176,27/05/2021 , 16:00:00,0,0
177,27/05/2021 , 16:15:00,0,0
178,27/05/2021 , 16:30:00,0,0
179,27/05/2021 , 16:45:00,0,0
180,27/05/2021 , 17:00:00,0,0
181,27/05/2021 , 17:15:00,0,0
182,27/05/2021 , 17:30:00,0,0
183,27/05/2021 , 17:45:00,0,0
184,27/05/2021 , 18:00:00,0,0
185,27/05/2021 , 18:15:00,0,0
186,27/05/2021 , 18:30:00,0,0
187,27/05/2021 , 18:45:00,0,0
188,27/05/2021 , 19:00:00,0,0
189,27/05/2021 , 19:15:00,0,0
190,27/05/2021 , 19:30:00,0,0
191,27/05/2021 , 19:45:00,0,0
192,27/05/2021 , 20:00:00,0,0
193,27/05/2021 , 20:15:00,0,0
194,27/05/2021 , 20:30:00,0,0
195,27/05/2021 , 20:45:00,0,0
196,27/05/2021 , 21:00:00,0,0
197,27/05/2021 , 21:15:00,0,0
198,27/05/2021 , 21:30:00,0,0
199,27/05/2021 , 21:45:00,0,0
200,27/05/2021 , 22:00:00,0,0
201,27/05/2021 , 22:15:00,0,0
202,27/05/2021 , 22:30:00,0,0
203,27/05/2021 , 22:45:00,0,0
204,27/05/2021 , 23:00:00,0,0
205,27/05/2021 , 23:15:00,0,0
206,27/05/2021 , 23:30:00,0,0
207,27/05/2021 , 23:45:00,0,0
208,27/05/2021 , 24:00:00,0,0
209,28/05/2021 , 00:15:00,0,0
210,28/05/2021 , 00:30:00,0,0
211,28/05/2021 , 00:45:00,0,0
212,28/05/2021 , 01:00:00,0,0
213,28/05/2021 , 01:15:00,0,0
214,28/05/2021 , 01:30:00,0,0
215,28/05/2021 , 01:45:00,0,0
216,28/05/2021 , 02:00:00,0,0
217,28/05/2021 , 02:15:00,0,0
218,28/05/2021 , 02:30:00,0,0
219,28/05/2021 , 02:45:00,0,0
220,28/05/2021 , 03:00:00,0,0
221,28/05/2021 , 03:15:00,0,0
222,28/05/2021 , 03:30:00,0,0
223,28/05/2021 , 03:45:00,0,0
224,28/05/2021 , 04:00:00,0,0
225,28/05/2021 , 04:15:00,0,0
226,28/05/2021 , 04:30:00,0,0
227,28/05/2021 , 04:45:00,0,0
228,28/05/2021 , 05:00:00,0,0
229,28/05/2021 , 05:15:00,0,0
230,28/05/2021 , 05:30:00,0,0
231,28/05/2021 , 05:45:00,0,0
232,28/05/2021 , 06:00:00,0,0
233,28/05/2021 , 06:15:00,0,0
234,28/05/2021 , 06:30:00,0,0
235,28/05/2021 , 06:45:00,0,0
236,28/05/2021 , 07:00:00,0,0
237,28/05/2021 , 07:15:00,0,0
238,28/05/2021 , 07:30:00,0,0
239,28/05/2021 , 07:45:00,0,0
240,28/05/2021 , 08:00:00,0,0
241,28/05/2021 , 08:15:00,0,0
242,28/05/2021 , 08:30:00,0,0
243,28/05/2021 , 08:45:00,0,0
244,28/05/2021 , 09:00:00,0,0
245,28/05/2021 , 09:15:00,0,0
246,28/05/2021 , 09:30:00,0,0
247,28/05/2021 , 09:45:00,0,0
248,28/05/2021 , 10:00:00,0,0
249,28/05/2021 , 10:15:00,0,0
250,28/05/2021 , 10:30:00,0,0
251,28/05/2021 , 10:45:00,0,0
252,28/05/2021 , 11:00:00,0,0
253,28/05/2021 , 11:15:00,0,0
254,28/05/2021 , 11:30:00,0,0
255,28/05/2021 , 11:45:00,0,0
256,28/05/2021 , 12:00:00,0,0
257,28/05/2021 , 12:15:00,0,0
258,28/05/2021 , 12:30:00,0,0
259,28/05/2021 , 12:45:00,0,0
260,28/05/2021 , 13:00:00,0,0
261,28/05/2021 , 13:15:00,0,0
262,28/05/2021 , 13:30:00,0,0
263,28/05/2021 , 13:45:00,0,0
264,28/05/2021 , 14:00:00,0,0
265,28/05/2021 , 14:15:00,0,0
266,28/05/2021 , 14:30:00,0,0
267,28/05/2021 , 14:45:00,0,0
268,28/05/2021 , 15:00:00,0,0
269,28/05/2021 , 15:15:00,0,0
270,28/05/2021 , 15:30:00,0,0
271,28/05/2021 , 15:45:00,0,0
272,28/05/2021 , 16:00:00,0,0
273,28/05/2021 , 16:15:00,0,0
274,28/05/2021 , 16:30:00,0,0
275,28/05/2021 , 16:45:00,0,0
276,28/05/2021 , 17:00:00,0,0
277,28/05/2021 , 17:15:00,0,0
278,28/05/2021 , 17:30:00,0,0
279,28/05/2021 , 17:45:00,0,0
280,28/05/2021 , 18:00:00,0,0
281,28/05/2021 , 18:15:00,0,0
282,28/05/2021 , 18:30:00,0,0
283,28/05/2021 , 18:45:00,0,0
284,28/05/2021 , 19:00:00,0,0
285,28/05/2021 , 19:15:00,0,0
286,28/05/2021 , 19:30:00,0,0
287,28/05/2021 , 19:45:00,0,0
288,28/05/2021 , 20:00:00,0,0
289,28/05/2021 , 20:15:00,0,0
290,28/05/2021 , 20:30:00,0,0
291,28/05/2021 , 20:45:00,0,0
292,28/05/2021 , 21:00:00,0,0
293,28/05/2021 , 21:15:00,0,0
294,28/05/2021 , 21:30:00,0,0
295,28/05/2021 , 21:45:00,0,0
296,28/05/2021 , 22:00:00,0,0
297,28/05/2021 , 22:15:00,0,0
298,28/05/2021 , 22:30:00,0,0
299,28/05/2021 , 22:45:00,0,0
300,28/05/2021 , 23:00:00,0,0
301,28/05/2021 , 23:15:00,0,0
302,28/05/2021 , 23:30:00,0,0
303,28/05/2021 , 23:45:00,0,0
304,28/05/2021 , 24:00:00,0,0
305,29/05/2021 , 00:15:00,0,0
306,29/05/2021 , 00:30:00,0,0
307,29/05/2021 , 00:45:00,0,0
308,29/05/2021 , 01:00:00,0,0
309,29/05/2021 , 01:15:00,0,0
310,29/05/2021 , 01:30:00,0,0
311,29/05/2021 , 01:45:00,0,0
312,29/05/2021 , 02:00:00,0,0
313,29/05/2021 , 02:15:00,0,0
314,29/05/2021 , 02:30:00,0,0
315,29/05/2021 , 02:45:00,0,0
316,29/05/2021 , 03:00:00,0,0
317,29/05/2021 , 03:15:00,0,0
318,29/05/2021 , 03:30:00,0,0
319,29/05/2021 , 03:45:00,0,0
320,29/05/2021 , 04:00:00,0,0
321,29/05/2021 , 04:15:00,0,0
322,29/05/2021 , 04:30:00,0,0
323,29/05/2021 , 04:45:00,0,0
324,29/05/2021 , 05:00:00,0,0
325,29/05/2021 , 05:15:00,0,0
326,29/05/2021 , 05:30:00,0,0
327,29/05/2021 , 05:45:00,0,0
328,29/05/2021 , 06:00:00,0,0
329,29/05/2021 , 06:15:00,0,0
330,29/05/2021 , 06:30:00,0,0
331,29/05/2021 , 06:45:00,0,0
332,29/05/2021 , 07:00:00,0,0
333,29/05/2021 , 07:15:00,0,0
334,29/05/2021 , 07:30:00,0,0
335,29/05/2021 , 07:45:00,0,0
336,29/05/2021 , 08:00:00,0,0
337,29/05/2021 , 08:15:00,0,0
338,29/05/2021 , 08:30:00,0,0
339,29/05/2021 , 08:45:00,0,0
340,29/05/2021 , 09:00:00,0,0
341,29/05/2021 , 09:15:00,0,0
342,29/05/2021 , 09:30:00,0,0
343,29/05/2021 , 09:45:00,0,0
344,29/05/2021 , 10:00:00,0,0
345,29/05/2021 , 10:15:00,0,0
346,29/05/2021 , 10:30:00,0,0
347,29/05/2021 , 10:45:00,0,0
348,29/05/2021 , 11:00:00,0,0
349,29/05/2021 , 11:15:00,0,0
350,29/05/2021 , 11:30:00,0,0
351,29/05/2021 , 11:45:00,0,0
352,29/05/2021 , 12:00:00,0,0
353,29/05/2021 , 12:15:00,0,0
354,29/05/2021 , 12:30:00,0,0
355,29/05/2021 , 12:45:00,0,0
356,29/05/2021 , 13:00:00,0,0
357,29/05/2021 , 13:15:00,0,0
358,29/05/2021 , 13:30:00,0,0
359,29/05/2021 , 13:45:00,0,0
360,29/05/2021 , 14:00:00,0,0
361,29/05/2021 , 14:15:00,0,0
362,29/05/2021 , 14:30:00,0,0
363,29/05/2021 , 14:45:00,0,0
364,29/05/2021 , 15:00:00,0,0
365,29/05/2021 , 15:15:00,0,0
366,29/05/2021 , 15:30:00,0,0
367,29/05/2021 , 15:45:00,0,0
368,29/05/2021 , 16:00:00,0,0
369,29/05/2021 , 16:15:00,0,0
370,29/05/2021 , 16:30:00,0,0
371,29/05/2021 , 16:45:00,0,0
372,29/05/2021 , 17:00:00,0,0
373,29/05/2021 , 17:15:00,0,0
374,29/05/2021 , 17:30:00,0,0
375,29/05/2021 , 17:45:00,0,0
376,29/05/2021 , 18:00:00,0,0
377,29/05/2021 , 18:15:00,0,0
378,29/05/2021 , 18:30:00,0,0
379,29/05/2021 , 18:45:00,0,0
380,29/05/2021 , 19:00:00,0,0
381,29/05/2021 , 19:15:00,0,0
382,29/05/2021 , 19:30:00,0,0
383,29/05/2021 , 19:45:00,0,0
384,29/05/2021 , 20:00:00,0,0
385,29/05/2021 , 20:15:00,0,0
386,29/05/2021 , 20:30:00,0,0
387,29/05/2021 , 20:45:00,0,0
388,29/05/2021 , 21:00:00,0,0
389,29/05/2021 , 21:15:00,0,0
390,29/05/2021 , 21:30:00,0,0
391,29/05/2021 , 21:45:00,0,0
392,29/05/2021 , 22:00:00,0,0
393,29/05/2021 , 22:15:00,0,0
394,29/05/2021 , 22:30:00,0,0
395,29/05/2021 , 22:45:00,0,0
396,29/05/2021 , 23:00:00,0,0
397,29/05/2021 , 23:15:00,0,0
398,29/05/2021 , 23:30:00,0,0
399,29/05/2021 , 23:45:00,0,0
400,29/05/2021 , 24:00:00,0,0
401,30/05/2021 , 00:15:00,0,0
402,30/05/2021 , 00:30:00,0,0
403,30/05/2021 , 00:45:00,0,0
404,30/05/2021 , 01:00:00,0,0
405,30/05/2021 , 01:15:00,0,0
406,30/05/2021 , 01:30:00,0,0
407,30/05/2021 , 01:45:00,0,0
408,30/05/2021 , 02:00:00,0,0
409,30/05/2021 , 02:15:00,0,0
410,30/05/2021 , 02:30:00,0,0
411,30/05/2021 , 02:45:00,0,0
412,30/05/2021 , 03:00:00,0,0
413,30/05/2021 , 03:15:00,0,0
414,30/05/2021 , 03:30:00,0,0
415,30/05/2021 , 03:45:00,0,0
416,30/05/2021 , 04:00:00,0,0
417,30/05/2021 , 04:15:00,0,0
418,30/05/2021 , 04:30:00,0,0
419,30/05/2021 , 04:45:00,0,0
420,30/05/2021 , 05:00:00,0,0
421,30/05/2021 , 05:15:00,0,0
422,30/05/2021 , 05:30:00,0,0
423,30/05/2021 , 05:45:00,0,0
424,30/05/2021 , 06:00:00,0,0
425,30/05/2021 , 06:15:00,0,0
426,30/05/2021 , 06:30:00,0,0
427,30/05/2021 , 06:45:00,0,0
428,30/05/2021 , 07:00:00,0,0
429,30/05/2021 , 07:15:00,0,0
430,30/05/2021 , 07:30:00,0,0
431,30/05/2021 , 07:45:00,0,0
432,30/05/2021 , 08:00:00,0,0
433,30/05/2021 , 08:15:00,0,0
434,30/05/2021 , 08:30:00,0,0
435,30/05/2021 , 08:45:00,0,0
436,30/05/2021 , 09:00:00,0,0
437,30/05/2021 , 09:15:00,0,0
438,30/05/2021 , 09:30:00,0,0
439,30/05/2021 , 09:45:00,0,0
440,30/05/2021 , 10:00:00,0,0
441,30/05/2021 , 10:15:00,0,0
442,30/05/2021 , 10:30:00,0,0
443,30/05/2021 , 10:45:00,0,0
444,30/05/2021 , 11:00:00,0,0
445,30/05/2021 , 11:15:00,0,0
446,30/05/2021 , 11:30:00,0,0
447,30/05/2021 , 11:45:00,0,0
448,30/05/2021 , 12:00:00,0,0
449,30/05/2021 , 12:15:00,0,0
450,30/05/2021 , 12:30:00,0,0
451,30/05/2021 , 12:45:00,0,0
452,30/05/2021 , 13:00:00,0,0
453,30/05/2021 , 13:15:00,0,0
454,30/05/2021 , 13:30:00,0,0
455,30/05/2021 , 13:45:00,0,0
456,30/05/2021 , 14:00:00,0,0
457,30/05/2021 , 14:15:00,1,1
458,30/05/2021 , 14:30:00,1,1
459,30/05/2021 , 14:45:00,5,5
460,30/05/2021 , 15:00:00,12,12
461,30/05/2021 , 15:15:00,15,15
462,30/05/2021 , 15:30:00,14,14
463,30/05/2021 , 15:45:00,12,12
464,30/05/2021 , 16:00:00,13,13
465,30/05/2021 , 16:15:00,12,12
466,30/05/2021 , 16:30:00,4,4
467,30/05/2021 , 16:45:00,0,0
468,30/05/2021 , 17:00:00,0,0
469,30/05/2021 , 17:15:00,0,0
470,30/05/2021 , 17:30:00,0,0
471,30/05/2021 , 17:45:00,0,0
472,30/05/2021 , 18:00:00,0,0
473,30/05/2021 , 18:15:00,0,0
474,30/05/2021 , 18:30:00,0,0
475,30/05/2021 , 18:45:00,0,0
476,30/05/2021 , 19:00:00,0,0
477,30/05/2021 , 19:15:00,0,0
478,30/05/2021 , 19:30:00,0,0
479,30/05/2021 , 19:45:00,0,0
480,30/05/2021 , 20:00:00,0,0
481,30/05/2021 , 20:15:00,0,0
482,30/05/2021 , 20:30:00,0,0
483,30/05/2021 , 20:45:00,0,0
484,30/05/2021 , 21:00:00,0,0
485,30/05/2021 , 21:15:00,0,0
486,30/05/2021 , 21:30:00,0,0
487,30/05/2021 , 21:45:00,0,0
488,30/05/2021 , 22:00:00,0,0
489,30/05/2021 , 22:15:00,0,0
490,30/05/2021 , 22:30:00,0,0
491,30/05/2021 , 22:45:00,0,0
492,30/05/2021 , 23:00:00,0,0
493,30/05/2021 , 23:15:00,0,0
494,30/05/2021 , 23:30:00,0,0
495,30/05/2021 , 23:45:00,0,0
496,30/05/2021 , 24:00:00,0,0
497,31/05/2021 , 00:15:00,0,0
498,31/05/2021 , 00:30:00,0,0
499,31/05/2021 , 00:45:00,0,0
500,31/05/2021 , 01:00:00,0,0
501,31/05/2021 , 01:15:00,0,0
502,31/05/2021 , 01:30:00,0,0
503,31/05/2021 , 01:45:00,0,0
504,31/05/2021 , 02:00:00,0,0
505,31/05/2021 , 02:15:00,0,0
506,31/05/2021 , 02:30:00,0,0
507,31/05/2021 , 02:45:00,0,0
508,31/05/2021 , 03:00:00,0,0
509,31/05/2021 , 03:15:00,0,0
510,31/05/2021 , 03:30:00,0,0
511,31/05/2021 , 03:45:00,0,0
512,31/05/2021 , 04:00:00,0,0
513,31/05/2021 , 04:15:00,0,0
514,31/05/2021 , 04:30:00,0,0
515,31/05/2021 , 04:45:00,0,0
516,31/05/2021 , 05:00:00,0,0
517,31/05/2021 , 05:15:00,0,0
518,31/05/2021 , 05:30:00,0,0
519,31/05/2021 , 05:45:00,0,0
520,31/05/2021 , 06:00:00,0,0
521,31/05/2021 , 06:15:00,0,0
522,31/05/2021 , 06:30:00,0,0
523,31/05/2021 , 06:45:00,0,0
524,31/05/2021 , 07:00:00,0,0
525,31/05/2021 , 07:15:00,0,0
526,31/05/2021 , 07:30:00,0,0
527,31/05/2021 , 07:45:00,0,0
528,31/05/2021 , 08:00:00,0,0
529,31/05/2021 , 08:15:00,0,0
530,31/05/2021 , 08:30:00,0,0
531,31/05/2021 , 08:45:00,0,0
532,31/05/2021 , 09:00:00,0,0
533,31/05/2021 , 09:15:00,0,0
534,31/05/2021 , 09:30:00,0,0
535,31/05/2021 , 09:45:00,0,0
536,31/05/2021 , 10:00:00,0,0
537,31/05/2021 , 10:15:00,0,0
538,31/05/2021 , 10:30:00,0,0
539,31/05/2021 , 10:45:00,0,0
540,31/05/2021 , 11:00:00,0,0
541,31/05/2021 , 11:15:00,0,0
542,31/05/2021 , 11:30:00,0,0
543,31/05/2021 , 11:45:00,0,0
544,31/05/2021 , 12:00:00,0,0
545,31/05/2021 , 12:15:00,0,0
546,31/05/2021 , 12:30:00,0,0
547,31/05/2021 , 12:45:00,0,0
548,31/05/2021 , 13:00:00,0,0
549,31/05/2021 , 13:15:00,0,0
550,31/05/2021 , 13:30:00,0,0
551,31/05/2021 , 13:45:00,0,0
552,31/05/2021 , 14:00:00,0,0
553,31/05/2021 , 14:15:00,0,0
554,31/05/2021 , 14:30:00,0,0
555,31/05/2021 , 14:45:00,0,0
556,31/05/2021 , 15:00:00,0,0
557,31/05/2021 , 15:15:00,0,0
558,31/05/2021 , 15:30:00,0,0
559,31/05/2021 , 15:45:00,0,0
560,31/05/2021 , 16:00:00,0,0
561,31/05/2021 , 16:15:00,0,0
562,31/05/2021 , 16:30:00,0,0
563,31/05/2021 , 16:45:00,0,0
564,31/05/2021 , 17:00:00,0,0
565,31/05/2021 , 17:15:00,0,0
566,31/05/2021 , 17:30:00,0,0
567,31/05/2021 , 17:45:00,0,0
568,31/05/2021 , 18:00:00,0,0
569,31/05/2021 , 18:15:00,0,0
570,31/05/2021 , 18:30:00,0,0
571,31/05/2021 , 18:45:00,0,0
572,31/05/2021 , 19:00:00,0,0
573,31/05/2021 , 19:15:00,0,0
574,31/05/2021 , 19:30:00,0,0
575,31/05/2021 , 19:45:00,0,0
576,31/05/2021 , 20:00:00,0,0
577,31/05/2021 , 20:15:00,0,0
578,31/05/2021 , 20:30:00,0,0
579,31/05/2021 , 20:45:00,0,0
580,31/05/2021 , 21:00:00,0,0
581,31/05/2021 , 21:15:00,0,0
582,31/05/2021 , 21:30:00,0,0
583,31/05/2021 , 21:45:00,0,0
584,31/05/2021 , 22:00:00,0,0
585,31/05/2021 , 22:15:00,0,0
586,31/05/2021 , 22:30:00,0,0
587,31/05/2021 , 22:45:00,0,0
588,31/05/2021 , 23:00:00,0,0
589,31/05/2021 , 23:15:00,0,0
590,31/05/2021 , 23:30:00,0,0
591,31/05/2021 , 23:45:00,0,0
592,31/05/2021 , 24:00:00,0,0
593,01/06/2021 , 00:15:00,0,0
594,01/06/2021 , 00:30:00,0,0
595,01/06/2021 , 00:45:00,0,0
596,01/06/2021 , 01:00:00,0,0
597,01/06/2021 , 01:15:00,0,0
598,01/06/2021 , 01:30:00,0,0
599,01/06/2021 , 01:45:00,0,0
600,01/06/2021 , 02:00:00,0,0
601,01/06/2021 , 02:15:00,0,0
602,01/06/2021 , 02:30:00,0,0
603,01/06/2021 , 02:45:00,0,0
604,01/06/2021 , 03:00:00,0,0
605,01/06/2021 , 03:15:00,0,0
606,01/06/2021 , 03:30:00,0,0
607,01/06/2021 , 03:45:00,0,0
608,01/06/2021 , 04:00:00,0,0
609,01/06/2021 , 04:15:00,0,0
610,01/06/2021 , 04:30:00,0,0
611,01/06/2021 , 04:45:00,0,0
612,01/06/2021 , 05:00:00,0,0
613,01/06/2021 , 05:15:00,0,0
614,01/06/2021 , 05:30:00,0,0
615,01/06/2021 , 05:45:00,0,0
616,01/06/2021 , 06:00:00,0,0
617,01/06/2021 , 06:15:00,0,0
618,01/06/2021 , 06:30:00,0,0
619,01/06/2021 , 06:45:00,0,0
620,01/06/2021 , 07:00:00,0,0
621,01/06/2021 , 07:15:00,0,0
622,01/06/2021 , 07:30:00,0,0
623,01/06/2021 , 07:45:00,0,0
624,01/06/2021 , 08:00:00,0,0
625,01/06/2021 , 08:15:00,0,0
626,01/06/2021 , 08:30:00,0,0
627,01/06/2021 , 08:45:00,0,0
628,01/06/2021 , 09:00:00,0,0
629,01/06/2021 , 09:15:00,0,0
630,01/06/2021 , 09:30:00,0,0
631,01/06/2021 , 09:45:00,0,0
632,01/06/2021 , 10:00:00,0,0
633,01/06/2021 , 10:15:00,0,0
634,01/06/2021 , 10:30:00,0,0
635,01/06/2021 , 10:45:00,0,0
636,01/06/2021 , 11:00:00,0,0
637,01/06/2021 , 11:15:00,0,0
638,01/06/2021 , 11:30:00,0,0
639,01/06/2021 , 11:45:00,0,0
640,01/06/2021 , 12:00:00,0,0
641,01/06/2021 , 12:15:00,0,0
642,01/06/2021 , 12:30:00,0,0
643,01/06/2021 , 12:45:00,0,0
644,01/06/2021 , 13:00:00,0,0
645,01/06/2021 , 13:15:00,0,0
646,01/06/2021 , 13:30:00,0,0
647,01/06/2021 , 13:45:00,0,0
648,01/06/2021 , 14:00:00,0,0
649,01/06/2021 , 14:15:00,0,0
650,01/06/2021 , 14:30:00,0,0
651,01/06/2021 , 14:45:00,0,0
652,01/06/2021 , 15:00:00,0,0
653,01/06/2021 , 15:15:00,0,0
654,01/06/2021 , 15:30:00,0,0
655,01/06/2021 , 15:45:00,0,0
656,01/06/2021 , 16:00:00,0,0
657,01/06/2021 , 16:15:00,0,0
658,01/06/2021 , 16:30:00,0,0
659,01/06/2021 , 16:45:00,0,0
660,01/06/2021 , 17:00:00,0,0
661,01/06/2021 , 17:15:00,0,0
662,01/06/2021 , 17:30:00,0,0
663,01/06/2021 , 17:45:00,0,0
664,01/06/2021 , 18:00:00,0,0
665,01/06/2021 , 18:15:00,0,0
666,01/06/2021 , 18:30:00,0,0
667,01/06/2021 , 18:45:00,0,0
668,01/06/2021 , 19:00:00,0,0
669,01/06/2021 , 19:15:00,0,0
670,01/06/2021 , 19:30:00,0,0
671,01/06/2021 , 19:45:00,0,0
672,01/06/2021 , 20:00:00,0,0
673,01/06/2021 , 20:15:00,0,0
674,01/06/2021 , 20:30:00,0,0
675,01/06/2021 , 20:45:00,0,0
676,01/06/2021 , 21:00:00,0,0
677,01/06/2021 , 21:15:00,0,0
678,01/06/2021 , 21:30:00,0,0
679,01/06/2021 , 21:45:00,0,0
680,01/06/2021 , 22:00:00,0,0
681,01/06/2021 , 22:15:00,0,0
682,01/06/2021 , 22:30:00,0,0
683,01/06/2021 , 22:45:00,0,0
684,01/06/2021 , 23:00:00,0,0
685,01/06/2021 , 23:15:00,0,0
686,01/06/2021 , 23:30:00,0,0
687,01/06/2021 , 23:45:00,0,0
688,01/06/2021 , 24:00:00,0,0
689,02/06/2021 , 00:15:00,0,0
690,02/06/2021 , 00:30:00,0,0
691,02/06/2021 , 00:45:00,0,0
692,02/06/2021 , 01:00:00,0,0
693,02/06/2021 , 01:15:00,0,0
694,02/06/2021 , 01:30:00,0,0
695,02/06/2021 , 01:45:00,0,0
696,02/06/2021 , 02:00:00,0,0
697,02/06/2021 , 02:15:00,0,0
698,02/06/2021 , 02:30:00,0,0
699,02/06/2021 , 02:45:00,0,0
700,02/06/2021 , 03:00:00,0,0
701,02/06/2021 , 03:15:00,0,0
702,02/06/2021 , 03:30:00,0,0
703,02/06/2021 , 03:45:00,0,0
704,02/06/2021 , 04:00:00,0,0
705,02/06/2021 , 04:15:00,0,0
706,02/06/2021 , 04:30:00,0,0
707,02/06/2021 , 04:45:00,0,0
708,02/06/2021 , 05:00:00,0,0
709,02/06/2021 , 05:15:00,0,0
710,02/06/2021 , 05:30:00,0,0
711,02/06/2021 , 05:45:00,0,0
712,02/06/2021 , 06:00:00,0,0
713,02/06/2021 , 06:15:00,0,0
714,02/06/2021 , 06:30:00,0,0
715,02/06/2021 , 06:45:00,0,0
716,02/06/2021 , 07:00:00,0,0
717,02/06/2021 , 07:15:00,0,0
718,02/06/2021 , 07:30:00,0,0
719,02/06/2021 , 07:45:00,0,0
720,02/06/2021 , 08:00:00,0,0
721,02/06/2021 , 08:15:00,0,0
722,02/06/2021 , 08:30:00,0,0
723,02/06/2021 , 08:45:00,0,0
724,02/06/2021 , 09:00:00,0,0
725,02/06/2021 , 09:15:00,0,0
726,02/06/2021 , 09:30:00,0,0
727,02/06/2021 , 09:45:00,0,0
728,02/06/2021 , 10:00:00,0,0
729,02/06/2021 , 10:15:00,0,0
730,02/06/2021 , 10:30:00,0,0
731,02/06/2021 , 10:45:00,0,0
732,02/06/2021 , 11:00:00,0,0
733,02/06/2021 , 11:15:00,0,0
734,02/06/2021 , 11:30:00,0,0
735,02/06/2021 , 11:45:00,0,0
736,02/06/2021 , 12:00:00,0,0
737,02/06/2021 , 12:15:00,0,0
738,02/06/2021 , 12:30:00,0,0
739,02/06/2021 , 12:45:00,0,0
740,02/06/2021 , 13:00:00,0,0
741,02/06/2021 , 13:15:00,0,0
742,02/06/2021 , 13:30:00,0,0
743,02/06/2021 , 13:45:00,0,0
744,02/06/2021 , 14:00:00,0,0
745,02/06/2021 , 14:15:00,0,0
746,02/06/2021 , 14:30:00,0,0
747,02/06/2021 , 14:45:00,0,0
748,02/06/2021 , 15:00:00,0,0
749,02/06/2021 , 15:15:00,0,0
750,02/06/2021 , 15:30:00,0,0
751,02/06/2021 , 15:45:00,0,0
752,02/06/2021 , 16:00:00,0,0
753,02/06/2021 , 16:15:00,0,0
754,02/06/2021 , 16:30:00,0,0
755,02/06/2021 , 16:45:00,0,0
756,02/06/2021 , 17:00:00,0,0
757,02/06/2021 , 17:15:00,0,0
758,02/06/2021 , 17:30:00,0,0
759,02/06/2021 , 17:45:00,0,0
760,02/06/2021 , 18:00:00,0,0
761,02/06/2021 , 18:15:00,0,0
762,02/06/2021 , 18:30:00,0,0
763,02/06/2021 , 18:45:00,0,0
764,02/06/2021 , 19:00:00,0,0
765,02/06/2021 , 19:15:00,0,0
766,02/06/2021 , 19:30:00,0,0
767,02/06/2021 , 19:45:00,0,0
768,02/06/2021 , 20:00:00,0,0
769,02/06/2021 , 20:15:00,0,0
770,02/06/2021 , 20:30:00,0,0
771,02/06/2021 , 20:45:00,0,0
772,02/06/2021 , 21:00:00,0,0
773,02/06/2021 , 21:15:00,0,0
774,02/06/2021 , 21:30:00,0,0
775,02/06/2021 , 21:45:00,0,0
776,02/06/2021 , 22:00:00,0,0
777,02/06/2021 , 22:15:00,0,0
778,02/06/2021 , 22:30:00,0,0
779,02/06/2021 , 22:45:00,0,0
780,02/06/2021 , 23:00:00,0,0
781,02/06/2021 , 23:15:00,0,0
782,02/06/2021 , 23:30:00,0,0
783,02/06/2021 , 23:45:00,0,0
784,02/06/2021 , 24:00:00,0,0
785,03/06/2021 , 00:15:00,0,0
786,03/06/2021 , 00:30:00,0,0
787,03/06/2021 , 00:45:00,0,0
788,03/06/2021 , 01:00:00,0,0
789,03/06/2021 , 01:15:00,0,0
790,03/06/2021 , 01:30:00,0,0
791,03/06/2021 , 01:45:00,0,0
792,03/06/2021 , 02:00:00,0,0
793,03/06/2021 , 02:15:00,0,0
794,03/06/2021 , 02:30:00,0,0
795,03/06/2021 , 02:45:00,0,0
796,03/06/2021 , 03:00:00,0,0
797,03/06/2021 , 03:15:00,0,0
798,03/06/2021 , 03:30:00,0,0
799,03/06/2021 , 03:45:00,0,0
800,03/06/2021 , 04:00:00,0,0
801,03/06/2021 , 04:15:00,0,0
802,03/06/2021 , 04:30:00,0,0
803,03/06/2021 , 04:45:00,0,0
804,03/06/2021 , 05:00:00,0,0
805,03/06/2021 , 05:15:00,0,0
806,03/06/2021 , 05:30:00,0,0
807,03/06/2021 , 05:45:00,0,0
808,03/06/2021 , 06:00:00,0,0
809,03/06/2021 , 06:15:00,0,0
810,03/06/2021 , 06:30:00,0,0
811,03/06/2021 , 06:45:00,0,0
812,03/06/2021 , 07:00:00,0,0
813,03/06/2021 , 07:15:00,0,0
814,03/06/2021 , 07:30:00,0,0
815,03/06/2021 , 07:45:00,0,0
816,03/06/2021 , 08:00:00,0,0
817,03/06/2021 , 08:15:00,0,0
818,03/06/2021 , 08:30:00,0,0
819,03/06/2021 , 08:45:00,0,0
820,03/06/2021 , 09:00:00,0,0
821,03/06/2021 , 09:15:00,0,0
822,03/06/2021 , 09:30:00,0,0
823,03/06/2021 , 09:45:00,0,0
824,03/06/2021 , 10:00:00,0,0
825,03/06/2021 , 10:15:00,0,0
826,03/06/2021 , 10:30:00,0,0
827,03/06/2021 , 10:45:00,0,0
828,03/06/2021 , 11:00:00,0,0
829,03/06/2021 , 11:15:00,0,0
830,03/06/2021 , 11:30:00,0,0
831,03/06/2021 , 11:45:00,0,0
832,03/06/2021 , 12:00:00,0,0
833,03/06/2021 , 12:15:00,0,0
834,03/06/2021 , 12:30:00,0,0
835,03/06/2021 , 12:45:00,0,0
836,03/06/2021 , 13:00:00,0,0
837,03/06/2021 , 13:15:00,0,0
838,03/06/2021 , 13:30:00,0,0
839,03/06/2021 , 13:45:00,0,0
840,03/06/2021 , 14:00:00,0,0
841,03/06/2021 , 14:15:00,0,0
842,03/06/2021 , 14:30:00,0,0
843,03/06/2021 , 14:45:00,0,0
844,03/06/2021 , 15:00:00,0,0
845,03/06/2021 , 15:15:00,0,0
846,03/06/2021 , 15:30:00,0,0
847,03/06/2021 , 15:45:00,0,0
848,03/06/2021 , 16:00:00,0,0
849,03/06/2021 , 16:15:00,0,0
850,03/06/2021 , 16:30:00,0,0
851,03/06/2021 , 16:45:00,0,0
852,03/06/2021 , 17:00:00,0,0
853,03/06/2021 , 17:15:00,0,0
854,03/06/2021 , 17:30:00,0,0
855,03/06/2021 , 17:45:00,0,0
856,03/06/2021 , 18:00:00,0,0
857,03/06/2021 , 18:15:00,0,0
858,03/06/2021 , 18:30:00,0,0
859,03/06/2021 , 18:45:00,0,0
860,03/06/2021 , 19:00:00,0,0
861,03/06/2021 , 19:15:00,0,0
862,03/06/2021 , 19:30:00,0,0
863,03/06/2021 , 19:45:00,0,0
864,03/06/2021 , 20:00:00,0,0
865,03/06/2021 , 20:15:00,0,0
866,03/06/2021 , 20:30:00,0,0
867,03/06/2021 , 20:45:00,0,0
868,03/06/2021 , 21:00:00,0,0
869,03/06/2021 , 21:15:00,0,0
870,03/06/2021 , 21:30:00,0,0
871,03/06/2021 , 21:45:00,0,0
872,03/06/2021 , 22:00:00,0,0
873,03/06/2021 , 22:15:00,0,0
874,03/06/2021 , 22:30:00,0,0
875,03/06/2021 , 22:45:00,0,0
876,03/06/2021 , 23:00:00,0,0
877,03/06/2021 , 23:15:00,0,0
878,03/06/2021 , 23:30:00,0,0
879,03/06/2021 , 23:45:00,0,0
880,03/06/2021 , 24:00:00,0,0
881,04/06/2021 , 00:15:00,0,0
882,04/06/2021 , 00:30:00,0,0
883,04/06/2021 , 00:45:00,0,0
884,04/06/2021 , 01:00:00,0,0
885,04/06/2021 , 01:15:00,0,0
886,04/06/2021 , 01:30:00,0,0
887,04/06/2021 , 01:45:00,0,0
888,04/06/2021 , 02:00:00,0,0
889,04/06/2021 , 02:15:00,0,0
890,04/06/2021 , 02:30:00,0,0
891,04/06/2021 , 02:45:00,0,0
892,04/06/2021 , 03:00:00,0,0
893,04/06/2021 , 03:15:00,0,0
894,04/06/2021 , 03:30:00,0,0
895,04/06/2021 , 03:45:00,0,0
896,04/06/2021 , 04:00:00,0,0
897,04/06/2021 , 04:15:00,0,0
898,04/06/2021 , 04:30:00,0,0
899,04/06/2021 , 04:45:00,0,0
900,04/06/2021 , 05:00:00,0,0
901,04/06/2021 , 05:15:00,0,0
902,04/06/2021 , 05:30:00,0,0
903,04/06/2021 , 05:45:00,0,0
904,04/06/2021 , 06:00:00,0,0
905,04/06/2021 , 06:15:00,0,0
906,04/06/2021 , 06:30:00,0,0
907,04/06/2021 , 06:45:00,0,0
908,04/06/2021 , 07:00:00,0,0
909,04/06/2021 , 07:15:00,0,0
910,04/06/2021 , 07:30:00,0,0
911,04/06/2021 , 07:45:00,0,0
912,04/06/2021 , 08:00:00,0,0
913,04/06/2021 , 08:15:00,0,0
914,04/06/2021 , 08:30:00,0,0
915,04/06/2021 , 08:45:00,0,0
916,04/06/2021 , 09:00:00,0,0
917,04/06/2021 , 09:15:00,0,0
918,04/06/2021 , 09:30:00,0,0
919,04/06/2021 , 09:45:00,0,0
920,04/06/2021 , 10:00:00,0,0
921,04/06/2021 , 10:15:00,0,0
922,04/06/2021 , 10:30:00,0,0
923,04/06/2021 , 10:45:00,0,0
924,04/06/2021 , 11:00:00,0,0
925,04/06/2021 , 11:15:00,0,0
926,04/06/2021 , 11:30:00,0,0
927,04/06/2021 , 11:45:00,0,0
928,04/06/2021 , 12:00:00,0,0
929,04/06/2021 , 12:15:00,0,0
930,04/06/2021 , 12:30:00,0,0
931,04/06/2021 , 12:45:00,0,0
932,04/06/2021 , 13:00:00,0,0
933,04/06/2021 , 13:15:00,0,0
934,04/06/2021 , 13:30:00,0,0
935,04/06/2021 , 13:45:00,0,0
936,04/06/2021 , 14:00:00,0,0
937,04/06/2021 , 14:15:00,0,0
938,04/06/2021 , 14:30:00,0,0
939,04/06/2021 , 14:45:00,0,0
940,04/06/2021 , 15:00:00,0,0
941,04/06/2021 , 15:15:00,0,0
942,04/06/2021 , 15:30:00,0,0
943,04/06/2021 , 15:45:00,0,0
944,04/06/2021 , 16:00:00,0,0
945,04/06/2021 , 16:15:00,0,0
946,04/06/2021 , 16:30:00,0,0
947,04/06/2021 , 16:45:00,0,0
948,04/06/2021 , 17:00:00,0,0
949,04/06/2021 , 17:15:00,0,0
950,04/06/2021 , 17:30:00,0,0
951,04/06/2021 , 17:45:00,0,0
952,04/06/2021 , 18:00:00,0,0
953,04/06/2021 , 18:15:00,0,0
954,04/06/2021 , 18:30:00,0,0
955,04/06/2021 , 18:45:00,0,0
956,04/06/2021 , 19:00:00,0,0
957,04/06/2021 , 19:15:00,0,0
958,04/06/2021 , 19:30:00,0,0
959,04/06/2021 , 19:45:00,0,0
960,04/06/2021 , 20:00:00,0,0
961,04/06/2021 , 20:15:00,0,0
962,04/06/2021 , 20:30:00,0,0
963,04/06/2021 , 20:45:00,0,0
964,04/06/2021 , 21:00:00,0,0
965,04/06/2021 , 21:15:00,0,0
966,04/06/2021 , 21:30:00,0,0
967,04/06/2021 , 21:45:00,0,0
968,04/06/2021 , 22:00:00,0,0
969,04/06/2021 , 22:15:00,0,0
970,04/06/2021 , 22:30:00,0,0
971,04/06/2021 , 22:45:00,0,0
972,04/06/2021 , 23:00:00,0,0
973,04/06/2021 , 23:15:00,0,0
974,04/06/2021 , 23:30:00,0,0
975,04/06/2021 , 23:45:00,0,0
976,04/06/2021 , 24:00:00,0,0
977,05/06/2021 , 00:15:00,0,0
978,05/06/2021 , 00:30:00,0,0
979,05/06/2021 , 00:45:00,0,0
980,05/06/2021 , 01:00:00,0,0
981,05/06/2021 , 01:15:00,0,0
982,05/06/2021 , 01:30:00,0,0
983,05/06/2021 , 01:45:00,0,0
984,05/06/2021 , 02:00:00,0,0
985,05/06/2021 , 02:15:00,0,0
986,05/06/2021 , 02:30:00,0,0
987,05/06/2021 , 02:45:00,0,0
988,05/06/2021 , 03:00:00,0,0
989,05/06/2021 , 03:15:00,0,0
990,05/06/2021 , 03:30:00,0,0
991,05/06/2021 , 03:45:00,0,0
992,05/06/2021 , 04:00:00,0,0
993,05/06/2021 , 04:15:00,0,0
994,05/06/2021 , 04:30:00,0,0
995,05/06/2021 , 04:45:00,0,0
996,05/06/2021 , 05:00:00,0,0
997,05/06/2021 , 05:15:00,0,0
998,05/06/2021 , 05:30:00,0,0
999,05/06/2021 , 05:45:00,0,0
1000,05/06/2021 , 06:00:00,0,0
1001,05/06/2021 , 06:15:00,0,0
1002,05/06/2021 , 06:30:00,0,0
1003,05/06/2021 , 06:45:00,0,0
1004,05/06/2021 , 07:00:00,0,0
1005,05/06/2021 , 07:15:00,0,0
1006,05/06/2021 , 07:30:00,0,0
1007,05/06/2021 , 07:45:00,0,0
1008,05/06/2021 , 08:00:00,0,0
1009,05/06/2021 , 08:15:00,0,0
1010,05/06/2021 , 08:30:00,0,0
1011,05/06/2021 , 08:45:00,0,0
1012,05/06/2021 , 09:00:00,0,0
1013,05/06/2021 , 09:15:00,0,0
1014,05/06/2021 , 09:30:00,0,0
1015,05/06/2021 , 09:45:00,0,0
1016,05/06/2021 , 10:00:00,0,0
1017,05/06/2021 , 10:15:00,0,0
1018,05/06/2021 , 10:30:00,0,0
1019,05/06/2021 , 10:45:00,0,0
1020,05/06/2021 , 11:00:00,0,0
1021,05/06/2021 , 11:15:00,0,0
1022,05/06/2021 , 11:30:00,0,0
1023,05/06/2021 , 11:45:00,0,0
1024,05/06/2021 , 12:00:00,0,0
1025,05/06/2021 , 12:15:00,0,0
1026,05/06/2021 , 12:30:00,0,0
1027,05/06/2021 , 12:45:00,0,0
1028,05/06/2021 , 13:00:00,0,0
1029,05/06/2021 , 13:15:00,0,0
1030,05/06/2021 , 13:30:00,0,0
1031,05/06/2021 , 13:45:00,0,0
1032,05/06/2021 , 14:00:00,0,0
1033,05/06/2021 , 14:15:00,0,0
1034,05/06/2021 , 14:30:00,0,0
1035,05/06/2021 , 14:45:00,0,0
1036,05/06/2021 , 15:00:00,0,0
1037,05/06/2021 , 15:15:00,0,0
1038,05/06/2021 , 15:30:00,0,0
1039,05/06/2021 , 15:45:00,0,0
1040,05/06/2021 , 16:00:00,0,0
1041,05/06/2021 , 16:15:00,0,0
1042,05/06/2021 , 16:30:00,0,0
1043,05/06/2021 , 16:45:00,0,0
1044,05/06/2021 , 17:00:00,0,0
1045,05/06/2021 , 17:15:00,0,0
1046,05/06/2021 , 17:30:00,0,0
1047,05/06/2021 , 17:45:00,0,0
1048,05/06/2021 , 18:00:00,0,0
1049,05/06/2021 , 18:15:00,0,0
1050,05/06/2021 , 18:30:00,0,0
1051,05/06/2021 , 18:45:00,0,0
1052,05/06/2021 , 19:00:00,0,0
1053,05/06/2021 , 19:15:00,0,0
1054,05/06/2021 , 19:30:00,0,0
1055,05/06/2021 , 19:45:00,0,0
1056,05/06/2021 , 20:00:00,0,0
1057,05/06/2021 , 20:15:00,0,0
1058,05/06/2021 , 20:30:00,0,0
1059,05/06/2021 , 20:45:00,0,0
1060,05/06/2021 , 21:00:00,0,0
1061,05/06/2021 , 21:15:00,0,0
1062,05/06/2021 , 21:30:00,0,0
1063,05/06/2021 , 21:45:00,0,0
1064,05/06/2021 , 22:00:00,0,0
1065,05/06/2021 , 22:15:00,0,0
1066,05/06/2021 , 22:30:00,0,0
1067,05/06/2021 , 22:45:00,0,0
1068,05/06/2021 , 23:00:00,0,0
1069,05/06/2021 , 23:15:00,0,0
1070,05/06/2021 , 23:30:00,0,0
1071,05/06/2021 , 23:45:00,0,0
1072,05/06/2021 , 24:00:00,0,0
1073,06/06/2021 , 00:15:00,0,0
1074,06/06/2021 , 00:30:00,0,0
1075,06/06/2021 , 00:45:00,0,0
1076,06/06/2021 , 01:00:00,0,0
1077,06/06/2021 , 01:15:00,0,0
1078,06/06/2021 , 01:30:00,0,0
1079,06/06/2021 , 01:45:00,0,0
1080,06/06/2021 , 02:00:00,0,0
1081,06/06/2021 , 02:15:00,0,0
1082,06/06/2021 , 02:30:00,0,0
1083,06/06/2021 , 02:45:00,0,0
1084,06/06/2021 , 03:00:00,0,0
1085,06/06/2021 , 03:15:00,0,0
1086,06/06/2021 , 03:30:00,0,0
1087,06/06/2021 , 03:45:00,0,0
1088,06/06/2021 , 04:00:00,0,0
1089,06/06/2021 , 04:15:00,0,0
1090,06/06/2021 , 04:30:00,0,0
1091,06/06/2021 , 04:45:00,0,0
1092,06/06/2021 , 05:00:00,0,0
1093,06/06/2021 , 05:15:00,0,0
1094,06/06/2021 , 05:30:00,0,0
1095,06/06/2021 , 05:45:00,0,0
1096,06/06/2021 , 06:00:00,0,0
1097,06/06/2021 , 06:15:00,0,0
1098,06/06/2021 , 06:30:00,0,0
1099,06/06/2021 , 06:45:00,0,0
1100,06/06/2021 , 07:00:00,0,0
1101,06/06/2021 , 07:15:00,0,0
1102,06/06/2021 , 07:30:00,0,0
1103,06/06/2021 , 07:45:00,0,0
1104,06/06/2021 , 08:00:00,0,0
1105,06/06/2021 , 08:15:00,0,0
1106,06/06/2021 , 08:30:00,0,0
1107,06/06/2021 , 08:45:00,0,0
1108,06/06/2021 , 09:00:00,0,0
1109,06/06/2021 , 09:15:00,0,0
1110,06/06/2021 , 09:30:00,0,0
1111,06/06/2021 , 09:45:00,0,0
1112,06/06/2021 , 10:00:00,0,0
1113,06/06/2021 , 10:15:00,0,0
1114,06/06/2021 , 10:30:00,0,0
1115,06/06/2021 , 10:45:00,0,0
1116,06/06/2021 , 11:00:00,0,0
1117,06/06/2021 , 11:15:00,0,0
1118,06/06/2021 , 11:30:00,0,0
1119,06/06/2021 , 11:45:00,0,0
1120,06/06/2021 , 12:00:00,0,0
1121,06/06/2021 , 12:15:00,0,0
1122,06/06/2021 , 12:30:00,0,0
1123,06/06/2021 , 12:45:00,0,0
1124,06/06/2021 , 13:00:00,0,0
1125,06/06/2021 , 13:15:00,0,0
1126,06/06/2021 , 13:30:00,0,0
1127,06/06/2021 , 13:45:00,0,0
1128,06/06/2021 , 14:00:00,0,0
1129,06/06/2021 , 14:15:00,0,0
1130,06/06/2021 , 14:30:00,0,0
1131,06/06/2021 , 14:45:00,0,0
1132,06/06/2021 , 15:00:00,0,0
1133,06/06/2021 , 15:15:00,0,0
1134,06/06/2021 , 15:30:00,0,0
1135,06/06/2021 , 15:45:00,0,0
1136,06/06/2021 , 16:00:00,0,0
1137,06/06/2021 , 16:15:00,0,0
1138,06/06/2021 , 16:30:00,0,0
1139,06/06/2021 , 16:45:00,0,0
1140,06/06/2021 , 17:00:00,0,0
1141,06/06/2021 , 17:15:00,0,0
1142,06/06/2021 , 17:30:00,0,0
1143,06/06/2021 , 17:45:00,0,0
1144,06/06/2021 , 18:00:00,0,0
1145,06/06/2021 , 18:15:00,0,0
1146,06/06/2021 , 18:30:00,0,0
1147,06/06/2021 , 18:45:00,0,0
1148,06/06/2021 , 19:00:00,0,0
1149,06/06/2021 , 19:15:00,0,0
1150,06/06/2021 , 19:30:00,0,0
1151,06/06/2021 , 19:45:00,0,0
1152,06/06/2021 , 20:00:00,0,0
1153,06/06/2021 , 20:15:00,0,0
1154,06/06/2021 , 20:30:00,0,0
1155,06/06/2021 , 20:45:00,0,0
1156,06/06/2021 , 21:00:00,0,0
1157,06/06/2021 , 21:15:00,0,0
1158,06/06/2021 , 21:30:00,0,0
1159,06/06/2021 , 21:45:00,0,0
1160,06/06/2021 , 22:00:00,0,0
1161,06/06/2021 , 22:15:00,0,0
1162,06/06/2021 , 22:30:00,0,0
1163,06/06/2021 , 22:45:00,0,0
1164,06/06/2021 , 23:00:00,0,0
1165,06/06/2021 , 23:15:00,0,0
1166,06/06/2021 , 23:30:00,0,0
1167,06/06/2021 , 23:45:00,0,0
1168,06/06/2021 , 24:00:00,0,0
1169,07/06/2021 , 00:15:00,0,0
1170,07/06/2021 , 00:30:00,0,0
1171,07/06/2021 , 00:45:00,0,0
1172,07/06/2021 , 01:00:00,0,0
1173,07/06/2021 , 01:15:00,0,0
1174,07/06/2021 , 01:30:00,0,0
1175,07/06/2021 , 01:45:00,0,0
1176,07/06/2021 , 02:00:00,0,0
1177,07/06/2021 , 02:15:00,0,0
1178,07/06/2021 , 02:30:00,0,0
1179,07/06/2021 , 02:45:00,0,0
1180,07/06/2021 , 03:00:00,0,0
1181,07/06/2021 , 03:15:00,0,0
1182,07/06/2021 , 03:30:00,0,0
1183,07/06/2021 , 03:45:00,0,0
1184,07/06/2021 , 04:00:00,0,0
1185,07/06/2021 , 04:15:00,0,0
1186,07/06/2021 , 04:30:00,0,0
1187,07/06/2021 , 04:45:00,0,0
1188,07/06/2021 , 05:00:00,0,0
1189,07/06/2021 , 05:15:00,0,0
1190,07/06/2021 , 05:30:00,0,0
1191,07/06/2021 , 05:45:00,0,0
1192,07/06/2021 , 06:00:00,0,0
1193,07/06/2021 , 06:15:00,0,0
1194,07/06/2021 , 06:30:00,0,0
1195,07/06/2021 , 06:45:00,0,0
1196,07/06/2021 , 07:00:00,0,0
1197,07/06/2021 , 07:15:00,0,0
1198,07/06/2021 , 07:30:00,0,0
1199,07/06/2021 , 07:45:00,0,0
1200,07/06/2021 , 08:00:00,0,0
1201,07/06/2021 , 08:15:00,0,0
1202,07/06/2021 , 08:30:00,0,0
1203,07/06/2021 , 08:45:00,0,0
1204,07/06/2021 , 09:00:00,0,0
1205,07/06/2021 , 09:15:00,0,0
1206,07/06/2021 , 09:30:00,0,0
1207,07/06/2021 , 09:45:00,0,0
1208,07/06/2021 , 10:00:00,0,0
1209,07/06/2021 , 10:15:00,0,0
1210,07/06/2021 , 10:30:00,0,0
1211,07/06/2021 , 10:45:00,0,0
1212,07/06/2021 , 11:00:00,0,0
1213,07/06/2021 , 11:15:00,0,0
1214,07/06/2021 , 11:30:00,0,0
1215,07/06/2021 , 11:45:00,0,0
1216,07/06/2021 , 12:00:00,0,0
1217,07/06/2021 , 12:15:00,0,0
1218,07/06/2021 , 12:30:00,0,0
1219,07/06/2021 , 12:45:00,0,0
1220,07/06/2021 , 13:00:00,0,0
1221,07/06/2021 , 13:15:00,0,0
1222,07/06/2021 , 13:30:00,0,0
1223,07/06/2021 , 13:45:00,0,0
1224,07/06/2021 , 14:00:00,0,0
1225,07/06/2021 , 14:15:00,0,0
1226,07/06/2021 , 14:30:00,0,0
1227,07/06/2021 , 14:45:00,0,0
1228,07/06/2021 , 15:00:00,0,0
1229,07/06/2021 , 15:15:00,0,0
1230,07/06/2021 , 15:30:00,0,0
1231,07/06/2021 , 15:45:00,0,0
1232,07/06/2021 , 16:00:00,0,0
1233,07/06/2021 , 16:15:00,0,0
1234,07/06/2021 , 16:30:00,0,0
1235,07/06/2021 , 16:45:00,0,0
1236,07/06/2021 , 17:00:00,0,0
1237,07/06/2021 , 17:15:00,0,0
1238,07/06/2021 , 17:30:00,0,0
1239,07/06/2021 , 17:45:00,0,0
1240,07/06/2021 , 18:00:00,0,0
1241,07/06/2021 , 18:15:00,0,0
1242,07/06/2021 , 18:30:00,0,0
1243,07/06/2021 , 18:45:00,0,0
1244,07/06/2021 , 19:00:00,0,0
1245,07/06/2021 , 19:15:00,0,0
1246,07/06/2021 , 19:30:00,0,0
1247,07/06/2021 , 19:45:00,0,0
1248,07/06/2021 , 20:00:00,0,0
1249,07/06/2021 , 20:15:00,0,0
1250,07/06/2021 , 20:30:00,0,0
1251,07/06/2021 , 20:45:00,0,0
1252,07/06/2021 , 21:00:00,0,0
1253,07/06/2021 , 21:15:00,0,0
1254,07/06/2021 , 21:30:00,0,0
1255,07/06/2021 , 21:45:00,0,0
1256,07/06/2021 , 22:00:00,0,0
1257,07/06/2021 , 22:15:00,0,0
1258,07/06/2021 , 22:30:00,0,0
1259,07/06/2021 , 22:45:00,0,0
1260,07/06/2021 , 23:00:00,0,0
1261,07/06/2021 , 23:15:00,0,0
1262,07/06/2021 , 23:30:00,0,0
1263,07/06/2021 , 23:45:00,0,0
1264,07/06/2021 , 24:00:00,0,0
1265,08/06/2021 , 00:15:00,0,0
1266,08/06/2021 , 00:30:00,0,0
1267,08/06/2021 , 00:45:00,0,0
1268,08/06/2021 , 01:00:00,0,0
1269,08/06/2021 , 01:15:00,0,0
1270,08/06/2021 , 01:30:00,0,0
1271,08/06/2021 , 01:45:00,0,0
1272,08/06/2021 , 02:00:00,0,0
1273,08/06/2021 , 02:15:00,0,0
1274,08/06/2021 , 02:30:00,0,0
1275,08/06/2021 , 02:45:00,0,0
1276,08/06/2021 , 03:00:00,0,0
1277,08/06/2021 , 03:15:00,0,0
1278,08/06/2021 , 03:30:00,0,0
1279,08/06/2021 , 03:45:00,0,0
1280,08/06/2021 , 04:00:00,0,0
1281,08/06/2021 , 04:15:00,0,0
1282,08/06/2021 , 04:30:00,0,0
1283,08/06/2021 , 04:45:00,0,0
1284,08/06/2021 , 05:00:00,0,0
1285,08/06/2021 , 05:15:00,0,0
1286,08/06/2021 , 05:30:00,0,0
1287,08/06/2021 , 05:45:00,0,0
1288,08/06/2021 , 06:00:00,0,0
1289,08/06/2021 , 06:15:00,0,0
1290,08/06/2021 , 06:30:00,0,0
1291,08/06/2021 , 06:45:00,0,0
1292,08/06/2021 , 07:00:00,0,0
1293,08/06/2021 , 07:15:00,0,0
1294,08/06/2021 , 07:30:00,0,0
1295,08/06/2021 , 07:45:00,0,0
1296,08/06/2021 , 08:00:00,0,0
1297,08/06/2021 , 08:15:00,0,0
1298,08/06/2021 , 08:30:00,0,0
1299,08/06/2021 , 08:45:00,0,0
1300,08/06/2021 , 09:00:00,0,0
1301,08/06/2021 , 09:15:00,0,0
1302,08/06/2021 , 09:30:00,0,0
1303,08/06/2021 , 09:45:00,0,0
1304,08/06/2021 , 10:00:00,0,0
1305,08/06/2021 , 10:15:00,0,0
1306,08/06/2021 , 10:30:00,0,0
1307,08/06/2021 , 10:45:00,0,0
1308,08/06/2021 , 11:00:00,0,0
1309,08/06/2021 , 11:15:00,0,0
1310,08/06/2021 , 11:30:00,0,0
1311,08/06/2021 , 11:45:00,0,0
1312,08/06/2021 , 12:00:00,0,0
1313,08/06/2021 , 12:15:00,0,0
1314,08/06/2021 , 12:30:00,0,0
1315,08/06/2021 , 12:45:00,0,0
1316,08/06/2021 , 13:00:00,0,0
1317,08/06/2021 , 13:15:00,0,0
1318,08/06/2021 , 13:30:00,0,0
1319,08/06/2021 , 13:45:00,0,0
1320,08/06/2021 , 14:00:00,0,0
1321,08/06/2021 , 14:15:00,0,0
1322,08/06/2021 , 14:30:00,0,0
1323,08/06/2021 , 14:45:00,0,0
1324,08/06/2021 , 15:00:00,0,0
1325,08/06/2021 , 15:15:00,0,0
1326,08/06/2021 , 15:30:00,0,0
1327,08/06/2021 , 15:45:00,0,0
1328,08/06/2021 , 16:00:00,0,0
1329,08/06/2021 , 16:15:00,0,0
1330,08/06/2021 , 16:30:00,0,0
1331,08/06/2021 , 16:45:00,0,0
1332,08/06/2021 , 17:00:00,0,0
1333,08/06/2021 , 17:15:00,0,0
1334,08/06/2021 , 17:30:00,0,0
1335,08/06/2021 , 17:45:00,0,0
1336,08/06/2021 , 18:00:00,0,0
1337,08/06/2021 , 18:15:00,0,0
1338,08/06/2021 , 18:30:00,0,0
1339,08/06/2021 , 18:45:00,0,0
1340,08/06/2021 , 19:00:00,0,0
1341,08/06/2021 , 19:15:00,0,0
1342,08/06/2021 , 19:30:00,0,0
1343,08/06/2021 , 19:45:00,0,0
1344,08/06/2021 , 20:00:00,0,0
1345,08/06/2021 , 20:15:00,0,0
1346,08/06/2021 , 20:30:00,0,0
1347,08/06/2021 , 20:45:00,0,0
1348,08/06/2021 , 21:00:00,0,0
1349,08/06/2021 , 21:15:00,0,0
1350,08/06/2021 , 21:30:00,0,0
1351,08/06/2021 , 21:45:00,0,0
1352,08/06/2021 , 22:00:00,0,0
1353,08/06/2021 , 22:15:00,0,0
1354,08/06/2021 , 22:30:00,0,0
1355,08/06/2021 , 22:45:00,0,0
1356,08/06/2021 , 23:00:00,0,0
1357,08/06/2021 , 23:15:00,0,0
1358,08/06/2021 , 23:30:00,0,0
1359,08/06/2021 , 23:45:00,0,0
1360,08/06/2021 , 24:00:00,0,0
1361,09/06/2021 , 00:15:00,0,0
1362,09/06/2021 , 00:30:00,0,0
1363,09/06/2021 , 00:45:00,0,0
1364,09/06/2021 , 01:00:00,0,0
1365,09/06/2021 , 01:15:00,0,0
1366,09/06/2021 , 01:30:00,0,0
1367,09/06/2021 , 01:45:00,0,0
1368,09/06/2021 , 02:00:00,0,0
1369,09/06/2021 , 02:15:00,0,0
1370,09/06/2021 , 02:30:00,0,0
1371,09/06/2021 , 02:45:00,0,0
1372,09/06/2021 , 03:00:00,0,0
1373,09/06/2021 , 03:15:00,0,0
1374,09/06/2021 , 03:30:00,0,0
1375,09/06/2021 , 03:45:00,0,0
1376,09/06/2021 , 04:00:00,0,0
1377,09/06/2021 , 04:15:00,0,0
1378,09/06/2021 , 04:30:00,0,0
1379,09/06/2021 , 04:45:00,0,0
1380,09/06/2021 , 05:00:00,0,0
1381,09/06/2021 , 05:15:00,0,0
1382,09/06/2021 , 05:30:00,0,0
1383,09/06/2021 , 05:45:00,0,0
1384,09/06/2021 , 06:00:00,0,0
1385,09/06/2021 , 06:15:00,0,0
1386,09/06/2021 , 06:30:00,0,0
1387,09/06/2021 , 06:45:00,0,0
1388,09/06/2021 , 07:00:00,0,0
1389,09/06/2021 , 07:15:00,0,0
1390,09/06/2021 , 07:30:00,0,0
1391,09/06/2021 , 07:45:00,0,0
1392,09/06/2021 , 08:00:00,0,0
1393,09/06/2021 , 08:15:00,0,0
1394,09/06/2021 , 08:30:00,0,0
1395,09/06/2021 , 08:45:00,0,0
1396,09/06/2021 , 09:00:00,0,0
1397,09/06/2021 , 09:15:00,0,0
1398,09/06/2021 , 09:30:00,0,0
1399,09/06/2021 , 09:45:00,0,0
1400,09/06/2021 , 10:00:00,0,0
1401,09/06/2021 , 10:15:00,0,0
1402,09/06/2021 , 10:30:00,0,0
1403,09/06/2021 , 10:45:00,0,0
1404,09/06/2021 , 11:00:00,0,0
1405,09/06/2021 , 11:15:00,0,0
1406,09/06/2021 , 11:30:00,0,0
1407,09/06/2021 , 11:45:00,0,0
1408,09/06/2021 , 12:00:00,0,0
1409,09/06/2021 , 12:15:00,0,0
1410,09/06/2021 , 12:30:00,0,0
1411,09/06/2021 , 12:45:00,0,0
1412,09/06/2021 , 13:00:00,0,0
1413,09/06/2021 , 13:15:00,0,0
1414,09/06/2021 , 13:30:00,0,0
1415,09/06/2021 , 13:45:00,0,0
1416,09/06/2021 , 14:00:00,0,0
1417,09/06/2021 , 14:15:00,0,0
1418,09/06/2021 , 14:30:00,0,0
1419,09/06/2021 , 14:45:00,0,0
1420,09/06/2021 , 15:00:00,0,0
1421,09/06/2021 , 15:15:00,0,0
1422,09/06/2021 , 15:30:00,0,0
1423,09/06/2021 , 15:45:00,0,0
1424,09/06/2021 , 16:00:00,0,0
1425,09/06/2021 , 16:15:00,0,0
1426,09/06/2021 , 16:30:00,0,0
1427,09/06/2021 , 16:45:00,0,0
1428,09/06/2021 , 17:00:00,0,0
1429,09/06/2021 , 17:15:00,0,0
1430,09/06/2021 , 17:30:00,0,0
1431,09/06/2021 , 17:45:00,0,0
1432,09/06/2021 , 18:00:00,0,0
1433,09/06/2021 , 18:15:00,0,0
1434,09/06/2021 , 18:30:00,0,0
1435,09/06/2021 , 18:45:00,0,0
1436,09/06/2021 , 19:00:00,0,0
1437,09/06/2021 , 19:15:00,0,0
1438,09/06/2021 , 19:30:00,0,0
1439,09/06/2021 , 19:45:00,0,0
1440,09/06/2021 , 20:00:00,0,0
1441,09/06/2021 , 20:15:00,0,0
1442,09/06/2021 , 20:30:00,0,0
1443,09/06/2021 , 20:45:00,0,0
1444,09/06/2021 , 21:00:00,0,0
1445,09/06/2021 , 21:15:00,0,0
1446,09/06/2021 , 21:30:00,0,0
1447,09/06/2021 , 21:45:00,0,0
1448,09/06/2021 , 22:00:00,0,0
1449,09/06/2021 , 22:15:00,0,0
1450,09/06/2021 , 22:30:00,0,0
1451,09/06/2021 , 22:45:00,0,0
1452,09/06/2021 , 23:00:00,0,0
1453,09/06/2021 , 23:15:00,0,0
1454,09/06/2021 , 23:30:00,0,0
1455,09/06/2021 , 23:45:00,0,0
1456,09/06/2021 , 24:00:00,0,0
1457,10/06/2021 , 00:15:00,0,0
1458,10/06/2021 , 00:30:00,0,0
1459,10/06/2021 , 00:45:00,0,0
1460,10/06/2021 , 01:00:00,0,0
1461,10/06/2021 , 01:15:00,0,0
1462,10/06/2021 , 01:30:00,0,0
1463,10/06/2021 , 01:45:00,0,0
1464,10/06/2021 , 02:00:00,0,0
1465,10/06/2021 , 02:15:00,0,0
1466,10/06/2021 , 02:30:00,0,0
1467,10/06/2021 , 02:45:00,0,0
1468,10/06/2021 , 03:00:00,0,0
1469,10/06/2021 , 03:15:00,0,0
1470,10/06/2021 , 03:30:00,0,0
1471,10/06/2021 , 03:45:00,0,0
1472,10/06/2021 , 04:00:00,0,0
1473,10/06/2021 , 04:15:00,0,0
1474,10/06/2021 , 04:30:00,0,0
1475,10/06/2021 , 04:45:00,0,0
1476,10/06/2021 , 05:00:00,0,0
1477,10/06/2021 , 05:15:00,0,0
1478,10/06/2021 , 05:30:00,0,0
1479,10/06/2021 , 05:45:00,0,0
1480,10/06/2021 , 06:00:00,0,0
1481,10/06/2021 , 06:15:00,0,0
1482,10/06/2021 , 06:30:00,0,0
1483,10/06/2021 , 06:45:00,0,0
1484,10/06/2021 , 07:00:00,0,0
1485,10/06/2021 , 07:15:00,0,0
1486,10/06/2021 , 07:30:00,0,0
1487,10/06/2021 , 07:45:00,0,0
1488,10/06/2021 , 08:00:00,0,0
1489,10/06/2021 , 08:15:00,0,0
1490,10/06/2021 , 08:30:00,0,0
1491,10/06/2021 , 08:45:00,0,0
1492,10/06/2021 , 09:00:00,0,0
1493,10/06/2021 , 09:15:00,0,0
1494,10/06/2021 , 09:30:00,0,0
1495,10/06/2021 , 09:45:00,0,0
1496,10/06/2021 , 10:00:00,0,0
1497,10/06/2021 , 10:15:00,0,0
1498,10/06/2021 , 10:30:00,0,0
1499,10/06/2021 , 10:45:00,0,0
1500,10/06/2021 , 11:00:00,0,0
1501,10/06/2021 , 11:15:00,0,0
1502,10/06/2021 , 11:30:00,0,0
1503,10/06/2021 , 11:45:00,0,0
1504,10/06/2021 , 12:00:00,0,0
1505,10/06/2021 , 12:15:00,0,0
1506,10/06/2021 , 12:30:00,0,0
1507,10/06/2021 , 12:45:00,0,0
1508,10/06/2021 , 13:00:00,0,0
1509,10/06/2021 , 13:15:00,0,0
1510,10/06/2021 , 13:30:00,0,0
1511,10/06/2021 , 13:45:00,0,0
1512,10/06/2021 , 14:00:00,0,0
1513,10/06/2021 , 14:15:00,0,0
1514,10/06/2021 , 14:30:00,0,0
1515,10/06/2021 , 14:45:00,0,0
1516,10/06/2021 , 15:00:00,0,0
1517,10/06/2021 , 15:15:00,0,0
1518,10/06/2021 , 15:30:00,0,0
1519,10/06/2021 , 15:45:00,0,0
1520,10/06/2021 , 16:00:00,0,0
1521,10/06/2021 , 16:15:00,0,0
1522,10/06/2021 , 16:30:00,0,0
1523,10/06/2021 , 16:45:00,0,0
1524,10/06/2021 , 17:00:00,0,0
1525,10/06/2021 , 17:15:00,0,0
1526,10/06/2021 , 17:30:00,0,0
1527,10/06/2021 , 17:45:00,0,0
1528,10/06/2021 , 18:00:00,0,0
1529,10/06/2021 , 18:15:00,0,0
1530,10/06/2021 , 18:30:00,0,0
1531,10/06/2021 , 18:45:00,0,0
1532,10/06/2021 , 19:00:00,0,0
1533,10/06/2021 , 19:15:00,0,0
1534,10/06/2021 , 19:30:00,0,0
1535,10/06/2021 , 19:45:00,0,0
1536,10/06/2021 , 20:00:00,0,0
1537,10/06/2021 , 20:15:00,0,0
1538,10/06/2021 , 20:30:00,0,0
1539,10/06/2021 , 20:45:00,0,0
1540,10/06/2021 , 21:00:00,0,0
1541,10/06/2021 , 21:15:00,0,0
1542,10/06/2021 , 21:30:00,0,0
1543,10/06/2021 , 21:45:00,0,0
1544,10/06/2021 , 22:00:00,0,0
1545,10/06/2021 , 22:15:00,0,0
1546,10/06/2021 , 22:30:00,0,0
1547,10/06/2021 , 22:45:00,0,0
1548,10/06/2021 , 23:00:00,0,0
1549,10/06/2021 , 23:15:00,0,0
1550,10/06/2021 , 23:30:00,0,0
1551,10/06/2021 , 23:45:00,0,0
1552,10/06/2021 , 24:00:00,0,0
1553,11/06/2021 , 00:15:00,0,0
1554,11/06/2021 , 00:30:00,0,0
1555,11/06/2021 , 00:45:00,0,0
1556,11/06/2021 , 01:00:00,0,0
1557,11/06/2021 , 01:15:00,0,0
1558,11/06/2021 , 01:30:00,0,0
1559,11/06/2021 , 01:45:00,0,0
1560,11/06/2021 , 02:00:00,0,0
1561,11/06/2021 , 02:15:00,0,0
1562,11/06/2021 , 02:30:00,0,0
1563,11/06/2021 , 02:45:00,0,0
1564,11/06/2021 , 03:00:00,0,0
1565,11/06/2021 , 03:15:00,0,0
1566,11/06/2021 , 03:30:00,0,0
1567,11/06/2021 , 03:45:00,0,0
1568,11/06/2021 , 04:00:00,0,0
1569,11/06/2021 , 04:15:00,0,0
1570,11/06/2021 , 04:30:00,0,0
1571,11/06/2021 , 04:45:00,0,0
1572,11/06/2021 , 05:00:00,0,0
1573,11/06/2021 , 05:15:00,0,0
1574,11/06/2021 , 05:30:00,0,0
1575,11/06/2021 , 05:45:00,0,0
1576,11/06/2021 , 06:00:00,0,0
1577,11/06/2021 , 06:15:00,0,0
1578,11/06/2021 , 06:30:00,0,0
1579,11/06/2021 , 06:45:00,0,0
1580,11/06/2021 , 07:00:00,0,0
1581,11/06/2021 , 07:15:00,0,0
1582,11/06/2021 , 07:30:00,0,0
1583,11/06/2021 , 07:45:00,0,0
1584,11/06/2021 , 08:00:00,0,0
1585,11/06/2021 , 08:15:00,0,0
1586,11/06/2021 , 08:30:00,0,0
1587,11/06/2021 , 08:45:00,0,0
1588,11/06/2021 , 09:00:00,0,0
1589,11/06/2021 , 09:15:00,0,0
1590,11/06/2021 , 09:30:00,0,0
1591,11/06/2021 , 09:45:00,0,0
1592,11/06/2021 , 10:00:00,0,0
1593,11/06/2021 , 10:15:00,0,0
1594,11/06/2021 , 10:30:00,0,0
1595,11/06/2021 , 10:45:00,0,0
1596,11/06/2021 , 11:00:00,0,0
1597,11/06/2021 , 11:15:00,0,0
1598,11/06/2021 , 11:30:00,0,0
1599,11/06/2021 , 11:45:00,0,0
1600,11/06/2021 , 12:00:00,0,0
1601,11/06/2021 , 12:15:00,0,0
1602,11/06/2021 , 12:30:00,0,0
1603,11/06/2021 , 12:45:00,0,0
1604,11/06/2021 , 13:00:00,0,0
1605,11/06/2021 , 13:15:00,0,0
1606,11/06/2021 , 13:30:00,0,0
1607,11/06/2021 , 13:45:00,0,0
1608,11/06/2021 , 14:00:00,0,0
1609,11/06/2021 , 14:15:00,0,0
1610,11/06/2021 , 14:30:00,0,0
1611,11/06/2021 , 14:45:00,0,0
1612,11/06/2021 , 15:00:00,0,0
1613,11/06/2021 , 15:15:00,0,0
1614,11/06/2021 , 15:30:00,0,0
1615,11/06/2021 , 15:45:00,0,0
1616,11/06/2021 , 16:00:00,0,0
1617,11/06/2021 , 16:15:00,0,0
1618,11/06/2021 , 16:30:00,0,0
1619,11/06/2021 , 16:45:00,0,0
1620,11/06/2021 , 17:00:00,0,0
1621,11/06/2021 , 17:15:00,0,0
1622,11/06/2021 , 17:30:00,0,0
1623,11/06/2021 , 17:45:00,0,0
1624,11/06/2021 , 18:00:00,0,0
1625,11/06/2021 , 18:15:00,0,0
1626,11/06/2021 , 18:30:00,0,0
1627,11/06/2021 , 18:45:00,0,0
1628,11/06/2021 , 19:00:00,0,0
1629,11/06/2021 , 19:15:00,0,0
1630,11/06/2021 , 19:30:00,0,0
1631,11/06/2021 , 19:45:00,0,0
1632,11/06/2021 , 20:00:00,0,0
1633,11/06/2021 , 20:15:00,0,0
1634,11/06/2021 , 20:30:00,0,0
1635,11/06/2021 , 20:45:00,0,0
1636,11/06/2021 , 21:00:00,0,0
1637,11/06/2021 , 21:15:00,0,0
1638,11/06/2021 , 21:30:00,0,0
1639,11/06/2021 , 21:45:00,0,0
1640,11/06/2021 , 22:00:00,0,0
1641,11/06/2021 , 22:15:00,0,0
1642,11/06/2021 , 22:30:00,0,0
1643,11/06/2021 , 22:45:00,0,0
1644,11/06/2021 , 23:00:00,0,0
1645,11/06/2021 , 23:15:00,0,0
1646,11/06/2021 , 23:30:00,0,0
1647,11/06/2021 , 23:45:00,0,0
1648,11/06/2021 , 24:00:00,0,0
1649,12/06/2021 , 00:15:00,0,0
1650,12/06/2021 , 00:30:00,0,0
1651,12/06/2021 , 00:45:00,0,0
1652,12/06/2021 , 01:00:00,0,0
1653,12/06/2021 , 01:15:00,0,0
1654,12/06/2021 , 01:30:00,0,0
1655,12/06/2021 , 01:45:00,0,0
1656,12/06/2021 , 02:00:00,0,0
1657,12/06/2021 , 02:15:00,0,0
1658,12/06/2021 , 02:30:00,0,0
1659,12/06/2021 , 02:45:00,0,0
1660,12/06/2021 , 03:00:00,0,0
1661,12/06/2021 , 03:15:00,0,0
1662,12/06/2021 , 03:30:00,0,0
1663,12/06/2021 , 03:45:00,0,0
1664,12/06/2021 , 04:00:00,0,0
1665,12/06/2021 , 04:15:00,0,0
1666,12/06/2021 , 04:30:00,0,0
1667,12/06/2021 , 04:45:00,0,0
1668,12/06/2021 , 05:00:00,0,0
1669,12/06/2021 , 05:15:00,0,0
1670,12/06/2021 , 05:30:00,0,0
1671,12/06/2021 , 05:45:00,0,0
1672,12/06/2021 , 06:00:00,0,0
1673,12/06/2021 , 06:15:00,0,0
1674,12/06/2021 , 06:30:00,0,0
1675,12/06/2021 , 06:45:00,0,0
1676,12/06/2021 , 07:00:00,0,0
1677,12/06/2021 , 07:15:00,0,0
1678,12/06/2021 , 07:30:00,0,0
1679,12/06/2021 , 07:45:00,0,0
1680,12/06/2021 , 08:00:00,0,0
1681,12/06/2021 , 08:15:00,0,0
1682,12/06/2021 , 08:30:00,0,0
1683,12/06/2021 , 08:45:00,0,0
1684,12/06/2021 , 09:00:00,0,0
1685,12/06/2021 , 09:15:00,0,0
1686,12/06/2021 , 09:30:00,0,0
1687,12/06/2021 , 09:45:00,0,0
1688,12/06/2021 , 10:00:00,0,0
1689,12/06/2021 , 10:15:00,0,0
1690,12/06/2021 , 10:30:00,0,0
1691,12/06/2021 , 10:45:00,0,0
1692,12/06/2021 , 11:00:00,0,0
1693,12/06/2021 , 11:15:00,0,0
1694,12/06/2021 , 11:30:00,0,0
1695,12/06/2021 , 11:45:00,0,0
1696,12/06/2021 , 12:00:00,0,0
1697,12/06/2021 , 12:15:00,0,0
1698,12/06/2021 , 12:30:00,0,0
1699,12/06/2021 , 12:45:00,0,0
1700,12/06/2021 , 13:00:00,0,0
1701,12/06/2021 , 13:15:00,0,0
1702,12/06/2021 , 13:30:00,0,0
1703,12/06/2021 , 13:45:00,0,0
1704,12/06/2021 , 14:00:00,0,0
1705,12/06/2021 , 14:15:00,0,0
1706,12/06/2021 , 14:30:00,0,0
1707,12/06/2021 , 14:45:00,0,0
1708,12/06/2021 , 15:00:00,0,0
1709,12/06/2021 , 15:15:00,0,0
1710,12/06/2021 , 15:30:00,0,0
1711,12/06/2021 , 15:45:00,0,0
1712,12/06/2021 , 16:00:00,0,0
1713,12/06/2021 , 16:15:00,0,0
1714,12/06/2021 , 16:30:00,0,0
1715,12/06/2021 , 16:45:00,0,0
1716,12/06/2021 , 17:00:00,0,0
1717,12/06/2021 , 17:15:00,0,0
1718,12/06/2021 , 17:30:00,0,0
1719,12/06/2021 , 17:45:00,0,0
1720,12/06/2021 , 18:00:00,0,0
1721,12/06/2021 , 18:15:00,0,0
1722,12/06/2021 , 18:30:00,0,0
1723,12/06/2021 , 18:45:00,0,0
1724,12/06/2021 , 19:00:00,0,0
1725,12/06/2021 , 19:15:00,0,0
1726,12/06/2021 , 19:30:00,0,0
1727,12/06/2021 , 19:45:00,0,0
1728,12/06/2021 , 20:00:00,0,0
1729,12/06/2021 , 20:15:00,0,0
1730,12/06/2021 , 20:30:00,0,0
1731,12/06/2021 , 20:45:00,0,0
1732,12/06/2021 , 21:00:00,0,0
1733,12/06/2021 , 21:15:00,0,0
1734,12/06/2021 , 21:30:00,0,0
1735,12/06/2021 , 21:45:00,0,0
1736,12/06/2021 , 22:00:00,0,0
1737,12/06/2021 , 22:15:00,0,0
1738,12/06/2021 , 22:30:00,0,0
1739,12/06/2021 , 22:45:00,0,0
1740,12/06/2021 , 23:00:00,0,0
1741,12/06/2021 , 23:15:00,0,0
1742,12/06/2021 , 23:30:00,0,0
1743,12/06/2021 , 23:45:00,0,0
1744,12/06/2021 , 24:00:00,0,0
1745,13/06/2021 , 00:15:00,0,0
1746,13/06/2021 , 00:30:00,0,0
1747,13/06/2021 , 00:45:00,0,0
1748,13/06/2021 , 01:00:00,0,0
1749,13/06/2021 , 01:15:00,0,0
1750,13/06/2021 , 01:30:00,0,0
1751,13/06/2021 , 01:45:00,0,0
1752,13/06/2021 , 02:00:00,0,0
1753,13/06/2021 , 02:15:00,0,0
1754,13/06/2021 , 02:30:00,0,0
1755,13/06/2021 , 02:45:00,0,0
1756,13/06/2021 , 03:00:00,0,0
1757,13/06/2021 , 03:15:00,0,0
1758,13/06/2021 , 03:30:00,0,0
1759,13/06/2021 , 03:45:00,0,0
1760,13/06/2021 , 04:00:00,0,0
1761,13/06/2021 , 04:15:00,0,0
1762,13/06/2021 , 04:30:00,0,0
1763,13/06/2021 , 04:45:00,0,0
1764,13/06/2021 , 05:00:00,0,0
1765,13/06/2021 , 05:15:00,0,0
1766,13/06/2021 , 05:30:00,0,0
1767,13/06/2021 , 05:45:00,0,0
1768,13/06/2021 , 06:00:00,0,0
1769,13/06/2021 , 06:15:00,0,0
1770,13/06/2021 , 06:30:00,0,0
1771,13/06/2021 , 06:45:00,0,0
1772,13/06/2021 , 07:00:00,0,0
1773,13/06/2021 , 07:15:00,0,0
1774,13/06/2021 , 07:30:00,0,0
1775,13/06/2021 , 07:45:00,0,0
1776,13/06/2021 , 08:00:00,0,0
1777,13/06/2021 , 08:15:00,0,0
1778,13/06/2021 , 08:30:00,0,0
1779,13/06/2021 , 08:45:00,0,0
1780,13/06/2021 , 09:00:00,0,0
1781,13/06/2021 , 09:15:00,0,0
1782,13/06/2021 , 09:30:00,0,0
1783,13/06/2021 , 09:45:00,0,0
1784,13/06/2021 , 10:00:00,0,0
1785,13/06/2021 , 10:15:00,0,0
1786,13/06/2021 , 10:30:00,0,0
1787,13/06/2021 , 10:45:00,0,0
1788,13/06/2021 , 11:00:00,0,0
1789,13/06/2021 , 11:15:00,0,0
1790,13/06/2021 , 11:30:00,0,0
1791,13/06/2021 , 11:45:00,0,0
1792,13/06/2021 , 12:00:00,0,0
1793,13/06/2021 , 12:15:00,0,0
1794,13/06/2021 , 12:30:00,0,0
1795,13/06/2021 , 12:45:00,0,0
1796,13/06/2021 , 13:00:00,0,0
1797,13/06/2021 , 13:15:00,0,0
1798,13/06/2021 , 13:30:00,0,0
1799,13/06/2021 , 13:45:00,0,0
1800,13/06/2021 , 14:00:00,0,0
1801,13/06/2021 , 14:15:00,0,0
1802,13/06/2021 , 14:30:00,0,0
1803,13/06/2021 , 14:45:00,0,0
1804,13/06/2021 , 15:00:00,0,0
1805,13/06/2021 , 15:15:00,0,0
1806,13/06/2021 , 15:30:00,0,0
1807,13/06/2021 , 15:45:00,0,0
1808,13/06/2021 , 16:00:00,0,0
1809,13/06/2021 , 16:15:00,0,0
1810,13/06/2021 , 16:30:00,0,0
1811,13/06/2021 , 16:45:00,0,0
1812,13/06/2021 , 17:00:00,0,0
1813,13/06/2021 , 17:15:00,0,0
1814,13/06/2021 , 17:30:00,0,0
1815,13/06/2021 , 17:45:00,0,0
1816,13/06/2021 , 18:00:00,0,0
1817,13/06/2021 , 18:15:00,0,0
1818,13/06/2021 , 18:30:00,0,0
1819,13/06/2021 , 18:45:00,0,0
1820,13/06/2021 , 19:00:00,0,0
1821,13/06/2021 , 19:15:00,0,0
1822,13/06/2021 , 19:30:00,0,0
1823,13/06/2021 , 19:45:00,0,0
1824,13/06/2021 , 20:00:00,0,0
1825,13/06/2021 , 20:15:00,0,0
1826,13/06/2021 , 20:30:00,0,0
1827,13/06/2021 , 20:45:00,0,0
1828,13/06/2021 , 21:00:00,0,0
1829,13/06/2021 , 21:15:00,0,0
1830,13/06/2021 , 21:30:00,0,0
1831,13/06/2021 , 21:45:00,0,0
1832,13/06/2021 , 22:00:00,0,0
1833,13/06/2021 , 22:15:00,0,0
1834,13/06/2021 , 22:30:00,0,0
1835,13/06/2021 , 22:45:00,0,0
1836,13/06/2021 , 23:00:00,0,0
1837,13/06/2021 , 23:15:00,0,0
1838,13/06/2021 , 23:30:00,0,0
1839,13/06/2021 , 23:45:00,0,0
1840,13/06/2021 , 24:00:00,0,0
1841,14/06/2021 , 00:15:00,0,0
1842,14/06/2021 , 00:30:00,0,0
1843,14/06/2021 , 00:45:00,0,0
1844,14/06/2021 , 01:00:00,0,0
1845,14/06/2021 , 01:15:00,0,0
1846,14/06/2021 , 01:30:00,0,0
1847,14/06/2021 , 01:45:00,0,0
1848,14/06/2021 , 02:00:00,0,0
1849,14/06/2021 , 02:15:00,0,0
1850,14/06/2021 , 02:30:00,0,0
1851,14/06/2021 , 02:45:00,0,0
1852,14/06/2021 , 03:00:00,0,0
1853,14/06/2021 , 03:15:00,0,0
1854,14/06/2021 , 03:30:00,0,0
1855,14/06/2021 , 03:45:00,0,0
1856,14/06/2021 , 04:00:00,0,0
1857,14/06/2021 , 04:15:00,0,0
1858,14/06/2021 , 04:30:00,0,0
1859,14/06/2021 , 04:45:00,0,0
1860,14/06/2021 , 05:00:00,0,0
1861,14/06/2021 , 05:15:00,0,0
1862,14/06/2021 , 05:30:00,0,0
1863,14/06/2021 , 05:45:00,0,0
1864,14/06/2021 , 06:00:00,0,0
1865,14/06/2021 , 06:15:00,0,0
1866,14/06/2021 , 06:30:00,0,0
1867,14/06/2021 , 06:45:00,0,0
1868,14/06/2021 , 07:00:00,0,0
1869,14/06/2021 , 07:15:00,0,0
1870,14/06/2021 , 07:30:00,0,0
1871,14/06/2021 , 07:45:00,0,0
1872,14/06/2021 , 08:00:00,0,0
1873,14/06/2021 , 08:15:00,0,0
1874,14/06/2021 , 08:30:00,0,0
1875,14/06/2021 , 08:45:00,0,0
1876,14/06/2021 , 09:00:00,0,0
1877,14/06/2021 , 09:15:00,0,0
1878,14/06/2021 , 09:30:00,0,0
1879,14/06/2021 , 09:45:00,0,0
1880,14/06/2021 , 10:00:00,0,0
1881,14/06/2021 , 10:15:00,0,0
1882,14/06/2021 , 10:30:00,0,0
1883,14/06/2021 , 10:45:00,0,0
1884,14/06/2021 , 11:00:00,0,0
1885,14/06/2021 , 11:15:00,0,0
1886,14/06/2021 , 11:30:00,0,0
1887,14/06/2021 , 11:45:00,0,0
1888,14/06/2021 , 12:00:00,0,0
1889,14/06/2021 , 12:15:00,0,0
1890,14/06/2021 , 12:30:00,0,0
1891,14/06/2021 , 12:45:00,0,0
1892,14/06/2021 , 13:00:00,0,0
1893,14/06/2021 , 13:15:00,0,0
1894,14/06/2021 , 13:30:00,0,0
1895,14/06/2021 , 13:45:00,0,0
1896,14/06/2021 , 14:00:00,0,0
1897,14/06/2021 , 14:15:00,0,0
1898,14/06/2021 , 14:30:00,0,0
1899,14/06/2021 , 14:45:00,0,0
1900,14/06/2021 , 15:00:00,0,0
1901,14/06/2021 , 15:15:00,0,0
1902,14/06/2021 , 15:30:00,0,0
1903,14/06/2021 , 15:45:00,0,0
1904,14/06/2021 , 16:00:00,0,0
1905,14/06/2021 , 16:15:00,0,0
1906,14/06/2021 , 16:30:00,0,0
1907,14/06/2021 , 16:45:00,0,0
1908,14/06/2021 , 17:00:00,0,0
1909,14/06/2021 , 17:15:00,0,0
1910,14/06/2021 , 17:30:00,0,0
1911,14/06/2021 , 17:45:00,0,0
1912,14/06/2021 , 18:00:00,0,0
1913,14/06/2021 , 18:15:00,0,0
1914,14/06/2021 , 18:30:00,0,0
1915,14/06/2021 , 18:45:00,0,0
1916,14/06/2021 , 19:00:00,0,0
1917,14/06/2021 , 19:15:00,0,0
1918,14/06/2021 , 19:30:00,0,0
1919,14/06/2021 , 19:45:00,0,0
1920,14/06/2021 , 20:00:00,0,0
1921,14/06/2021 , 20:15:00,0,0
1922,14/06/2021 , 20:30:00,0,0
1923,14/06/2021 , 20:45:00,0,0
1924,14/06/2021 , 21:00:00,0,0
1925,14/06/2021 , 21:15:00,0,0
1926,14/06/2021 , 21:30:00,0,0
1927,14/06/2021 , 21:45:00,0,0
1928,14/06/2021 , 22:00:00,0,0
1929,14/06/2021 , 22:15:00,0,0
1930,14/06/2021 , 22:30:00,0,0
1931,14/06/2021 , 22:45:00,0,0
1932,14/06/2021 , 23:00:00,0,0
1933,14/06/2021 , 23:15:00,0,0
1934,14/06/2021 , 23:30:00,0,0
1935,14/06/2021 , 23:45:00,0,0
1936,14/06/2021 , 24:00:00,0,0
1937,15/06/2021 , 00:15:00,0,0
1938,15/06/2021 , 00:30:00,0,0
1939,15/06/2021 , 00:45:00,0,0
1940,15/06/2021 , 01:00:00,0,0
1941,15/06/2021 , 01:15:00,0,0
1942,15/06/2021 , 01:30:00,0,0
1943,15/06/2021 , 01:45:00,0,0
1944,15/06/2021 , 02:00:00,0,0
1945,15/06/2021 , 02:15:00,0,0
1946,15/06/2021 , 02:30:00,0,0
1947,15/06/2021 , 02:45:00,0,0
1948,15/06/2021 , 03:00:00,0,0
1949,15/06/2021 , 03:15:00,0,0
1950,15/06/2021 , 03:30:00,0,0
1951,15/06/2021 , 03:45:00,0,0
1952,15/06/2021 , 04:00:00,0,0
1953,15/06/2021 , 04:15:00,0,0
1954,15/06/2021 , 04:30:00,0,0
1955,15/06/2021 , 04:45:00,0,0
1956,15/06/2021 , 05:00:00,0,0
1957,15/06/2021 , 05:15:00,0,0
1958,15/06/2021 , 05:30:00,0,0
1959,15/06/2021 , 05:45:00,0,0
1960,15/06/2021 , 06:00:00,0,0
1961,15/06/2021 , 06:15:00,0,0
1962,15/06/2021 , 06:30:00,0,0
1963,15/06/2021 , 06:45:00,0,0
1964,15/06/2021 , 07:00:00,0,0
1965,15/06/2021 , 07:15:00,0,0
1966,15/06/2021 , 07:30:00,0,0
1967,15/06/2021 , 07:45:00,0,0
1968,15/06/2021 , 08:00:00,0,0
1969,15/06/2021 , 08:15:00,0,0
1970,15/06/2021 , 08:30:00,0,0
1971,15/06/2021 , 08:45:00,0,0
1972,15/06/2021 , 09:00:00,0,0
1973,15/06/2021 , 09:15:00,0,0
1974,15/06/2021 , 09:30:00,0,0
1975,15/06/2021 , 09:45:00,0,0
1976,15/06/2021 , 10:00:00,0,0
1977,15/06/2021 , 10:15:00,0,0
1978,15/06/2021 , 10:30:00,0,0
1979,15/06/2021 , 10:45:00,0,0
1980,15/06/2021 , 11:00:00,0,0
1981,15/06/2021 , 11:15:00,0,0
1982,15/06/2021 , 11:30:00,0,0
1983,15/06/2021 , 11:45:00,0,0
1984,15/06/2021 , 12:00:00,0,0
1985,15/06/2021 , 12:15:00,0,0
1986,15/06/2021 , 12:30:00,0,0
1987,15/06/2021 , 12:45:00,0,0
1988,15/06/2021 , 13:00:00,0,0
1989,15/06/2021 , 13:15:00,0,0
1990,15/06/2021 , 13:30:00,0,0
1991,15/06/2021 , 13:45:00,0,0
1992,15/06/2021 , 14:00:00,0,0
1993,15/06/2021 , 14:15:00,0,0
1994,15/06/2021 , 14:30:00,0,0
1995,15/06/2021 , 14:45:00,0,0
1996,15/06/2021 , 15:00:00,0,0
1997,15/06/2021 , 15:15:00,0,0
1998,15/06/2021 , 15:30:00,0,0
1999,15/06/2021 , 15:45:00,0,0
2000,15/06/2021 , 16:00:00,0,0
2001,15/06/2021 , 16:15:00,0,0
2002,15/06/2021 , 16:30:00,0,0
2003,15/06/2021 , 16:45:00,0,0
2004,15/06/2021 , 17:00:00,0,0
2005,15/06/2021 , 17:15:00,0,0
2006,15/06/2021 , 17:30:00,0,0
2007,15/06/2021 , 17:45:00,0,0
2008,15/06/2021 , 18:00:00,0,0
2009,15/06/2021 , 18:15:00,0,0
2010,15/06/2021 , 18:30:00,0,0
2011,15/06/2021 , 18:45:00,0,0
2012,15/06/2021 , 19:00:00,0,0
2013,15/06/2021 , 19:15:00,0,0
2014,15/06/2021 , 19:30:00,0,0
2015,15/06/2021 , 19:45:00,0,0
2016,15/06/2021 , 20:00:00,0,0
2017,15/06/2021 , 20:15:00,0,0
2018,15/06/2021 , 20:30:00,0,0
2019,15/06/2021 , 20:45:00,0,0
2020,15/06/2021 , 21:00:00,0,0
2021,15/06/2021 , 21:15:00,0,0
2022,15/06/2021 , 21:30:00,0,0
2023,15/06/2021 , 21:45:00,0,0
2024,15/06/2021 , 22:00:00,0,0
2025,15/06/2021 , 22:15:00,0,0
2026,15/06/2021 , 22:30:00,0,0
2027,15/06/2021 , 22:45:00,0,0
2028,15/06/2021 , 23:00:00,0,0
2029,15/06/2021 , 23:15:00,0,0
2030,15/06/2021 , 23:30:00,0,0
2031,15/06/2021 , 23:45:00,0,0
2032,15/06/2021 , 24:00:00,0,0
2033,16/06/2021 , 00:15:00,0,0
2034,16/06/2021 , 00:30:00,0,0
2035,16/06/2021 , 00:45:00,0,0
2036,16/06/2021 , 01:00:00,0,0
2037,16/06/2021 , 01:15:00,0,0
2038,16/06/2021 , 01:30:00,0,0
2039,16/06/2021 , 01:45:00,0,0
2040,16/06/2021 , 02:00:00,0,0
2041,16/06/2021 , 02:15:00,0,0
2042,16/06/2021 , 02:30:00,0,0
2043,16/06/2021 , 02:45:00,0,0
2044,16/06/2021 , 03:00:00,0,0
2045,16/06/2021 , 03:15:00,0,0
2046,16/06/2021 , 03:30:00,0,0
2047,16/06/2021 , 03:45:00,0,0
2048,16/06/2021 , 04:00:00,0,0
2049,16/06/2021 , 04:15:00,0,0
2050,16/06/2021 , 04:30:00,0,0
2051,16/06/2021 , 04:45:00,0,0
2052,16/06/2021 , 05:00:00,0,0
2053,16/06/2021 , 05:15:00,0,0
2054,16/06/2021 , 05:30:00,0,0
2055,16/06/2021 , 05:45:00,0,0
2056,16/06/2021 , 06:00:00,0,0
2057,16/06/2021 , 06:15:00,0,0
2058,16/06/2021 , 06:30:00,0,0
2059,16/06/2021 , 06:45:00,0,0
2060,16/06/2021 , 07:00:00,0,0
2061,16/06/2021 , 07:15:00,0,0
2062,16/06/2021 , 07:30:00,0,0
2063,16/06/2021 , 07:45:00,0,0
2064,16/06/2021 , 08:00:00,0,0
2065,16/06/2021 , 08:15:00,0,0
2066,16/06/2021 , 08:30:00,0,0
2067,16/06/2021 , 08:45:00,0,0
2068,16/06/2021 , 09:00:00,0,0
2069,16/06/2021 , 09:15:00,0,0
2070,16/06/2021 , 09:30:00,0,0
2071,16/06/2021 , 09:45:00,0,0
2072,16/06/2021 , 10:00:00,0,0
2073,16/06/2021 , 10:15:00,0,0
2074,16/06/2021 , 10:30:00,0,0
2075,16/06/2021 , 10:45:00,0,0
2076,16/06/2021 , 11:00:00,0,0
2077,16/06/2021 , 11:15:00,0,0
2078,16/06/2021 , 11:30:00,0,0
2079,16/06/2021 , 11:45:00,0,0
2080,16/06/2021 , 12:00:00,0,0
2081,16/06/2021 , 12:15:00,0,0
2082,16/06/2021 , 12:30:00,0,0
2083,16/06/2021 , 12:45:00,0,0
2084,16/06/2021 , 13:00:00,0,0
2085,16/06/2021 , 13:15:00,0,0
2086,16/06/2021 , 13:30:00,0,0
2087,16/06/2021 , 13:45:00,0,0
2088,16/06/2021 , 14:00:00,0,0
2089,16/06/2021 , 14:15:00,0,0
2090,16/06/2021 , 14:30:00,0,0
2091,16/06/2021 , 14:45:00,0,0
2092,16/06/2021 , 15:00:00,0,0
2093,16/06/2021 , 15:15:00,0,0
2094,16/06/2021 , 15:30:00,0,0
2095,16/06/2021 , 15:45:00,0,0
2096,16/06/2021 , 16:00:00,0,0
2097,16/06/2021 , 16:15:00,0,0
2098,16/06/2021 , 16:30:00,0,0
2099,16/06/2021 , 16:45:00,0,0
2100,16/06/2021 , 17:00:00,0,0
2101,16/06/2021 , 17:15:00,0,0
2102,16/06/2021 , 17:30:00,0,0
2103,16/06/2021 , 17:45:00,0,0
2104,16/06/2021 , 18:00:00,0,0
2105,16/06/2021 , 18:15:00,0,0
2106,16/06/2021 , 18:30:00,0,0
2107,16/06/2021 , 18:45:00,0,0
2108,16/06/2021 , 19:00:00,0,0
2109,16/06/2021 , 19:15:00,0,0
2110,16/06/2021 , 19:30:00,0,0
2111,16/06/2021 , 19:45:00,0,0
2112,16/06/2021 , 20:00:00,0,0
2113,16/06/2021 , 20:15:00,0,0
2114,16/06/2021 , 20:30:00,0,0
2115,16/06/2021 , 20:45:00,0,0
2116,16/06/2021 , 21:00:00,0,0
2117,16/06/2021 , 21:15:00,0,0
2118,16/06/2021 , 21:30:00,0,0
2119,16/06/2021 , 21:45:00,0,0
2120,16/06/2021 , 22:00:00,0,0
2121,16/06/2021 , 22:15:00,0,0
2122,16/06/2021 , 22:30:00,0,0
2123,16/06/2021 , 22:45:00,0,0
2124,16/06/2021 , 23:00:00,0,0
2125,16/06/2021 , 23:15:00,0,0
2126,16/06/2021 , 23:30:00,0,0
2127,16/06/2021 , 23:45:00,0,0
2128,16/06/2021 , 24:00:00,0,0
2129,17/06/2021 , 00:15:00,0,0
2130,17/06/2021 , 00:30:00,0,0
2131,17/06/2021 , 00:45:00,0,0
2132,17/06/2021 , 01:00:00,0,0
2133,17/06/2021 , 01:15:00,0,0
2134,17/06/2021 , 01:30:00,0,0
2135,17/06/2021 , 01:45:00,0,0
2136,17/06/2021 , 02:00:00,0,0
2137,17/06/2021 , 02:15:00,0,0
2138,17/06/2021 , 02:30:00,0,0
2139,17/06/2021 , 02:45:00,0,0
2140,17/06/2021 , 03:00:00,0,0
2141,17/06/2021 , 03:15:00,0,0
2142,17/06/2021 , 03:30:00,0,0
2143,17/06/2021 , 03:45:00,0,0
2144,17/06/2021 , 04:00:00,0,0
2145,17/06/2021 , 04:15:00,0,0
2146,17/06/2021 , 04:30:00,0,0
2147,17/06/2021 , 04:45:00,0,0
2148,17/06/2021 , 05:00:00,0,0
2149,17/06/2021 , 05:15:00,0,0
2150,17/06/2021 , 05:30:00,0,0
2151,17/06/2021 , 05:45:00,0,0
2152,17/06/2021 , 06:00:00,0,0
2153,17/06/2021 , 06:15:00,0,0
2154,17/06/2021 , 06:30:00,0,0
2155,17/06/2021 , 06:45:00,0,0
2156,17/06/2021 , 07:00:00,0,0
2157,17/06/2021 , 07:15:00,0,0
2158,17/06/2021 , 07:30:00,0,0
2159,17/06/2021 , 07:45:00,0,0
2160,17/06/2021 , 08:00:00,0,0
2161,17/06/2021 , 08:15:00,0,0
2162,17/06/2021 , 08:30:00,0,0
2163,17/06/2021 , 08:45:00,0,0
2164,17/06/2021 , 09:00:00,0,0
2165,17/06/2021 , 09:15:00,0,0
2166,17/06/2021 , 09:30:00,0,0
2167,17/06/2021 , 09:45:00,0,0
2168,17/06/2021 , 10:00:00,0,0
2169,17/06/2021 , 10:15:00,0,0
2170,17/06/2021 , 10:30:00,0,0
2171,17/06/2021 , 10:45:00,0,0
2172,17/06/2021 , 11:00:00,0,0
2173,17/06/2021 , 11:15:00,0,0
2174,17/06/2021 , 11:30:00,0,0
2175,17/06/2021 , 11:45:00,0,0
2176,17/06/2021 , 12:00:00,0,0
2177,17/06/2021 , 12:15:00,0,0
2178,17/06/2021 , 12:30:00,0,0
2179,17/06/2021 , 12:45:00,0,0
2180,17/06/2021 , 13:00:00,0,0
2181,17/06/2021 , 13:15:00,0,0
2182,17/06/2021 , 13:30:00,0,0
2183,17/06/2021 , 13:45:00,0,0
2184,17/06/2021 , 14:00:00,0,0
2185,17/06/2021 , 14:15:00,0,0
2186,17/06/2021 , 14:30:00,0,0
2187,17/06/2021 , 14:45:00,0,0
2188,17/06/2021 , 15:00:00,0,0
2189,17/06/2021 , 15:15:00,0,0
2190,17/06/2021 , 15:30:00,0,0
2191,17/06/2021 , 15:45:00,0,0
2192,17/06/2021 , 16:00:00,0,0
2193,17/06/2021 , 16:15:00,0,0
2194,17/06/2021 , 16:30:00,0,0
2195,17/06/2021 , 16:45:00,0,0
2196,17/06/2021 , 17:00:00,0,0
2197,17/06/2021 , 17:15:00,0,0
2198,17/06/2021 , 17:30:00,0,0
2199,17/06/2021 , 17:45:00,0,0
2200,17/06/2021 , 18:00:00,0,0
2201,17/06/2021 , 18:15:00,0,0
2202,17/06/2021 , 18:30:00,0,0
2203,17/06/2021 , 18:45:00,0,0
2204,17/06/2021 , 19:00:00,0,0
2205,17/06/2021 , 19:15:00,0,0
2206,17/06/2021 , 19:30:00,0,0
2207,17/06/2021 , 19:45:00,0,0
2208,17/06/2021 , 20:00:00,0,0
2209,17/06/2021 , 20:15:00,0,0
2210,17/06/2021 , 20:30:00,0,0
2211,17/06/2021 , 20:45:00,0,0
2212,17/06/2021 , 21:00:00,0,0
2213,17/06/2021 , 21:15:00,0,0
2214,17/06/2021 , 21:30:00,0,0
2215,17/06/2021 , 21:45:00,0,0
2216,17/06/2021 , 22:00:00,0,0
2217,17/06/2021 , 22:15:00,0,0
2218,17/06/2021 , 22:30:00,0,0
2219,17/06/2021 , 22:45:00,0,0
2220,17/06/2021 , 23:00:00,0,0
2221,17/06/2021 , 23:15:00,0,0
2222,17/06/2021 , 23:30:00,0,0
2223,17/06/2021 , 23:45:00,0,0
2224,17/06/2021 , 24:00:00,0,0
2225,18/06/2021 , 00:15:00,0,0
2226,18/06/2021 , 00:30:00,0,0
2227,18/06/2021 , 00:45:00,0,0
2228,18/06/2021 , 01:00:00,0,0
2229,18/06/2021 , 01:15:00,0,0
2230,18/06/2021 , 01:30:00,0,0
2231,18/06/2021 , 01:45:00,0,0
2232,18/06/2021 , 02:00:00,0,0
2233,18/06/2021 , 02:15:00,0,0
2234,18/06/2021 , 02:30:00,0,0
2235,18/06/2021 , 02:45:00,0,0
2236,18/06/2021 , 03:00:00,0,0
2237,18/06/2021 , 03:15:00,0,0
2238,18/06/2021 , 03:30:00,0,0
2239,18/06/2021 , 03:45:00,0,0
2240,18/06/2021 , 04:00:00,0,0
2241,18/06/2021 , 04:15:00,0,0
2242,18/06/2021 , 04:30:00,0,0
2243,18/06/2021 , 04:45:00,0,0
2244,18/06/2021 , 05:00:00,0,0
2245,18/06/2021 , 05:15:00,0,0
2246,18/06/2021 , 05:30:00,0,0
2247,18/06/2021 , 05:45:00,0,0
2248,18/06/2021 , 06:00:00,0,0
2249,18/06/2021 , 06:15:00,0,0
2250,18/06/2021 , 06:30:00,0,0
2251,18/06/2021 , 06:45:00,0,0
2252,18/06/2021 , 07:00:00,0,0
2253,18/06/2021 , 07:15:00,0,0
2254,18/06/2021 , 07:30:00,0,0
2255,18/06/2021 , 07:45:00,0,0
2256,18/06/2021 , 08:00:00,0,0
2257,18/06/2021 , 08:15:00,0,0
2258,18/06/2021 , 08:30:00,0,0
2259,18/06/2021 , 08:45:00,0,0
2260,18/06/2021 , 09:00:00,0,0
2261,18/06/2021 , 09:15:00,0,0
2262,18/06/2021 , 09:30:00,0,0
2263,18/06/2021 , 09:45:00,0,0
2264,18/06/2021 , 10:00:00,0,0
2265,18/06/2021 , 10:15:00,0,0
2266,18/06/2021 , 10:30:00,0,0
2267,18/06/2021 , 10:45:00,0,0
2268,18/06/2021 , 11:00:00,0,0
2269,18/06/2021 , 11:15:00,0,0
2270,18/06/2021 , 11:30:00,0,0
2271,18/06/2021 , 11:45:00,0,0
2272,18/06/2021 , 12:00:00,0,0
2273,18/06/2021 , 12:15:00,0,0
2274,18/06/2021 , 12:30:00,0,0
2275,18/06/2021 , 12:45:00,0,0
2276,18/06/2021 , 13:00:00,0,0
2277,18/06/2021 , 13:15:00,0,0
2278,18/06/2021 , 13:30:00,0,0
2279,18/06/2021 , 13:45:00,0,0
2280,18/06/2021 , 14:00:00,0,0
2281,18/06/2021 , 14:15:00,0,0
2282,18/06/2021 , 14:30:00,0,0
2283,18/06/2021 , 14:45:00,0,0
2284,18/06/2021 , 15:00:00,0,0
2285,18/06/2021 , 15:15:00,0,0
2286,18/06/2021 , 15:30:00,0,0
2287,18/06/2021 , 15:45:00,0,0
2288,18/06/2021 , 16:00:00,0,0
2289,18/06/2021 , 16:15:00,0,0
2290,18/06/2021 , 16:30:00,0,0
2291,18/06/2021 , 16:45:00,0,0
2292,18/06/2021 , 17:00:00,0,0
2293,18/06/2021 , 17:15:00,0,0
2294,18/06/2021 , 17:30:00,0,0
2295,18/06/2021 , 17:45:00,0,0
2296,18/06/2021 , 18:00:00,0,0
2297,18/06/2021 , 18:15:00,0,0
2298,18/06/2021 , 18:30:00,0,0
2299,18/06/2021 , 18:45:00,0,0
2300,18/06/2021 , 19:00:00,0,0
2301,18/06/2021 , 19:15:00,0,0
2302,18/06/2021 , 19:30:00,0,0
2303,18/06/2021 , 19:45:00,0,0
2304,18/06/2021 , 20:00:00,0,0
2305,18/06/2021 , 20:15:00,0,0
2306,18/06/2021 , 20:30:00,0,0
2307,18/06/2021 , 20:45:00,0,0
2308,18/06/2021 , 21:00:00,0,0
2309,18/06/2021 , 21:15:00,0,0
2310,18/06/2021 , 21:30:00,0,0
2311,18/06/2021 , 21:45:00,0,0
2312,18/06/2021 , 22:00:00,0,0
2313,18/06/2021 , 22:15:00,0,0
2314,18/06/2021 , 22:30:00,0,0
2315,18/06/2021 , 22:45:00,0,0
2316,18/06/2021 , 23:00:00,0,0
2317,18/06/2021 , 23:15:00,0,0
2318,18/06/2021 , 23:30:00,0,0
2319,18/06/2021 , 23:45:00,0,0
2320,18/06/2021 , 24:00:00,0,0
2321,19/06/2021 , 00:15:00,0,0
2322,19/06/2021 , 00:30:00,0,0
2323,19/06/2021 , 00:45:00,0,0
2324,19/06/2021 , 01:00:00,0,0
2325,19/06/2021 , 01:15:00,0,0
2326,19/06/2021 , 01:30:00,0,0
2327,19/06/2021 , 01:45:00,0,0
2328,19/06/2021 , 02:00:00,0,0
2329,19/06/2021 , 02:15:00,0,0
2330,19/06/2021 , 02:30:00,0,0
2331,19/06/2021 , 02:45:00,0,0
2332,19/06/2021 , 03:00:00,0,0
2333,19/06/2021 , 03:15:00,0,0
2334,19/06/2021 , 03:30:00,0,0
2335,19/06/2021 , 03:45:00,0,0
2336,19/06/2021 , 04:00:00,0,0
2337,19/06/2021 , 04:15:00,0,0
2338,19/06/2021 , 04:30:00,0,0
2339,19/06/2021 , 04:45:00,0,0
2340,19/06/2021 , 05:00:00,0,0
2341,19/06/2021 , 05:15:00,0,0
2342,19/06/2021 , 05:30:00,0,0
2343,19/06/2021 , 05:45:00,0,0
2344,19/06/2021 , 06:00:00,0,0
2345,19/06/2021 , 06:15:00,0,0
2346,19/06/2021 , 06:30:00,0,0
2347,19/06/2021 , 06:45:00,0,0
2348,19/06/2021 , 07:00:00,0,0
2349,19/06/2021 , 07:15:00,0,0
2350,19/06/2021 , 07:30:00,0,0
2351,19/06/2021 , 07:45:00,0,0
2352,19/06/2021 , 08:00:00,0,0
2353,19/06/2021 , 08:15:00,0,0
2354,19/06/2021 , 08:30:00,0,0
2355,19/06/2021 , 08:45:00,0,0
2356,19/06/2021 , 09:00:00,0,0
2357,19/06/2021 , 09:15:00,0,0
2358,19/06/2021 , 09:30:00,0,0
2359,19/06/2021 , 09:45:00,0,0
2360,19/06/2021 , 10:00:00,0,0
2361,19/06/2021 , 10:15:00,0,0
2362,19/06/2021 , 10:30:00,0,0
2363,19/06/2021 , 10:45:00,0,0
2364,19/06/2021 , 11:00:00,0,0
2365,19/06/2021 , 11:15:00,0,0
2366,19/06/2021 , 11:30:00,0,0
2367,19/06/2021 , 11:45:00,0,0
2368,19/06/2021 , 12:00:00,0,0
2369,19/06/2021 , 12:15:00,0,0
2370,19/06/2021 , 12:30:00,0,0
2371,19/06/2021 , 12:45:00,0,0
2372,19/06/2021 , 13:00:00,0,0
2373,19/06/2021 , 13:15:00,0,0
2374,19/06/2021 , 13:30:00,0,0
2375,19/06/2021 , 13:45:00,0,0
2376,19/06/2021 , 14:00:00,0,0
2377,19/06/2021 , 14:15:00,0,0
2378,19/06/2021 , 14:30:00,0,0
2379,19/06/2021 , 14:45:00,0,0
2380,19/06/2021 , 15:00:00,0,0
2381,19/06/2021 , 15:15:00,0,0
2382,19/06/2021 , 15:30:00,0,0
2383,19/06/2021 , 15:45:00,0,0
2384,19/06/2021 , 16:00:00,0,0
2385,19/06/2021 , 16:15:00,0,0
2386,19/06/2021 , 16:30:00,0,0
2387,19/06/2021 , 16:45:00,0,0
2388,19/06/2021 , 17:00:00,0,0
2389,19/06/2021 , 17:15:00,0,0
2390,19/06/2021 , 17:30:00,0,0
2391,19/06/2021 , 17:45:00,0,0
2392,19/06/2021 , 18:00:00,0,0
2393,19/06/2021 , 18:15:00,0,0
2394,19/06/2021 , 18:30:00,0,0
2395,19/06/2021 , 18:45:00,0,0
2396,19/06/2021 , 19:00:00,0,0
2397,19/06/2021 , 19:15:00,0,0
2398,19/06/2021 , 19:30:00,0,0
2399,19/06/2021 , 19:45:00,0,0
2400,19/06/2021 , 20:00:00,0,0
2401,19/06/2021 , 20:15:00,0,0
2402,19/06/2021 , 20:30:00,0,0
2403,19/06/2021 , 20:45:00,0,0
2404,19/06/2021 , 21:00:00,0,0
2405,19/06/2021 , 21:15:00,0,0
2406,19/06/2021 , 21:30:00,0,0
2407,19/06/2021 , 21:45:00,0,0
2408,19/06/2021 , 22:00:00,0,0
2409,19/06/2021 , 22:15:00,0,0
2410,19/06/2021 , 22:30:00,0,0
2411,19/06/2021 , 22:45:00,0,0
2412,19/06/2021 , 23:00:00,0,0
2413,19/06/2021 , 23:15:00,0,0
2414,19/06/2021 , 23:30:00,0,0
2415,19/06/2021 , 23:45:00,0,0
2416,19/06/2021 , 24:00:00,0,0
2417,20/06/2021 , 00:15:00,0,0
2418,20/06/2021 , 00:30:00,0,0
2419,20/06/2021 , 00:45:00,0,0
2420,20/06/2021 , 01:00:00,0,0
2421,20/06/2021 , 01:15:00,0,0
2422,20/06/2021 , 01:30:00,0,0
2423,20/06/2021 , 01:45:00,0,0
2424,20/06/2021 , 02:00:00,0,0
2425,20/06/2021 , 02:15:00,0,0
2426,20/06/2021 , 02:30:00,0,0
2427,20/06/2021 , 02:45:00,0,0
2428,20/06/2021 , 03:00:00,0,0
2429,20/06/2021 , 03:15:00,0,0
2430,20/06/2021 , 03:30:00,0,0
2431,20/06/2021 , 03:45:00,0,0
2432,20/06/2021 , 04:00:00,0,0
2433,20/06/2021 , 04:15:00,0,0
2434,20/06/2021 , 04:30:00,0,0
2435,20/06/2021 , 04:45:00,0,0
2436,20/06/2021 , 05:00:00,0,0
2437,20/06/2021 , 05:15:00,0,0
2438,20/06/2021 , 05:30:00,0,0
2439,20/06/2021 , 05:45:00,0,0
2440,20/06/2021 , 06:00:00,0,0
2441,20/06/2021 , 06:15:00,0,0
2442,20/06/2021 , 06:30:00,0,0
2443,20/06/2021 , 06:45:00,0,0
2444,20/06/2021 , 07:00:00,0,0
2445,20/06/2021 , 07:15:00,0,0
2446,20/06/2021 , 07:30:00,0,0
2447,20/06/2021 , 07:45:00,0,0
2448,20/06/2021 , 08:00:00,0,0
2449,20/06/2021 , 08:15:00,0,0
2450,20/06/2021 , 08:30:00,0,0
2451,20/06/2021 , 08:45:00,0,0
2452,20/06/2021 , 09:00:00,0,0
2453,20/06/2021 , 09:15:00,0,0
2454,20/06/2021 , 09:30:00,0,0
2455,20/06/2021 , 09:45:00,0,0
2456,20/06/2021 , 10:00:00,0,0
2457,20/06/2021 , 10:15:00,0,0
2458,20/06/2021 , 10:30:00,0,0
2459,20/06/2021 , 10:45:00,0,0
2460,20/06/2021 , 11:00:00,0,0
2461,20/06/2021 , 11:15:00,0,0
2462,20/06/2021 , 11:30:00,0,0
2463,20/06/2021 , 11:45:00,0,0
2464,20/06/2021 , 12:00:00,0,0
2465,20/06/2021 , 12:15:00,0,0
2466,20/06/2021 , 12:30:00,0,0
2467,20/06/2021 , 12:45:00,0,0
2468,20/06/2021 , 13:00:00,0,0
2469,20/06/2021 , 13:15:00,0,0
2470,20/06/2021 , 13:30:00,0,0
2471,20/06/2021 , 13:45:00,0,0
2472,20/06/2021 , 14:00:00,0,0
2473,20/06/2021 , 14:15:00,0,0
2474,20/06/2021 , 14:30:00,0,0
2475,20/06/2021 , 14:45:00,0,0
2476,20/06/2021 , 15:00:00,0,0
2477,20/06/2021 , 15:15:00,0,0
2478,20/06/2021 , 15:30:00,0,0
2479,20/06/2021 , 15:45:00,0,0
2480,20/06/2021 , 16:00:00,0,0
2481,20/06/2021 , 16:15:00,0,0
2482,20/06/2021 , 16:30:00,0,0
2483,20/06/2021 , 16:45:00,0,0
2484,20/06/2021 , 17:00:00,0,0
2485,20/06/2021 , 17:15:00,0,0
2486,20/06/2021 , 17:30:00,0,0
2487,20/06/2021 , 17:45:00,0,0
2488,20/06/2021 , 18:00:00,0,0
2489,20/06/2021 , 18:15:00,0,0
2490,20/06/2021 , 18:30:00,0,0
2491,20/06/2021 , 18:45:00,0,0
2492,20/06/2021 , 19:00:00,0,0
2493,20/06/2021 , 19:15:00,0,0
2494,20/06/2021 , 19:30:00,0,0
2495,20/06/2021 , 19:45:00,0,0
2496,20/06/2021 , 20:00:00,0,0
2497,20/06/2021 , 20:15:00,0,0
2498,20/06/2021 , 20:30:00,0,0
2499,20/06/2021 , 20:45:00,0,0
2500,20/06/2021 , 21:00:00,0,0
2501,20/06/2021 , 21:15:00,0,0
2502,20/06/2021 , 21:30:00,0,0
2503,20/06/2021 , 21:45:00,0,0
2504,20/06/2021 , 22:00:00,0,0
2505,20/06/2021 , 22:15:00,0,0
2506,20/06/2021 , 22:30:00,0,0
2507,20/06/2021 , 22:45:00,0,0
2508,20/06/2021 , 23:00:00,0,0
2509,20/06/2021 , 23:15:00,0,0
2510,20/06/2021 , 23:30:00,0,0
2511,20/06/2021 , 23:45:00,0,0
2512,20/06/2021 , 24:00:00,0,0
2513,21/06/2021 , 00:15:00,0,0
2514,21/06/2021 , 00:30:00,0,0
2515,21/06/2021 , 00:45:00,0,0
2516,21/06/2021 , 01:00:00,0,0
2517,21/06/2021 , 01:15:00,0,0
2518,21/06/2021 , 01:30:00,0,0
2519,21/06/2021 , 01:45:00,0,0
2520,21/06/2021 , 02:00:00,0,0
2521,21/06/2021 , 02:15:00,0,0
2522,21/06/2021 , 02:30:00,0,0
2523,21/06/2021 , 02:45:00,0,0
2524,21/06/2021 , 03:00:00,0,0
2525,21/06/2021 , 03:15:00,0,0
2526,21/06/2021 , 03:30:00,0,0
2527,21/06/2021 , 03:45:00,0,0
2528,21/06/2021 , 04:00:00,0,0
2529,21/06/2021 , 04:15:00,0,0
2530,21/06/2021 , 04:30:00,0,0
2531,21/06/2021 , 04:45:00,0,0
2532,21/06/2021 , 05:00:00,0,0
2533,21/06/2021 , 05:15:00,0,0
2534,21/06/2021 , 05:30:00,0,0
2535,21/06/2021 , 05:45:00,0,0
2536,21/06/2021 , 06:00:00,0,0
2537,21/06/2021 , 06:15:00,0,0
2538,21/06/2021 , 06:30:00,0,0
2539,21/06/2021 , 06:45:00,0,0
2540,21/06/2021 , 07:00:00,0,0
2541,21/06/2021 , 07:15:00,0,0
2542,21/06/2021 , 07:30:00,0,0
2543,21/06/2021 , 07:45:00,0,0
2544,21/06/2021 , 08:00:00,0,0
2545,21/06/2021 , 08:15:00,0,0
2546,21/06/2021 , 08:30:00,0,0
2547,21/06/2021 , 08:45:00,0,0
2548,21/06/2021 , 09:00:00,0,0
2549,21/06/2021 , 09:15:00,0,0
2550,21/06/2021 , 09:30:00,0,0
2551,21/06/2021 , 09:45:00,0,0
2552,21/06/2021 , 10:00:00,0,0
2553,21/06/2021 , 10:15:00,0,0
2554,21/06/2021 , 10:30:00,0,0
2555,21/06/2021 , 10:45:00,0,0
2556,21/06/2021 , 11:00:00,0,0
2557,21/06/2021 , 11:15:00,0,0
2558,21/06/2021 , 11:30:00,0,0
2559,21/06/2021 , 11:45:00,0,0
2560,21/06/2021 , 12:00:00,0,0
2561,21/06/2021 , 12:15:00,0,0
2562,21/06/2021 , 12:30:00,0,0
2563,21/06/2021 , 12:45:00,0,0
2564,21/06/2021 , 13:00:00,0,0
2565,21/06/2021 , 13:15:00,0,0
2566,21/06/2021 , 13:30:00,0,0
2567,21/06/2021 , 13:45:00,0,0
2568,21/06/2021 , 14:00:00,0,0
2569,21/06/2021 , 14:15:00,0,0
2570,21/06/2021 , 14:30:00,0,0
2571,21/06/2021 , 14:45:00,0,0
2572,21/06/2021 , 15:00:00,0,0
2573,21/06/2021 , 15:15:00,0,0
2574,21/06/2021 , 15:30:00,0,0
2575,21/06/2021 , 15:45:00,0,0
2576,21/06/2021 , 16:00:00,0,0
2577,21/06/2021 , 16:15:00,0,0
2578,21/06/2021 , 16:30:00,0,0
2579,21/06/2021 , 16:45:00,0,0
2580,21/06/2021 , 17:00:00,0,0
2581,21/06/2021 , 17:15:00,0,0
2582,21/06/2021 , 17:30:00,0,0
2583,21/06/2021 , 17:45:00,0,0
2584,21/06/2021 , 18:00:00,0,0
2585,21/06/2021 , 18:15:00,0,0
2586,21/06/2021 , 18:30:00,0,0
2587,21/06/2021 , 18:45:00,0,0
2588,21/06/2021 , 19:00:00,0,0
2589,21/06/2021 , 19:15:00,0,0
2590,21/06/2021 , 19:30:00,0,0
2591,21/06/2021 , 19:45:00,0,0
2592,21/06/2021 , 20:00:00,0,0
2593,21/06/2021 , 20:15:00,0,0
2594,21/06/2021 , 20:30:00,0,0
2595,21/06/2021 , 20:45:00,0,0
2596,21/06/2021 , 21:00:00,0,0
2597,21/06/2021 , 21:15:00,0,0
2598,21/06/2021 , 21:30:00,0,0
2599,21/06/2021 , 21:45:00,0,0
2600,21/06/2021 , 22:00:00,0,0
2601,21/06/2021 , 22:15:00,0,0
2602,21/06/2021 , 22:30:00,0,0
2603,21/06/2021 , 22:45:00,0,0
2604,21/06/2021 , 23:00:00,0,0
2605,21/06/2021 , 23:15:00,0,0
2606,21/06/2021 , 23:30:00,0,0
2607,21/06/2021 , 23:45:00,0,0
2608,21/06/2021 , 24:00:00,0,0
2609,22/06/2021 , 00:15:00,0,0
2610,22/06/2021 , 00:30:00,0,0
2611,22/06/2021 , 00:45:00,0,0
2612,22/06/2021 , 01:00:00,0,0
2613,22/06/2021 , 01:15:00,0,0
2614,22/06/2021 , 01:30:00,0,0
2615,22/06/2021 , 01:45:00,0,0
2616,22/06/2021 , 02:00:00,0,0
2617,22/06/2021 , 02:15:00,0,0
2618,22/06/2021 , 02:30:00,0,0
2619,22/06/2021 , 02:45:00,0,0
2620,22/06/2021 , 03:00:00,0,0
2621,22/06/2021 , 03:15:00,0,0
2622,22/06/2021 , 03:30:00,0,0
2623,22/06/2021 , 03:45:00,0,0
2624,22/06/2021 , 04:00:00,0,0
2625,22/06/2021 , 04:15:00,0,0
2626,22/06/2021 , 04:30:00,0,0
2627,22/06/2021 , 04:45:00,0,0
2628,22/06/2021 , 05:00:00,0,0
2629,22/06/2021 , 05:15:00,0,0
2630,22/06/2021 , 05:30:00,0,0
2631,22/06/2021 , 05:45:00,0,0
2632,22/06/2021 , 06:00:00,0,0
2633,22/06/2021 , 06:15:00,0,0
2634,22/06/2021 , 06:30:00,0,0
2635,22/06/2021 , 06:45:00,0,0
2636,22/06/2021 , 07:00:00,0,0
2637,22/06/2021 , 07:15:00,0,0
2638,22/06/2021 , 07:30:00,0,0
2639,22/06/2021 , 07:45:00,0,0
2640,22/06/2021 , 08:00:00,0,0
2641,22/06/2021 , 08:15:00,0,0
2642,22/06/2021 , 08:30:00,0,0
2643,22/06/2021 , 08:45:00,0,0
2644,22/06/2021 , 09:00:00,0,0
2645,22/06/2021 , 09:15:00,0,0
2646,22/06/2021 , 09:30:00,0,0
2647,22/06/2021 , 09:45:00,0,0
2648,22/06/2021 , 10:00:00,0,0
2649,22/06/2021 , 10:15:00,0,0
2650,22/06/2021 , 10:30:00,0,0
2651,22/06/2021 , 10:45:00,0,0
2652,22/06/2021 , 11:00:00,0,0
2653,22/06/2021 , 11:15:00,0,0
2654,22/06/2021 , 11:30:00,0,0
2655,22/06/2021 , 11:45:00,0,0
2656,22/06/2021 , 12:00:00,0,0
2657,22/06/2021 , 12:15:00,0,0
2658,22/06/2021 , 12:30:00,0,0
2659,22/06/2021 , 12:45:00,0,0
2660,22/06/2021 , 13:00:00,0,0
2661,22/06/2021 , 13:15:00,0,0
2662,22/06/2021 , 13:30:00,0,0
2663,22/06/2021 , 13:45:00,0,0
2664,22/06/2021 , 14:00:00,0,0
2665,22/06/2021 , 14:15:00,0,0
2666,22/06/2021 , 14:30:00,0,0
2667,22/06/2021 , 14:45:00,0,0
2668,22/06/2021 , 15:00:00,0,0
2669,22/06/2021 , 15:15:00,0,0
2670,22/06/2021 , 15:30:00,0,0
2671,22/06/2021 , 15:45:00,0,0
2672,22/06/2021 , 16:00:00,0,0
2673,22/06/2021 , 16:15:00,0,0
2674,22/06/2021 , 16:30:00,0,0
2675,22/06/2021 , 16:45:00,0,0
2676,22/06/2021 , 17:00:00,0,0
2677,22/06/2021 , 17:15:00,0,0
2678,22/06/2021 , 17:30:00,0,0
2679,22/06/2021 , 17:45:00,0,0
2680,22/06/2021 , 18:00:00,0,0
2681,22/06/2021 , 18:15:00,0,0
2682,22/06/2021 , 18:30:00,0,0
2683,22/06/2021 , 18:45:00,0,0
2684,22/06/2021 , 19:00:00,0,0
2685,22/06/2021 , 19:15:00,0,0
2686,22/06/2021 , 19:30:00,0,0
2687,22/06/2021 , 19:45:00,0,0
2688,22/06/2021 , 20:00:00,0,0
2689,22/06/2021 , 20:15:00,0,0
2690,22/06/2021 , 20:30:00,0,0
2691,22/06/2021 , 20:45:00,0,0
2692,22/06/2021 , 21:00:00,0,0
2693,22/06/2021 , 21:15:00,0,0
2694,22/06/2021 , 21:30:00,0,0
2695,22/06/2021 , 21:45:00,0,0
2696,22/06/2021 , 22:00:00,0,0
2697,22/06/2021 , 22:15:00,0,0
2698,22/06/2021 , 22:30:00,0,0
2699,22/06/2021 , 22:45:00,0,0
2700,22/06/2021 , 23:00:00,0,0
2701,22/06/2021 , 23:15:00,0,0
2702,22/06/2021 , 23:30:00,0,0
2703,22/06/2021 , 23:45:00,0,0
2704,22/06/2021 , 24:00:00,0,0
2705,23/06/2021 , 00:15:00,0,0
2706,23/06/2021 , 00:30:00,0,0
2707,23/06/2021 , 00:45:00,0,0
2708,23/06/2021 , 01:00:00,0,0
2709,23/06/2021 , 01:15:00,0,0
2710,23/06/2021 , 01:30:00,0,0
2711,23/06/2021 , 01:45:00,0,0
2712,23/06/2021 , 02:00:00,0,0
2713,23/06/2021 , 02:15:00,0,0
2714,23/06/2021 , 02:30:00,0,0
2715,23/06/2021 , 02:45:00,0,0
2716,23/06/2021 , 03:00:00,0,0
2717,23/06/2021 , 03:15:00,0,0
2718,23/06/2021 , 03:30:00,0,0
2719,23/06/2021 , 03:45:00,0,0
2720,23/06/2021 , 04:00:00,0,0
2721,23/06/2021 , 04:15:00,0,0
2722,23/06/2021 , 04:30:00,0,0
2723,23/06/2021 , 04:45:00,0,0
2724,23/06/2021 , 05:00:00,0,0
2725,23/06/2021 , 05:15:00,0,0
2726,23/06/2021 , 05:30:00,0,0
2727,23/06/2021 , 05:45:00,0,0
2728,23/06/2021 , 06:00:00,0,0
2729,23/06/2021 , 06:15:00,0,0
2730,23/06/2021 , 06:30:00,0,0
2731,23/06/2021 , 06:45:00,0,0
2732,23/06/2021 , 07:00:00,0,0
2733,23/06/2021 , 07:15:00,0,0
2734,23/06/2021 , 07:30:00,0,0
2735,23/06/2021 , 07:45:00,0,0
2736,23/06/2021 , 08:00:00,0,0
2737,23/06/2021 , 08:15:00,0,0
2738,23/06/2021 , 08:30:00,0,0
2739,23/06/2021 , 08:45:00,0,0
2740,23/06/2021 , 09:00:00,0,0
2741,23/06/2021 , 09:15:00,0,0
2742,23/06/2021 , 09:30:00,0,0
2743,23/06/2021 , 09:45:00,0,0
2744,23/06/2021 , 10:00:00,0,0
2745,23/06/2021 , 10:15:00,0,0
2746,23/06/2021 , 10:30:00,0,0
2747,23/06/2021 , 10:45:00,0,0
2748,23/06/2021 , 11:00:00,0,0
2749,23/06/2021 , 11:15:00,2120,2120
2750,23/06/2021 , 11:30:00,5356,5356
2751,23/06/2021 , 11:45:00,6070,6070
2752,23/06/2021 , 12:00:00,3746,3746
2753,23/06/2021 , 12:15:00,1611,1611
2754,23/06/2021 , 12:30:00,3,3
2755,23/06/2021 , 12:45:00,3,3
2756,23/06/2021 , 13:00:00,4,4
2757,23/06/2021 , 13:15:00,5,5
2758,23/06/2021 , 13:30:00,3,3
2759,23/06/2021 , 13:45:00,32,32
2760,23/06/2021 , 14:00:00,43,43
2761,23/06/2021 , 14:15:00,41,41
2762,23/06/2021 , 14:30:00,43,43
2763,23/06/2021 , 14:45:00,41,41
2764,23/06/2021 , 15:00:00,43,43
2765,23/06/2021 , 15:15:00,42,42
2766,23/06/2021 , 15:30:00,43,43
2767,23/06/2021 , 15:45:00,39,39
2768,23/06/2021 , 16:00:00,41,41
2769,23/06/2021 , 16:15:00,41,41
2770,23/06/2021 , 16:30:00,39,39
2771,23/06/2021 , 16:45:00,40,40
2772,23/06/2021 , 17:00:00,39,39
2773,23/06/2021 , 17:15:00,38,38
2774,23/06/2021 , 17:30:00,38,38
2775,23/06/2021 , 17:45:00,11,11
2776,23/06/2021 , 18:00:00,9,9
2777,23/06/2021 , 18:15:00,9,9
2778,23/06/2021 , 18:30:00,8,8
2779,23/06/2021 , 18:45:00,10,10
2780,23/06/2021 , 19:00:00,10,10
2781,23/06/2021 , 19:15:00,12,12
2782,23/06/2021 , 19:30:00,14,14
2783,23/06/2021 , 19:45:00,27,27
2784,23/06/2021 , 20:00:00,44,44
2785,23/06/2021 , 20:15:00,36,36
2786,23/06/2021 , 20:30:00,30,30
2787,23/06/2021 , 20:45:00,29,29
2788,23/06/2021 , 21:00:00,29,29
2789,23/06/2021 , 21:15:00,28,28
2790,23/06/2021 , 21:30:00,22,22
2791,23/06/2021 , 21:45:00,0,0
2792,23/06/2021 , 22:00:00,0,0
2793,23/06/2021 , 22:15:00,0,0
2794,23/06/2021 , 22:30:00,0,0
2795,23/06/2021 , 22:45:00,0,0
2796,23/06/2021 , 23:00:00,0,0
2797,23/06/2021 , 23:15:00,0,0
2798,23/06/2021 , 23:30:00,0,0
2799,23/06/2021 , 23:45:00,0,0
2800,23/06/2021 , 24:00:00,0,0
2801,24/06/2021 , 00:15:00,0,0
2802,24/06/2021 , 00:30:00,0,0
2803,24/06/2021 , 00:45:00,0,0
2804,24/06/2021 , 01:00:00,0,0
2805,24/06/2021 , 01:15:00,0,0
2806,24/06/2021 , 01:30:00,0,0
2807,24/06/2021 , 01:45:00,0,0
2808,24/06/2021 , 02:00:00,0,0
2809,24/06/2021 , 02:15:00,0,0
2810,24/06/2021 , 02:30:00,0,0
2811,24/06/2021 , 02:45:00,0,0
2812,24/06/2021 , 03:00:00,0,0
2813,24/06/2021 , 03:15:00,0,0
2814,24/06/2021 , 03:30:00,0,0
2815,24/06/2021 , 03:45:00,0,0
2816,24/06/2021 , 04:00:00,0,0
2817,24/06/2021 , 04:15:00,0,0
2818,24/06/2021 , 04:30:00,0,0
2819,24/06/2021 , 04:45:00,0,0
2820,24/06/2021 , 05:00:00,0,0
2821,24/06/2021 , 05:15:00,0,0
2822,24/06/2021 , 05:30:00,0,0
2823,24/06/2021 , 05:45:00,0,0
2824,24/06/2021 , 06:00:00,1,1
2825,24/06/2021 , 06:15:00,2,2
2826,24/06/2021 , 06:30:00,2,2
2827,24/06/2021 , 06:45:00,4,4
2828,24/06/2021 , 07:00:00,3,3
2829,24/06/2021 , 07:15:00,4,4
2830,24/06/2021 , 07:30:00,5,5
2831,24/06/2021 , 07:45:00,7,7
2832,24/06/2021 , 08:00:00,7,7
2833,24/06/2021 , 08:15:00,9,9
2834,24/06/2021 , 08:30:00,10,10
2835,24/06/2021 , 08:45:00,12,12
2836,24/06/2021 , 09:00:00,13,13
2837,24/06/2021 , 09:15:00,14,14
2838,24/06/2021 , 09:30:00,14,14
2839,24/06/2021 , 09:45:00,41,41
2840,24/06/2021 , 10:00:00,50,50
2841,24/06/2021 , 10:15:00,51,51
2842,24/06/2021 , 10:30:00,51,51
2843,24/06/2021 , 10:45:00,52,52
2844,24/06/2021 , 11:00:00,51,51
2845,24/06/2021 , 11:15:00,51,51
2846,24/06/2021 , 11:30:00,51,51
2847,24/06/2021 , 11:45:00,51,51
2848,24/06/2021 , 12:00:00,51,51
2849,24/06/2021 , 12:15:00,52,52
2850,24/06/2021 , 12:30:00,52,52
2851,24/06/2021 , 12:45:00,50,50
2852,24/06/2021 , 13:00:00,51,51
2853,24/06/2021 , 13:15:00,48,48
2854,24/06/2021 , 13:30:00,39,39
2855,24/06/2021 , 13:45:00,39,39
2856,24/06/2021 , 14:00:00,39,39
2857,24/06/2021 , 14:15:00,39,39
2858,24/06/2021 , 14:30:00,38,38
2859,24/06/2021 , 14:45:00,39,39
2860,24/06/2021 , 15:00:00,38,38
2861,24/06/2021 , 15:15:00,38,38
2862,24/06/2021 , 15:30:00,38,38
2863,24/06/2021 , 15:45:00,38,38
2864,24/06/2021 , 16:00:00,38,38
2865,24/06/2021 , 16:15:00,38,38
2866,24/06/2021 , 16:30:00,38,38
2867,24/06/2021 , 16:45:00,38,38
2868,24/06/2021 , 17:00:00,39,39
2869,24/06/2021 , 17:15:00,37,37
2870,24/06/2021 , 17:30:00,27,27
2871,24/06/2021 , 17:45:00,4,4
2872,24/06/2021 , 18:00:00,4,4
2873,24/06/2021 , 18:15:00,4,4
2874,24/06/2021 , 18:30:00,4,4
2875,24/06/2021 , 18:45:00,4,4
2876,24/06/2021 , 19:00:00,4,4
2877,24/06/2021 , 19:15:00,4,4
2878,24/06/2021 , 19:30:00,2,2
2879,24/06/2021 , 19:45:00,6,6
2880,24/06/2021 , 20:00:00,4,4
2881,24/06/2021 , 20:15:00,3,3
2882,24/06/2021 , 20:30:00,1,1
2883,24/06/2021 , 20:45:00,0,0
2884,24/06/2021 , 21:00:00,0,0
2885,24/06/2021 , 21:15:00,0,0
2886,24/06/2021 , 21:30:00,0,0
2887,24/06/2021 , 21:45:00,0,0
2888,24/06/2021 , 22:00:00,0,0
2889,24/06/2021 , 22:15:00,0,0
2890,24/06/2021 , 22:30:00,0,0
2891,24/06/2021 , 22:45:00,0,0
2892,24/06/2021 , 23:00:00,0,0
2893,24/06/2021 , 23:15:00,0,0
2894,24/06/2021 , 23:30:00,0,0
2895,24/06/2021 , 23:45:00,0,0
2896,24/06/2021 , 24:00:00,0,0
2897,25/06/2021 , 00:15:00,0,0
2898,25/06/2021 , 00:30:00,0,0
2899,25/06/2021 , 00:45:00,0,0
2900,25/06/2021 , 01:00:00,0,0
2901,25/06/2021 , 01:15:00,0,0
2902,25/06/2021 , 01:30:00,0,0
2903,25/06/2021 , 01:45:00,0,0
2904,25/06/2021 , 02:00:00,0,0
2905,25/06/2021 , 02:15:00,0,0
2906,25/06/2021 , 02:30:00,0,0
2907,25/06/2021 , 02:45:00,0,0
2908,25/06/2021 , 03:00:00,0,0
2909,25/06/2021 , 03:15:00,0,0
2910,25/06/2021 , 03:30:00,0,0
2911,25/06/2021 , 03:45:00,0,0
2912,25/06/2021 , 04:00:00,0,0
2913,25/06/2021 , 04:15:00,0,0
2914,25/06/2021 , 04:30:00,0,0
2915,25/06/2021 , 04:45:00,0,0
2916,25/06/2021 , 05:00:00,0,0
2917,25/06/2021 , 05:15:00,0,0
2918,25/06/2021 , 05:30:00,0,0
2919,25/06/2021 , 05:45:00,0,0
2920,25/06/2021 , 06:00:00,0,0
2921,25/06/2021 , 06:15:00,0,0
2922,25/06/2021 , 06:30:00,0,0
2923,25/06/2021 , 06:45:00,0,0
2924,25/06/2021 , 07:00:00,0,0
2925,25/06/2021 , 07:15:00,3,3
2926,25/06/2021 , 07:30:00,4,4
2927,25/06/2021 , 07:45:00,3,3
2928,25/06/2021 , 08:00:00,2,2
2929,25/06/2021 , 08:15:00,3,3
2930,25/06/2021 , 08:30:00,9,9
2931,25/06/2021 , 08:45:00,37,37
2932,25/06/2021 , 09:00:00,37,37
2933,25/06/2021 , 09:15:00,38,38
2934,25/06/2021 , 09:30:00,38,38
2935,25/06/2021 , 09:45:00,38,38
2936,25/06/2021 , 10:00:00,38,38
2937,25/06/2021 , 10:15:00,38,38
2938,25/06/2021 , 10:30:00,38,38
2939,25/06/2021 , 10:45:00,39,39
2940,25/06/2021 , 11:00:00,38,38
2941,25/06/2021 , 11:15:00,39,39
2942,25/06/2021 , 11:30:00,39,39
2943,25/06/2021 , 11:45:00,432,432
2944,25/06/2021 , 12:00:00,575,575
2945,25/06/2021 , 12:15:00,140,140
2946,25/06/2021 , 12:30:00,132,132
2947,25/06/2021 , 12:45:00,130,130
2948,25/06/2021 , 13:00:00,129,129
2949,25/06/2021 , 13:15:00,132,132
2950,25/06/2021 , 13:30:00,1709,1709
2951,25/06/2021 , 13:45:00,2875,2875
2952,25/06/2021 , 14:00:00,2422,2422
2953,25/06/2021 , 14:15:00,2017,2017
2954,25/06/2021 , 14:30:00,667,667
