Site Name ,SAMISHISLAND
Site Number ,1
Logger ,Integrating Light Sensor
Logger Serial Number ,14727


Scan No ,Date and Time,       Integrating Light,        ,
        ,        ,RAW VALUE ,CALIBRATED VALUE,

1,25/05/2021 , 20:15:00,111,111
2,25/05/2021 , 20:30:00,127,127
3,25/05/2021 , 20:45:00,138,138
4,25/05/2021 , 21:00:00,138,138
5,25/05/2021 , 21:15:00,146,146
6,25/05/2021 , 21:30:00,157,157
7,25/05/2021 , 21:45:00,154,154
8,25/05/2021 , 22:00:00,149,149
9,25/05/2021 , 22:15:00,137,137
10,25/05/2021 , 22:30:00,143,143
11,25/05/2021 , 22:45:00,145,145
12,25/05/2021 , 23:00:00,158,158
13,25/05/2021 , 23:15:00,2,2
14,25/05/2021 , 23:30:00,0,0
15,25/05/2021 , 23:45:00,0,0
16,25/05/2021 , 24:00:00,0,0
17,26/05/2021 , 00:15:00,0,0
18,26/05/2021 , 00:30:00,0,0
19,26/05/2021 , 00:45:00,0,0
20,26/05/2021 , 01:00:00,0,0
21,26/05/2021 , 01:15:00,0,0
22,26/05/2021 , 01:30:00,0,0
23,26/05/2021 , 01:45:00,0,0
24,26/05/2021 , 02:00:00,0,0
25,26/05/2021 , 02:15:00,0,0
26,26/05/2021 , 02:30:00,0,0
27,26/05/2021 , 02:45:00,0,0
28,26/05/2021 , 03:00:00,0,0
29,26/05/2021 , 03:15:00,0,0
30,26/05/2021 , 03:30:00,0,0
31,26/05/2021 , 03:45:00,0,0
32,26/05/2021 , 04:00:00,0,0
33,26/05/2021 , 04:15:00,0,0
34,26/05/2021 , 04:30:00,0,0
35,26/05/2021 , 04:45:00,0,0
36,26/05/2021 , 05:00:00,0,0
37,26/05/2021 , 05:15:00,0,0
38,26/05/2021 , 05:30:00,0,0
39,26/05/2021 , 05:45:00,0,0
40,26/05/2021 , 06:00:00,0,0
41,26/05/2021 , 06:15:00,0,0
42,26/05/2021 , 06:30:00,0,0
43,26/05/2021 , 06:45:00,0,0
44,26/05/2021 , 07:00:00,0,0
45,26/05/2021 , 07:15:00,0,0
46,26/05/2021 , 07:30:00,0,0
47,26/05/2021 , 07:45:00,100,100
48,26/05/2021 , 08:00:00,132,132
49,26/05/2021 , 08:15:00,124,124
50,26/05/2021 , 08:30:00,120,120
51,26/05/2021 , 08:45:00,117,117
52,26/05/2021 , 09:00:00,40,40
53,26/05/2021 , 09:15:00,2,2
54,26/05/2021 , 09:30:00,2,2
55,26/05/2021 , 09:45:00,2,2
56,26/05/2021 , 10:00:00,1,1
57,26/05/2021 , 10:15:00,2,2
58,26/05/2021 , 10:30:00,1,1
59,26/05/2021 , 10:45:00,73,73
60,26/05/2021 , 11:00:00,2,2
61,26/05/2021 , 11:15:00,3,3
62,26/05/2021 , 11:30:00,7,7
63,26/05/2021 , 11:45:00,6,6
64,26/05/2021 , 12:00:00,6,6
65,26/05/2021 , 12:15:00,6,6
66,26/05/2021 , 12:30:00,6,6
67,26/05/2021 , 12:45:00,9,9
68,26/05/2021 , 13:00:00,6,6
69,26/05/2021 , 13:15:00,9,9
70,26/05/2021 , 13:30:00,9,9
71,26/05/2021 , 13:45:00,9,9
72,26/05/2021 , 14:00:00,7,7
73,26/05/2021 , 14:15:00,8,8
74,26/05/2021 , 14:30:00,192,192
75,26/05/2021 , 14:45:00,256,256
76,26/05/2021 , 15:00:00,241,241
77,26/05/2021 , 15:15:00,235,235
78,26/05/2021 , 15:30:00,217,217
79,26/05/2021 , 15:45:00,231,231
80,26/05/2021 , 16:00:00,231,231
81,26/05/2021 , 16:15:00,195,195
82,26/05/2021 , 16:30:00,41,41
83,26/05/2021 , 16:45:00,235,235
84,26/05/2021 , 17:00:00,242,242
85,26/05/2021 , 17:15:00,126,126
86,26/05/2021 , 17:30:00,117,117
87,26/05/2021 , 17:45:00,171,171
88,26/05/2021 , 18:00:00,277,277
89,26/05/2021 , 18:15:00,26,26
90,26/05/2021 , 18:30:00,1,1
91,26/05/2021 , 18:45:00,1,1
92,26/05/2021 , 19:00:00,0,0
93,26/05/2021 , 19:15:00,0,0
94,26/05/2021 , 19:30:00,0,0
95,26/05/2021 , 19:45:00,43,43
96,26/05/2021 , 20:00:00,99,99
97,26/05/2021 , 20:15:00,0,0
98,26/05/2021 , 20:30:00,0,0
99,26/05/2021 , 20:45:00,0,0
100,26/05/2021 , 21:00:00,0,0
101,26/05/2021 , 21:15:00,0,0
102,26/05/2021 , 21:30:00,0,0
103,26/05/2021 , 21:45:00,0,0
104,26/05/2021 , 22:00:00,0,0
105,26/05/2021 , 22:15:00,0,0
106,26/05/2021 , 22:30:00,0,0
107,26/05/2021 , 22:45:00,0,0
108,26/05/2021 , 23:00:00,0,0
109,26/05/2021 , 23:15:00,0,0
110,26/05/2021 , 23:30:00,0,0
111,26/05/2021 , 23:45:00,0,0
112,26/05/2021 , 24:00:00,0,0
113,27/05/2021 , 00:15:00,0,0
114,27/05/2021 , 00:30:00,0,0
115,27/05/2021 , 00:45:00,0,0
116,27/05/2021 , 01:00:00,0,0
117,27/05/2021 , 01:15:00,0,0
118,27/05/2021 , 01:30:00,0,0
119,27/05/2021 , 01:45:00,0,0
120,27/05/2021 , 02:00:00,0,0
121,27/05/2021 , 02:15:00,0,0
122,27/05/2021 , 02:30:00,0,0
123,27/05/2021 , 02:45:00,0,0
124,27/05/2021 , 03:00:00,0,0
125,27/05/2021 , 03:15:00,0,0
126,27/05/2021 , 03:30:00,0,0
127,27/05/2021 , 03:45:00,0,0
128,27/05/2021 , 04:00:00,0,0
129,27/05/2021 , 04:15:00,0,0
130,27/05/2021 , 04:30:00,0,0
131,27/05/2021 , 04:45:00,0,0
132,27/05/2021 , 05:00:00,0,0
133,27/05/2021 , 05:15:00,0,0
134,27/05/2021 , 05:30:00,0,0
135,27/05/2021 , 05:45:00,0,0
136,27/05/2021 , 06:00:00,0,0
137,27/05/2021 , 06:15:00,0,0
138,27/05/2021 , 06:30:00,0,0
139,27/05/2021 , 06:45:00,0,0
140,27/05/2021 , 07:00:00,0,0
141,27/05/2021 , 07:15:00,0,0
142,27/05/2021 , 07:30:00,0,0
143,27/05/2021 , 07:45:00,58,58
144,27/05/2021 , 08:00:00,119,119
145,27/05/2021 , 08:15:00,133,133
146,27/05/2021 , 08:30:00,151,151
147,27/05/2021 , 08:45:00,145,145
148,27/05/2021 , 09:00:00,181,181
149,27/05/2021 , 09:15:00,215,215
150,27/05/2021 , 09:30:00,193,193
151,27/05/2021 , 09:45:00,124,124
152,27/05/2021 , 10:00:00,135,135
153,27/05/2021 , 10:15:00,512,512
154,27/05/2021 , 10:30:00,6756,6756
155,27/05/2021 , 10:45:00,3135,3135
156,27/05/2021 , 11:00:00,7868,7868
157,27/05/2021 , 11:15:00,9787,9787
158,27/05/2021 , 11:30:00,10307,10307
159,27/05/2021 , 11:45:00,17363,17363
160,27/05/2021 , 12:00:00,12725,12725
161,27/05/2021 , 12:15:00,8709,8709
162,27/05/2021 , 12:30:00,15358,15358
163,27/05/2021 , 12:45:00,12307,12307
164,27/05/2021 , 13:00:00,15442,15442
165,27/05/2021 , 13:15:00,36676,36676
166,27/05/2021 , 13:30:00,21489,21489
167,27/05/2021 , 13:45:00,22535,22535
168,27/05/2021 , 14:00:00,16506,16506
169,27/05/2021 , 14:15:00,21226,21226
170,27/05/2021 , 14:30:00,9163,9163
171,27/05/2021 , 14:45:00,2234,2234
172,27/05/2021 , 15:00:00,494,494
173,27/05/2021 , 15:15:00,286,286
174,27/05/2021 , 15:30:00,243,243
175,27/05/2021 , 15:45:00,217,217
176,27/05/2021 , 16:00:00,116,116
177,27/05/2021 , 16:15:00,93,93
178,27/05/2021 , 16:30:00,24,24
179,27/05/2021 , 16:45:00,51,51
180,27/05/2021 , 17:00:00,402,402
181,27/05/2021 , 17:15:00,421,421
182,27/05/2021 , 17:30:00,719,719
183,27/05/2021 , 17:45:00,621,621
184,27/05/2021 , 18:00:00,885,885
185,27/05/2021 , 18:15:00,933,933
186,27/05/2021 , 18:30:00,648,648
187,27/05/2021 , 18:45:00,281,281
188,27/05/2021 , 19:00:00,273,273
189,27/05/2021 , 19:15:00,230,230
190,27/05/2021 , 19:30:00,95,95
191,27/05/2021 , 19:45:00,66,66
192,27/05/2021 , 20:00:00,48,48
193,27/05/2021 , 20:15:00,30,30
194,27/05/2021 , 20:30:00,15,15
195,27/05/2021 , 20:45:00,9,9
196,27/05/2021 , 21:00:00,3,3
197,27/05/2021 , 21:15:00,0,0
198,27/05/2021 , 21:30:00,0,0
199,27/05/2021 , 21:45:00,0,0
200,27/05/2021 , 22:00:00,0,0
201,27/05/2021 , 22:15:00,0,0
202,27/05/2021 , 22:30:00,0,0
203,27/05/2021 , 22:45:00,0,0
204,27/05/2021 , 23:00:00,0,0
205,27/05/2021 , 23:15:00,0,0
206,27/05/2021 , 23:30:00,0,0
207,27/05/2021 , 23:45:00,0,0
208,27/05/2021 , 24:00:00,0,0
209,28/05/2021 , 00:15:00,0,0
210,28/05/2021 , 00:30:00,0,0
211,28/05/2021 , 00:45:00,0,0
212,28/05/2021 , 01:00:00,0,0
213,28/05/2021 , 01:15:00,0,0
214,28/05/2021 , 01:30:00,0,0
215,28/05/2021 , 01:45:00,0,0
216,28/05/2021 , 02:00:00,0,0
217,28/05/2021 , 02:15:00,0,0
218,28/05/2021 , 02:30:00,0,0
219,28/05/2021 , 02:45:00,0,0
220,28/05/2021 , 03:00:00,0,0
221,28/05/2021 , 03:15:00,0,0
222,28/05/2021 , 03:30:00,0,0
223,28/05/2021 , 03:45:00,0,0
224,28/05/2021 , 04:00:00,0,0
225,28/05/2021 , 04:15:00,0,0
226,28/05/2021 , 04:30:00,0,0
227,28/05/2021 , 04:45:00,0,0
228,28/05/2021 , 05:00:00,0,0
229,28/05/2021 , 05:15:00,0,0
230,28/05/2021 , 05:30:00,2,2
231,28/05/2021 , 05:45:00,10,10
232,28/05/2021 , 06:00:00,25,25
233,28/05/2021 , 06:15:00,29,29
234,28/05/2021 , 06:30:00,32,32
235,28/05/2021 , 06:45:00,74,74
236,28/05/2021 , 07:00:00,139,139
237,28/05/2021 , 07:15:00,213,213
238,28/05/2021 , 07:30:00,280,280
239,28/05/2021 , 07:45:00,252,252
240,28/05/2021 , 08:00:00,336,336
241,28/05/2021 , 08:15:00,345,345
242,28/05/2021 , 08:30:00,370,370
243,28/05/2021 , 08:45:00,340,340
244,28/05/2021 , 09:00:00,285,285
245,28/05/2021 , 09:15:00,332,332
246,28/05/2021 , 09:30:00,264,264
247,28/05/2021 , 09:45:00,247,247
248,28/05/2021 , 10:00:00,84,84
249,28/05/2021 , 10:15:00,245,245
250,28/05/2021 , 10:30:00,478,478
251,28/05/2021 , 10:45:00,2251,2251
252,28/05/2021 , 11:00:00,2315,2315
253,28/05/2021 , 11:15:00,2173,2173
254,28/05/2021 , 11:30:00,2258,2258
255,28/05/2021 , 11:45:00,2739,2739
256,28/05/2021 , 12:00:00,2868,2868
257,28/05/2021 , 12:15:00,2889,2889
258,28/05/2021 , 12:30:00,2672,2672
259,28/05/2021 , 12:45:00,5216,5216
260,28/05/2021 , 13:00:00,4003,4003
261,28/05/2021 , 13:15:00,4850,4850
262,28/05/2021 , 13:30:00,5557,5557
263,28/05/2021 , 13:45:00,4911,4911
264,28/05/2021 , 14:00:00,7760,7760
265,28/05/2021 , 14:15:00,8131,8131
266,28/05/2021 , 14:30:00,8808,8808
267,28/05/2021 , 14:45:00,8912,8912
268,28/05/2021 , 15:00:00,8628,8628
269,28/05/2021 , 15:15:00,8240,8240
270,28/05/2021 , 15:30:00,6126,6126
271,28/05/2021 , 15:45:00,14571,14571
272,28/05/2021 , 16:00:00,6880,6880
273,28/05/2021 , 16:15:00,5563,5563
274,28/05/2021 , 16:30:00,3913,3913
275,28/05/2021 , 16:45:00,2658,2658
276,28/05/2021 , 17:00:00,1962,1962
277,28/05/2021 , 17:15:00,1438,1438
278,28/05/2021 , 17:30:00,387,387
279,28/05/2021 , 17:45:00,233,233
280,28/05/2021 , 18:00:00,204,204
281,28/05/2021 , 18:15:00,259,259
282,28/05/2021 , 18:30:00,96,96
283,28/05/2021 , 18:45:00,25,25
284,28/05/2021 , 19:00:00,18,18
285,28/05/2021 , 19:15:00,12,12
286,28/05/2021 , 19:30:00,7,7
287,28/05/2021 , 19:45:00,5,5
288,28/05/2021 , 20:00:00,5,5
289,28/05/2021 , 20:15:00,4,4
290,28/05/2021 , 20:30:00,2,2
291,28/05/2021 , 20:45:00,1,1
292,28/05/2021 , 21:00:00,0,0
293,28/05/2021 , 21:15:00,0,0
294,28/05/2021 , 21:30:00,0,0
295,28/05/2021 , 21:45:00,0,0
296,28/05/2021 , 22:00:00,0,0
297,28/05/2021 , 22:15:00,0,0
298,28/05/2021 , 22:30:00,0,0
299,28/05/2021 , 22:45:00,0,0
300,28/05/2021 , 23:00:00,0,0
301,28/05/2021 , 23:15:00,0,0
302,28/05/2021 , 23:30:00,0,0
303,28/05/2021 , 23:45:00,0,0
304,28/05/2021 , 24:00:00,0,0
305,29/05/2021 , 00:15:00,0,0
306,29/05/2021 , 00:30:00,0,0
307,29/05/2021 , 00:45:00,0,0
308,29/05/2021 , 01:00:00,0,0
309,29/05/2021 , 01:15:00,0,0
310,29/05/2021 , 01:30:00,0,0
311,29/05/2021 , 01:45:00,0,0
312,29/05/2021 , 02:00:00,0,0
313,29/05/2021 , 02:15:00,0,0
314,29/05/2021 , 02:30:00,0,0
315,29/05/2021 , 02:45:00,0,0
316,29/05/2021 , 03:00:00,0,0
317,29/05/2021 , 03:15:00,0,0
318,29/05/2021 , 03:30:00,0,0
319,29/05/2021 , 03:45:00,0,0
320,29/05/2021 , 04:00:00,0,0
321,29/05/2021 , 04:15:00,0,0
322,29/05/2021 , 04:30:00,0,0
323,29/05/2021 , 04:45:00,0,0
324,29/05/2021 , 05:00:00,0,0
325,29/05/2021 , 05:15:00,0,0
326,29/05/2021 , 05:30:00,0,0
327,29/05/2021 , 05:45:00,0,0
328,29/05/2021 , 06:00:00,1,1
329,29/05/2021 , 06:15:00,4,4
330,29/05/2021 , 06:30:00,6,6
331,29/05/2021 , 06:45:00,9,9
332,29/05/2021 , 07:00:00,19,19
333,29/05/2021 , 07:15:00,39,39
334,29/05/2021 , 07:30:00,44,44
335,29/05/2021 , 07:45:00,57,57
336,29/05/2021 , 08:00:00,102,102
337,29/05/2021 , 08:15:00,134,134
338,29/05/2021 , 08:30:00,182,182
339,29/05/2021 , 08:45:00,111,111
340,29/05/2021 , 09:00:00,131,131
341,29/05/2021 , 09:15:00,246,246
342,29/05/2021 , 09:30:00,847,847
343,29/05/2021 , 09:45:00,2941,2941
344,29/05/2021 , 10:00:00,4980,4980
345,29/05/2021 , 10:15:00,4307,4307
346,29/05/2021 , 10:30:00,5154,5154
347,29/05/2021 , 10:45:00,6548,6548
348,29/05/2021 , 11:00:00,3432,3432
349,29/05/2021 , 11:15:00,943,943
350,29/05/2021 , 11:30:00,1000,1000
351,29/05/2021 , 11:45:00,981,981
352,29/05/2021 , 12:00:00,843,843
353,29/05/2021 , 12:15:00,3153,3153
354,29/05/2021 , 12:30:00,6191,6191
355,29/05/2021 , 12:45:00,7469,7469
356,29/05/2021 , 13:00:00,8050,8050
357,29/05/2021 , 13:15:00,9556,9556
358,29/05/2021 , 13:30:00,10130,10130
359,29/05/2021 , 13:45:00,10191,10191
360,29/05/2021 , 14:00:00,10049,10049
361,29/05/2021 , 14:15:00,9925,9925
362,29/05/2021 , 14:30:00,9879,9879
363,29/05/2021 , 14:45:00,10248,10248
364,29/05/2021 , 15:00:00,10441,10441
365,29/05/2021 , 15:15:00,10374,10374
366,29/05/2021 , 15:30:00,10143,10143
367,29/05/2021 , 15:45:00,9763,9763
368,29/05/2021 , 16:00:00,9316,9316
369,29/05/2021 , 16:15:00,6570,6570
370,29/05/2021 , 16:30:00,2548,2548
371,29/05/2021 , 16:45:00,8634,8634
372,29/05/2021 , 17:00:00,7294,7294
373,29/05/2021 , 17:15:00,4077,4077
374,29/05/2021 , 17:30:00,3746,3746
375,29/05/2021 , 17:45:00,2642,2642
376,29/05/2021 , 18:00:00,1439,1439
377,29/05/2021 , 18:15:00,711,711
378,29/05/2021 , 18:30:00,1052,1052
379,29/05/2021 , 18:45:00,685,685
380,29/05/2021 , 19:00:00,576,576
381,29/05/2021 , 19:15:00,461,461
382,29/05/2021 , 19:30:00,202,202
383,29/05/2021 , 19:45:00,10,10
384,29/05/2021 , 20:00:00,4,4
385,29/05/2021 , 20:15:00,2,2
386,29/05/2021 , 20:30:00,1,1
387,29/05/2021 , 20:45:00,0,0
388,29/05/2021 , 21:00:00,0,0
389,29/05/2021 , 21:15:00,0,0
390,29/05/2021 , 21:30:00,0,0
391,29/05/2021 , 21:45:00,0,0
392,29/05/2021 , 22:00:00,0,0
393,29/05/2021 , 22:15:00,0,0
394,29/05/2021 , 22:30:00,0,0
395,29/05/2021 , 22:45:00,0,0
396,29/05/2021 , 23:00:00,0,0
397,29/05/2021 , 23:15:00,0,0
398,29/05/2021 , 23:30:00,0,0
399,29/05/2021 , 23:45:00,0,0
400,29/05/2021 , 24:00:00,0,0
401,30/05/2021 , 00:15:00,0,0
402,30/05/2021 , 00:30:00,0,0
403,30/05/2021 , 00:45:00,0,0
404,30/05/2021 , 01:00:00,0,0
405,30/05/2021 , 01:15:00,0,0
406,30/05/2021 , 01:30:00,0,0
407,30/05/2021 , 01:45:00,0,0
408,30/05/2021 , 02:00:00,0,0
409,30/05/2021 , 02:15:00,0,0
410,30/05/2021 , 02:30:00,0,0
411,30/05/2021 , 02:45:00,0,0
412,30/05/2021 , 03:00:00,0,0
413,30/05/2021 , 03:15:00,0,0
414,30/05/2021 , 03:30:00,0,0
415,30/05/2021 , 03:45:00,0,0
416,30/05/2021 , 04:00:00,0,0
417,30/05/2021 , 04:15:00,0,0
418,30/05/2021 , 04:30:00,0,0
419,30/05/2021 , 04:45:00,0,0
420,30/05/2021 , 05:00:00,0,0
421,30/05/2021 , 05:15:00,0,0
422,30/05/2021 , 05:30:00,0,0
423,30/05/2021 , 05:45:00,2,2
424,30/05/2021 , 06:00:00,5,5
425,30/05/2021 , 06:15:00,6,6
426,30/05/2021 , 06:30:00,8,8
427,30/05/2021 , 06:45:00,9,9
428,30/05/2021 , 07:00:00,10,10
429,30/05/2021 , 07:15:00,14,14
430,30/05/2021 , 07:30:00,14,14
431,30/05/2021 , 07:45:00,12,12
432,30/05/2021 , 08:00:00,15,15
433,30/05/2021 , 08:15:00,17,17
434,30/05/2021 , 08:30:00,20,20
435,30/05/2021 , 08:45:00,25,25
436,30/05/2021 , 09:00:00,27,27
437,30/05/2021 , 09:15:00,35,35
438,30/05/2021 , 09:30:00,43,43
439,30/05/2021 , 09:45:00,58,58
440,30/05/2021 , 10:00:00,217,217
441,30/05/2021 , 10:15:00,347,347
442,30/05/2021 , 10:30:00,401,401
443,30/05/2021 , 10:45:00,104,104
444,30/05/2021 , 11:00:00,115,115
445,30/05/2021 , 11:15:00,64,64
446,30/05/2021 , 11:30:00,16,16
447,30/05/2021 , 11:45:00,27,27
448,30/05/2021 , 12:00:00,41,41
449,30/05/2021 , 12:15:00,50,50
450,30/05/2021 , 12:30:00,73,73
451,30/05/2021 , 12:45:00,110,110
452,30/05/2021 , 13:00:00,231,231
453,30/05/2021 , 13:15:00,439,439
454,30/05/2021 , 13:30:00,909,909
455,30/05/2021 , 13:45:00,1849,1849
456,30/05/2021 , 14:00:00,2023,2023
457,30/05/2021 , 14:15:00,1307,1307
458,30/05/2021 , 14:30:00,1022,1022
459,30/05/2021 , 14:45:00,1237,1237
460,30/05/2021 , 15:00:00,1370,1370
461,30/05/2021 , 15:15:00,1257,1257
462,30/05/2021 , 15:30:00,1253,1253
463,30/05/2021 , 15:45:00,1848,1848
464,30/05/2021 , 16:00:00,2452,2452
465,30/05/2021 , 16:15:00,1714,1714
466,30/05/2021 , 16:30:00,1873,1873
467,30/05/2021 , 16:45:00,2117,2117
468,30/05/2021 , 17:00:00,439,439
469,30/05/2021 , 17:15:00,133,133
470,30/05/2021 , 17:30:00,57,57
471,30/05/2021 , 17:45:00,39,39
472,30/05/2021 , 18:00:00,1856,1856
473,30/05/2021 , 18:15:00,1345,1345
474,30/05/2021 , 18:30:00,607,607
475,30/05/2021 , 18:45:00,67,67
476,30/05/2021 , 19:00:00,30,30
477,30/05/2021 , 19:15:00,33,33
478,30/05/2021 , 19:30:00,28,28
479,30/05/2021 , 19:45:00,7,7
480,30/05/2021 , 20:00:00,4,4
481,30/05/2021 , 20:15:00,1,1
482,30/05/2021 , 20:30:00,0,0
483,30/05/2021 , 20:45:00,0,0
484,30/05/2021 , 21:00:00,0,0
485,30/05/2021 , 21:15:00,0,0
486,30/05/2021 , 21:30:00,0,0
487,30/05/2021 , 21:45:00,0,0
488,30/05/2021 , 22:00:00,0,0
489,30/05/2021 , 22:15:00,0,0
490,30/05/2021 , 22:30:00,0,0
491,30/05/2021 , 22:45:00,0,0
492,30/05/2021 , 23:00:00,0,0
493,30/05/2021 , 23:15:00,0,0
494,30/05/2021 , 23:30:00,0,0
495,30/05/2021 , 23:45:00,0,0
496,30/05/2021 , 24:00:00,0,0
497,31/05/2021 , 00:15:00,0,0
498,31/05/2021 , 00:30:00,0,0
499,31/05/2021 , 00:45:00,0,0
500,31/05/2021 , 01:00:00,0,0
501,31/05/2021 , 01:15:00,0,0
502,31/05/2021 , 01:30:00,0,0
503,31/05/2021 , 01:45:00,0,0
504,31/05/2021 , 02:00:00,0,0
505,31/05/2021 , 02:15:00,0,0
506,31/05/2021 , 02:30:00,0,0
507,31/05/2021 , 02:45:00,0,0
508,31/05/2021 , 03:00:00,0,0
509,31/05/2021 , 03:15:00,0,0
510,31/05/2021 , 03:30:00,0,0
511,31/05/2021 , 03:45:00,0,0
512,31/05/2021 , 04:00:00,0,0
513,31/05/2021 , 04:15:00,0,0
514,31/05/2021 , 04:30:00,0,0
515,31/05/2021 , 04:45:00,0,0
516,31/05/2021 , 05:00:00,0,0
517,31/05/2021 , 05:15:00,0,0
518,31/05/2021 , 05:30:00,0,0
519,31/05/2021 , 05:45:00,0,0
520,31/05/2021 , 06:00:00,0,0
521,31/05/2021 , 06:15:00,0,0
522,31/05/2021 , 06:30:00,0,0
523,31/05/2021 , 06:45:00,0,0
524,31/05/2021 , 07:00:00,0,0
525,31/05/2021 , 07:15:00,2,2
526,31/05/2021 , 07:30:00,1,1
527,31/05/2021 , 07:45:00,2,2
528,31/05/2021 , 08:00:00,1,1
529,31/05/2021 , 08:15:00,3,3
530,31/05/2021 , 08:30:00,3,3
531,31/05/2021 , 08:45:00,2,2
532,31/05/2021 , 09:00:00,4,4
533,31/05/2021 , 09:15:00,5,5
534,31/05/2021 , 09:30:00,7,7
535,31/05/2021 , 09:45:00,9,9
536,31/05/2021 , 10:00:00,9,9
537,31/05/2021 , 10:15:00,12,12
538,31/05/2021 , 10:30:00,11,11
539,31/05/2021 , 10:45:00,13,13
540,31/05/2021 , 11:00:00,12,12
541,31/05/2021 , 11:15:00,9,9
542,31/05/2021 , 11:30:00,9,9
543,31/05/2021 , 11:45:00,8,8
544,31/05/2021 , 12:00:00,11,11
545,31/05/2021 , 12:15:00,42,42
546,31/05/2021 , 12:30:00,31,31
547,31/05/2021 , 12:45:00,34,34
548,31/05/2021 , 13:00:00,57,57
549,31/05/2021 , 13:15:00,62,62
550,31/05/2021 , 13:30:00,122,122
551,31/05/2021 , 13:45:00,137,137
552,31/05/2021 , 14:00:00,177,177
553,31/05/2021 , 14:15:00,202,202
554,31/05/2021 , 14:30:00,297,297
555,31/05/2021 , 14:45:00,317,317
556,31/05/2021 , 15:00:00,407,407
557,31/05/2021 , 15:15:00,602,602
558,31/05/2021 , 15:30:00,632,632
559,31/05/2021 , 15:45:00,973,973
560,31/05/2021 , 16:00:00,1017,1017
561,31/05/2021 , 16:15:00,922,922
562,31/05/2021 , 16:30:00,926,926
563,31/05/2021 , 16:45:00,719,719
564,31/05/2021 , 17:00:00,585,585
565,31/05/2021 , 17:15:00,357,357
566,31/05/2021 , 17:30:00,442,442
567,31/05/2021 , 17:45:00,649,649
568,31/05/2021 , 18:00:00,2479,2479
569,31/05/2021 , 18:15:00,986,986
570,31/05/2021 , 18:30:00,449,449
571,31/05/2021 , 18:45:00,111,111
572,31/05/2021 , 19:00:00,565,565
573,31/05/2021 , 19:15:00,502,502
574,31/05/2021 , 19:30:00,522,522
575,31/05/2021 , 19:45:00,435,435
576,31/05/2021 , 20:00:00,376,376
577,31/05/2021 , 20:15:00,253,253
578,31/05/2021 , 20:30:00,177,177
579,31/05/2021 , 20:45:00,50,50
580,31/05/2021 , 21:00:00,19,19
581,31/05/2021 , 21:15:00,5,5
582,31/05/2021 , 21:30:00,0,0
583,31/05/2021 , 21:45:00,0,0
584,31/05/2021 , 22:00:00,0,0
585,31/05/2021 , 22:15:00,0,0
586,31/05/2021 , 22:30:00,0,0
587,31/05/2021 , 22:45:00,0,0
588,31/05/2021 , 23:00:00,0,0
589,31/05/2021 , 23:15:00,0,0
590,31/05/2021 , 23:30:00,0,0
591,31/05/2021 , 23:45:00,0,0
592,31/05/2021 , 24:00:00,0,0
593,01/06/2021 , 00:15:00,0,0
594,01/06/2021 , 00:30:00,0,0
595,01/06/2021 , 00:45:00,0,0
596,01/06/2021 , 01:00:00,0,0
597,01/06/2021 , 01:15:00,0,0
598,01/06/2021 , 01:30:00,0,0
599,01/06/2021 , 01:45:00,0,0
600,01/06/2021 , 02:00:00,0,0
601,01/06/2021 , 02:15:00,0,0
602,01/06/2021 , 02:30:00,0,0
603,01/06/2021 , 02:45:00,0,0
604,01/06/2021 , 03:00:00,0,0
605,01/06/2021 , 03:15:00,0,0
606,01/06/2021 , 03:30:00,0,0
607,01/06/2021 , 03:45:00,0,0
608,01/06/2021 , 04:00:00,0,0
609,01/06/2021 , 04:15:00,0,0
610,01/06/2021 , 04:30:00,0,0
611,01/06/2021 , 04:45:00,0,0
612,01/06/2021 , 05:00:00,0,0
613,01/06/2021 , 05:15:00,0,0
614,01/06/2021 , 05:30:00,0,0
615,01/06/2021 , 05:45:00,0,0
616,01/06/2021 , 06:00:00,1,1
617,01/06/2021 , 06:15:00,2,2
618,01/06/2021 , 06:30:00,4,4
619,01/06/2021 , 06:45:00,6,6
620,01/06/2021 , 07:00:00,7,7
621,01/06/2021 , 07:15:00,10,10
622,01/06/2021 , 07:30:00,14,14
623,01/06/2021 , 07:45:00,17,17
624,01/06/2021 , 08:00:00,17,17
625,01/06/2021 , 08:15:00,11,11
626,01/06/2021 , 08:30:00,6,6
627,01/06/2021 , 08:45:00,9,9
628,01/06/2021 , 09:00:00,10,10
629,01/06/2021 , 09:15:00,11,11
630,01/06/2021 , 09:30:00,13,13
631,01/06/2021 , 09:45:00,14,14
632,01/06/2021 , 10:00:00,15,15
633,01/06/2021 , 10:15:00,19,19
634,01/06/2021 , 10:30:00,20,20
635,01/06/2021 , 10:45:00,22,22
636,01/06/2021 , 11:00:00,36,36
637,01/06/2021 , 11:15:00,62,62
638,01/06/2021 , 11:30:00,161,161
639,01/06/2021 , 11:45:00,89,89
640,01/06/2021 , 12:00:00,177,177
641,01/06/2021 , 12:15:00,1143,1143
642,01/06/2021 , 12:30:00,765,765
643,01/06/2021 , 12:45:00,84,84
644,01/06/2021 , 13:00:00,151,151
645,01/06/2021 , 13:15:00,231,231
646,01/06/2021 , 13:30:00,381,381
647,01/06/2021 , 13:45:00,588,588
648,01/06/2021 , 14:00:00,553,553
649,01/06/2021 , 14:15:00,425,425
650,01/06/2021 , 14:30:00,474,474
651,01/06/2021 , 14:45:00,482,482
652,01/06/2021 , 15:00:00,513,513
653,01/06/2021 , 15:15:00,557,557
654,01/06/2021 , 15:30:00,605,605
655,01/06/2021 , 15:45:00,600,600
656,01/06/2021 , 16:00:00,614,614
657,01/06/2021 , 16:15:00,622,622
658,01/06/2021 , 16:30:00,611,611
659,01/06/2021 , 16:45:00,693,693
660,01/06/2021 , 17:00:00,1040,1040
661,01/06/2021 , 17:15:00,3619,3619
662,01/06/2021 , 17:30:00,7866,7866
663,01/06/2021 , 17:45:00,6411,6411
664,01/06/2021 , 18:00:00,3934,3934
665,01/06/2021 , 18:15:00,4811,4811
666,01/06/2021 , 18:30:00,3943,3943
667,01/06/2021 , 18:45:00,3047,3047
668,01/06/2021 , 19:00:00,2238,2238
669,01/06/2021 , 19:15:00,1444,1444
670,01/06/2021 , 19:30:00,1160,1160
671,01/06/2021 , 19:45:00,771,771
672,01/06/2021 , 20:00:00,490,490
673,01/06/2021 , 20:15:00,314,314
674,01/06/2021 , 20:30:00,167,167
675,01/06/2021 , 20:45:00,104,104
676,01/06/2021 , 21:00:00,51,51
677,01/06/2021 , 21:15:00,14,14
678,01/06/2021 , 21:30:00,2,2
679,01/06/2021 , 21:45:00,0,0
680,01/06/2021 , 22:00:00,0,0
681,01/06/2021 , 22:15:00,0,0
682,01/06/2021 , 22:30:00,0,0
683,01/06/2021 , 22:45:00,0,0
684,01/06/2021 , 23:00:00,0,0
685,01/06/2021 , 23:15:00,0,0
686,01/06/2021 , 23:30:00,0,0
687,01/06/2021 , 23:45:00,0,0
688,01/06/2021 , 24:00:00,0,0
689,02/06/2021 , 00:15:00,0,0
690,02/06/2021 , 00:30:00,0,0
691,02/06/2021 , 00:45:00,0,0
692,02/06/2021 , 01:00:00,0,0
693,02/06/2021 , 01:15:00,0,0
694,02/06/2021 , 01:30:00,0,0
695,02/06/2021 , 01:45:00,0,0
696,02/06/2021 , 02:00:00,0,0
697,02/06/2021 , 02:15:00,0,0
698,02/06/2021 , 02:30:00,0,0
699,02/06/2021 , 02:45:00,0,0
700,02/06/2021 , 03:00:00,0,0
701,02/06/2021 , 03:15:00,0,0
702,02/06/2021 , 03:30:00,0,0
703,02/06/2021 , 03:45:00,0,0
704,02/06/2021 , 04:00:00,0,0
705,02/06/2021 , 04:15:00,0,0
706,02/06/2021 , 04:30:00,0,0
707,02/06/2021 , 04:45:00,0,0
708,02/06/2021 , 05:00:00,0,0
709,02/06/2021 , 05:15:00,10,10
710,02/06/2021 , 05:30:00,30,30
711,02/06/2021 , 05:45:00,61,61
712,02/06/2021 , 06:00:00,108,108
713,02/06/2021 , 06:15:00,160,160
714,02/06/2021 , 06:30:00,215,215
715,02/06/2021 , 06:45:00,271,271
716,02/06/2021 , 07:00:00,333,333
717,02/06/2021 , 07:15:00,428,428
718,02/06/2021 , 07:30:00,545,545
719,02/06/2021 , 07:45:00,799,799
720,02/06/2021 , 08:00:00,1043,1043
721,02/06/2021 , 08:15:00,1270,1270
722,02/06/2021 , 08:30:00,1467,1467
723,02/06/2021 , 08:45:00,1764,1764
724,02/06/2021 , 09:00:00,1860,1860
725,02/06/2021 , 09:15:00,1930,1930
726,02/06/2021 , 09:30:00,2242,2242
727,02/06/2021 , 09:45:00,2433,2433
728,02/06/2021 , 10:00:00,2735,2735
729,02/06/2021 , 10:15:00,3245,3245
730,02/06/2021 , 10:30:00,3524,3524
731,02/06/2021 , 10:45:00,4040,4040
732,02/06/2021 , 11:00:00,4502,4502
733,02/06/2021 , 11:15:00,4968,4968
734,02/06/2021 , 11:30:00,5582,5582
735,02/06/2021 , 11:45:00,5910,5910
736,02/06/2021 , 12:00:00,6097,6097
737,02/06/2021 , 12:15:00,5692,5692
738,02/06/2021 , 12:30:00,5436,5436
739,02/06/2021 , 12:45:00,5648,5648
740,02/06/2021 , 13:00:00,5583,5583
741,02/06/2021 , 13:15:00,6038,6038
742,02/06/2021 , 13:30:00,7202,7202
743,02/06/2021 , 13:45:00,7593,7593
744,02/06/2021 , 14:00:00,7779,7779
745,02/06/2021 , 14:15:00,8486,8486
746,02/06/2021 , 14:30:00,8329,8329
747,02/06/2021 , 14:45:00,8288,8288
748,02/06/2021 , 15:00:00,7535,7535
749,02/06/2021 , 15:15:00,6819,6819
750,02/06/2021 , 15:30:00,6047,6047
751,02/06/2021 , 15:45:00,5067,5067
752,02/06/2021 , 16:00:00,5525,5525
753,02/06/2021 , 16:15:00,6535,6535
754,02/06/2021 , 16:30:00,7065,7065
755,02/06/2021 , 16:45:00,6927,6927
756,02/06/2021 , 17:00:00,5785,5785
757,02/06/2021 , 17:15:00,4594,4594
758,02/06/2021 , 17:30:00,3205,3205
759,02/06/2021 , 17:45:00,2847,2847
760,02/06/2021 , 18:00:00,3322,3322
761,02/06/2021 , 18:15:00,3058,3058
762,02/06/2021 , 18:30:00,2726,2726
763,02/06/2021 , 18:45:00,2383,2383
764,02/06/2021 , 19:00:00,1968,1968
765,02/06/2021 , 19:15:00,1375,1375
766,02/06/2021 , 19:30:00,1246,1246
767,02/06/2021 , 19:45:00,898,898
768,02/06/2021 , 20:00:00,580,580
769,02/06/2021 , 20:15:00,352,352
770,02/06/2021 , 20:30:00,198,198
771,02/06/2021 , 20:45:00,86,86
772,02/06/2021 , 21:00:00,36,36
773,02/06/2021 , 21:15:00,11,11
774,02/06/2021 , 21:30:00,1,1
775,02/06/2021 , 21:45:00,0,0
776,02/06/2021 , 22:00:00,0,0
777,02/06/2021 , 22:15:00,0,0
778,02/06/2021 , 22:30:00,0,0
779,02/06/2021 , 22:45:00,0,0
780,02/06/2021 , 23:00:00,0,0
781,02/06/2021 , 23:15:00,0,0
782,02/06/2021 , 23:30:00,0,0
783,02/06/2021 , 23:45:00,0,0
784,02/06/2021 , 24:00:00,0,0
785,03/06/2021 , 00:15:00,0,0
786,03/06/2021 , 00:30:00,0,0
787,03/06/2021 , 00:45:00,0,0
788,03/06/2021 , 01:00:00,0,0
789,03/06/2021 , 01:15:00,0,0
790,03/06/2021 , 01:30:00,0,0
791,03/06/2021 , 01:45:00,0,0
792,03/06/2021 , 02:00:00,0,0
793,03/06/2021 , 02:15:00,0,0
794,03/06/2021 , 02:30:00,0,0
795,03/06/2021 , 02:45:00,0,0
796,03/06/2021 , 03:00:00,0,0
797,03/06/2021 , 03:15:00,0,0
798,03/06/2021 , 03:30:00,0,0
799,03/06/2021 , 03:45:00,0,0
800,03/06/2021 , 04:00:00,0,0
801,03/06/2021 , 04:15:00,0,0
802,03/06/2021 , 04:30:00,0,0
803,03/06/2021 , 04:45:00,0,0
804,03/06/2021 , 05:00:00,0,0
805,03/06/2021 , 05:15:00,8,8
806,03/06/2021 , 05:30:00,19,19
807,03/06/2021 , 05:45:00,46,46
808,03/06/2021 , 06:00:00,97,97
809,03/06/2021 , 06:15:00,134,134
810,03/06/2021 , 06:30:00,163,163
811,03/06/2021 , 06:45:00,151,151
812,03/06/2021 , 07:00:00,209,209
813,03/06/2021 , 07:15:00,261,261
814,03/06/2021 , 07:30:00,387,387
815,03/06/2021 , 07:45:00,459,459
816,03/06/2021 , 08:00:00,488,488
817,03/06/2021 , 08:15:00,626,626
818,03/06/2021 , 08:30:00,659,659
819,03/06/2021 , 08:45:00,689,689
820,03/06/2021 , 09:00:00,758,758
821,03/06/2021 , 09:15:00,1371,1371
822,03/06/2021 , 09:30:00,2075,2075
823,03/06/2021 , 09:45:00,2324,2324
824,03/06/2021 , 10:00:00,2125,2125
825,03/06/2021 , 10:15:00,2505,2505
826,03/06/2021 , 10:30:00,2651,2651
827,03/06/2021 , 10:45:00,2504,2504
828,03/06/2021 , 11:00:00,2858,2858
829,03/06/2021 , 11:15:00,2892,2892
830,03/06/2021 , 11:30:00,2959,2959
831,03/06/2021 , 11:45:00,3014,3014
832,03/06/2021 , 12:00:00,3102,3102
833,03/06/2021 , 12:15:00,3499,3499
834,03/06/2021 , 12:30:00,2711,2711
835,03/06/2021 , 12:45:00,3446,3446
836,03/06/2021 , 13:00:00,2211,2211
837,03/06/2021 , 13:15:00,1993,1993
838,03/06/2021 , 13:30:00,2169,2169
839,03/06/2021 , 13:45:00,2112,2112
840,03/06/2021 , 14:00:00,1972,1972
841,03/06/2021 , 14:15:00,2804,2804
842,03/06/2021 , 14:30:00,3008,3008
843,03/06/2021 , 14:45:00,3970,3970
844,03/06/2021 , 15:00:00,4025,4025
845,03/06/2021 , 15:15:00,4070,4070
846,03/06/2021 , 15:30:00,4056,4056
847,03/06/2021 , 15:45:00,3632,3632
848,03/06/2021 , 16:00:00,1966,1966
849,03/06/2021 , 16:15:00,1991,1991
850,03/06/2021 , 16:30:00,2093,2093
851,03/06/2021 , 16:45:00,1965,1965
852,03/06/2021 , 17:00:00,1883,1883
853,03/06/2021 , 17:15:00,1956,1956
854,03/06/2021 , 17:30:00,1775,1775
855,03/06/2021 , 17:45:00,1685,1685
856,03/06/2021 , 18:00:00,1682,1682
857,03/06/2021 , 18:15:00,1416,1416
858,03/06/2021 , 18:30:00,1296,1296
859,03/06/2021 , 18:45:00,1106,1106
860,03/06/2021 , 19:00:00,992,992
861,03/06/2021 , 19:15:00,488,488
862,03/06/2021 , 19:30:00,266,266
863,03/06/2021 , 19:45:00,390,390
864,03/06/2021 , 20:00:00,459,459
865,03/06/2021 , 20:15:00,274,274
866,03/06/2021 , 20:30:00,181,181
867,03/06/2021 , 20:45:00,85,85
868,03/06/2021 , 21:00:00,30,30
869,03/06/2021 , 21:15:00,8,8
870,03/06/2021 , 21:30:00,1,1
871,03/06/2021 , 21:45:00,0,0
872,03/06/2021 , 22:00:00,0,0
873,03/06/2021 , 22:15:00,0,0
874,03/06/2021 , 22:30:00,0,0
875,03/06/2021 , 22:45:00,0,0
876,03/06/2021 , 23:00:00,0,0
877,03/06/2021 , 23:15:00,0,0
878,03/06/2021 , 23:30:00,0,0
879,03/06/2021 , 23:45:00,0,0
880,03/06/2021 , 24:00:00,0,0
881,04/06/2021 , 00:15:00,0,0
882,04/06/2021 , 00:30:00,0,0
883,04/06/2021 , 00:45:00,0,0
884,04/06/2021 , 01:00:00,0,0
885,04/06/2021 , 01:15:00,0,0
886,04/06/2021 , 01:30:00,0,0
887,04/06/2021 , 01:45:00,0,0
888,04/06/2021 , 02:00:00,0,0
889,04/06/2021 , 02:15:00,0,0
890,04/06/2021 , 02:30:00,0,0
891,04/06/2021 , 02:45:00,0,0
892,04/06/2021 , 03:00:00,0,0
893,04/06/2021 , 03:15:00,0,0
894,04/06/2021 , 03:30:00,0,0
895,04/06/2021 , 03:45:00,0,0
896,04/06/2021 , 04:00:00,0,0
897,04/06/2021 , 04:15:00,0,0
898,04/06/2021 , 04:30:00,0,0
899,04/06/2021 , 04:45:00,0,0
900,04/06/2021 , 05:00:00,0,0
901,04/06/2021 , 05:15:00,0,0
902,04/06/2021 , 05:30:00,8,8
903,04/06/2021 , 05:45:00,14,14
904,04/06/2021 , 06:00:00,34,34
905,04/06/2021 , 06:15:00,63,63
906,04/06/2021 , 06:30:00,119,119
907,04/06/2021 , 06:45:00,204,204
908,04/06/2021 , 07:00:00,270,270
909,04/06/2021 , 07:15:00,433,433
910,04/06/2021 , 07:30:00,658,658
911,04/06/2021 , 07:45:00,774,774
912,04/06/2021 , 08:00:00,350,350
913,04/06/2021 , 08:15:00,701,701
914,04/06/2021 , 08:30:00,642,642
915,04/06/2021 , 08:45:00,1288,1288
916,04/06/2021 , 09:00:00,1044,1044
917,04/06/2021 , 09:15:00,1058,1058
918,04/06/2021 , 09:30:00,1518,1518
919,04/06/2021 , 09:45:00,1289,1289
920,04/06/2021 , 10:00:00,1142,1142
921,04/06/2021 , 10:15:00,831,831
922,04/06/2021 , 10:30:00,1002,1002
923,04/06/2021 , 10:45:00,1124,1124
924,04/06/2021 , 11:00:00,653,653
925,04/06/2021 , 11:15:00,1058,1058
926,04/06/2021 , 11:30:00,1404,1404
927,04/06/2021 , 11:45:00,1386,1386
928,04/06/2021 , 12:00:00,1044,1044
929,04/06/2021 , 12:15:00,1114,1114
930,04/06/2021 , 12:30:00,1547,1547
931,04/06/2021 , 12:45:00,1579,1579
932,04/06/2021 , 13:00:00,1632,1632
933,04/06/2021 , 13:15:00,1754,1754
934,04/06/2021 , 13:30:00,2035,2035
935,04/06/2021 , 13:45:00,908,908
936,04/06/2021 , 14:00:00,628,628
937,04/06/2021 , 14:15:00,607,607
938,04/06/2021 , 14:30:00,728,728
939,04/06/2021 , 14:45:00,1001,1001
940,04/06/2021 , 15:00:00,574,574
941,04/06/2021 , 15:15:00,643,643
942,04/06/2021 , 15:30:00,658,658
943,04/06/2021 , 15:45:00,626,626
944,04/06/2021 , 16:00:00,388,388
945,04/06/2021 , 16:15:00,631,631
946,04/06/2021 , 16:30:00,606,606
947,04/06/2021 , 16:45:00,536,536
948,04/06/2021 , 17:00:00,313,313
949,04/06/2021 , 17:15:00,317,317
950,04/06/2021 , 17:30:00,414,414
951,04/06/2021 , 17:45:00,408,408
952,04/06/2021 , 18:00:00,351,351
953,04/06/2021 , 18:15:00,314,314
954,04/06/2021 , 18:30:00,365,365
955,04/06/2021 , 18:45:00,390,390
956,04/06/2021 , 19:00:00,393,393
957,04/06/2021 , 19:15:00,270,270
958,04/06/2021 , 19:30:00,186,186
959,04/06/2021 , 19:45:00,75,75
960,04/06/2021 , 20:00:00,29,29
961,04/06/2021 , 20:15:00,17,17
962,04/06/2021 , 20:30:00,14,14
963,04/06/2021 , 20:45:00,15,15
964,04/06/2021 , 21:00:00,7,7
965,04/06/2021 , 21:15:00,1,1
966,04/06/2021 , 21:30:00,0,0
967,04/06/2021 , 21:45:00,0,0
968,04/06/2021 , 22:00:00,0,0
969,04/06/2021 , 22:15:00,0,0
970,04/06/2021 , 22:30:00,0,0
971,04/06/2021 , 22:45:00,0,0
972,04/06/2021 , 23:00:00,0,0
973,04/06/2021 , 23:15:00,0,0
974,04/06/2021 , 23:30:00,0,0
975,04/06/2021 , 23:45:00,0,0
976,04/06/2021 , 24:00:00,0,0
977,05/06/2021 , 00:15:00,0,0
978,05/06/2021 , 00:30:00,0,0
979,05/06/2021 , 00:45:00,0,0
980,05/06/2021 , 01:00:00,0,0
981,05/06/2021 , 01:15:00,0,0
982,05/06/2021 , 01:30:00,0,0
983,05/06/2021 , 01:45:00,0,0
984,05/06/2021 , 02:00:00,0,0
985,05/06/2021 , 02:15:00,0,0
986,05/06/2021 , 02:30:00,0,0
987,05/06/2021 , 02:45:00,0,0
988,05/06/2021 , 03:00:00,0,0
989,05/06/2021 , 03:15:00,0,0
990,05/06/2021 , 03:30:00,0,0
991,05/06/2021 , 03:45:00,0,0
992,05/06/2021 , 04:00:00,0,0
993,05/06/2021 , 04:15:00,0,0
994,05/06/2021 , 04:30:00,0,0
995,05/06/2021 , 04:45:00,0,0
996,05/06/2021 , 05:00:00,0,0
997,05/06/2021 , 05:15:00,0,0
998,05/06/2021 , 05:30:00,7,7
999,05/06/2021 , 05:45:00,27,27
1000,05/06/2021 , 06:00:00,41,41
1001,05/06/2021 , 06:15:00,41,41
1002,05/06/2021 , 06:30:00,82,82
1003,05/06/2021 , 06:45:00,102,102
1004,05/06/2021 , 07:00:00,131,131
1005,05/06/2021 , 07:15:00,179,179
1006,05/06/2021 , 07:30:00,221,221
1007,05/06/2021 , 07:45:00,367,367
1008,05/06/2021 , 08:00:00,387,387
1009,05/06/2021 , 08:15:00,750,750
1010,05/06/2021 , 08:30:00,799,799
1011,05/06/2021 , 08:45:00,897,897
1012,05/06/2021 , 09:00:00,1003,1003
1013,05/06/2021 , 09:15:00,824,824
1014,05/06/2021 , 09:30:00,1226,1226
1015,05/06/2021 , 09:45:00,1952,1952
1016,05/06/2021 , 10:00:00,2120,2120
1017,05/06/2021 , 10:15:00,786,786
1018,05/06/2021 , 10:30:00,523,523
1019,05/06/2021 , 10:45:00,595,595
1020,05/06/2021 , 11:00:00,862,862
1021,05/06/2021 , 11:15:00,1029,1029
1022,05/06/2021 , 11:30:00,1145,1145
1023,05/06/2021 , 11:45:00,2132,2132
1024,05/06/2021 , 12:00:00,3020,3020
1025,05/06/2021 , 12:15:00,1382,1382
1026,05/06/2021 , 12:30:00,2258,2258
1027,05/06/2021 , 12:45:00,1753,1753
1028,05/06/2021 , 13:00:00,1014,1014
1029,05/06/2021 , 13:15:00,987,987
1030,05/06/2021 , 13:30:00,977,977
1031,05/06/2021 , 13:45:00,562,562
1032,05/06/2021 , 14:00:00,444,444
1033,05/06/2021 , 14:15:00,480,480
1034,05/06/2021 , 14:30:00,436,436
1035,05/06/2021 , 14:45:00,1350,1350
1036,05/06/2021 , 15:00:00,1153,1153
1037,05/06/2021 , 15:15:00,1345,1345
1038,05/06/2021 , 15:30:00,1086,1086
1039,05/06/2021 , 15:45:00,731,731
1040,05/06/2021 , 16:00:00,901,901
1041,05/06/2021 , 16:15:00,740,740
1042,05/06/2021 , 16:30:00,746,746
1043,05/06/2021 , 16:45:00,617,617
1044,05/06/2021 , 17:00:00,470,470
1045,05/06/2021 , 17:15:00,391,391
1046,05/06/2021 , 17:30:00,313,313
1047,05/06/2021 , 17:45:00,181,181
1048,05/06/2021 , 18:00:00,119,119
1049,05/06/2021 , 18:15:00,98,98
1050,05/06/2021 , 18:30:00,109,109
1051,05/06/2021 , 18:45:00,68,68
1052,05/06/2021 , 19:00:00,60,60
1053,05/06/2021 , 19:15:00,49,49
1054,05/06/2021 , 19:30:00,33,33
1055,05/06/2021 , 19:45:00,24,24
1056,05/06/2021 , 20:00:00,18,18
1057,05/06/2021 , 20:15:00,13,13
1058,05/06/2021 , 20:30:00,8,8
1059,05/06/2021 , 20:45:00,5,5
1060,05/06/2021 , 21:00:00,1,1
1061,05/06/2021 , 21:15:00,1,1
1062,05/06/2021 , 21:30:00,0,0
1063,05/06/2021 , 21:45:00,0,0
1064,05/06/2021 , 22:00:00,0,0
1065,05/06/2021 , 22:15:00,0,0
1066,05/06/2021 , 22:30:00,0,0
1067,05/06/2021 , 22:45:00,0,0
1068,05/06/2021 , 23:00:00,0,0
1069,05/06/2021 , 23:15:00,0,0
1070,05/06/2021 , 23:30:00,0,0
1071,05/06/2021 , 23:45:00,0,0
1072,05/06/2021 , 24:00:00,0,0
1073,06/06/2021 , 00:15:00,0,0
1074,06/06/2021 , 00:30:00,0,0
1075,06/06/2021 , 00:45:00,0,0
1076,06/06/2021 , 01:00:00,0,0
1077,06/06/2021 , 01:15:00,0,0
1078,06/06/2021 , 01:30:00,0,0
1079,06/06/2021 , 01:45:00,0,0
1080,06/06/2021 , 02:00:00,0,0
1081,06/06/2021 , 02:15:00,0,0
1082,06/06/2021 , 02:30:00,0,0
1083,06/06/2021 , 02:45:00,0,0
1084,06/06/2021 , 03:00:00,0,0
1085,06/06/2021 , 03:15:00,0,0
1086,06/06/2021 , 03:30:00,0,0
1087,06/06/2021 , 03:45:00,0,0
1088,06/06/2021 , 04:00:00,0,0
1089,06/06/2021 , 04:15:00,0,0
1090,06/06/2021 , 04:30:00,0,0
1091,06/06/2021 , 04:45:00,0,0
1092,06/06/2021 , 05:00:00,0,0
1093,06/06/2021 , 05:15:00,0,0
1094,06/06/2021 , 05:30:00,6,6
1095,06/06/2021 , 05:45:00,11,11
1096,06/06/2021 , 06:00:00,16,16
1097,06/06/2021 , 06:15:00,33,33
1098,06/06/2021 , 06:30:00,63,63
1099,06/06/2021 , 06:45:00,80,80
1100,06/06/2021 , 07:00:00,81,81
1101,06/06/2021 , 07:15:00,104,104
1102,06/06/2021 , 07:30:00,119,119
1103,06/06/2021 , 07:45:00,137,137
1104,06/06/2021 , 08:00:00,232,232
1105,06/06/2021 , 08:15:00,274,274
1106,06/06/2021 , 08:30:00,250,250
1107,06/06/2021 , 08:45:00,264,264
1108,06/06/2021 , 09:00:00,328,328
1109,06/06/2021 , 09:15:00,598,598
1110,06/06/2021 , 09:30:00,798,798
1111,06/06/2021 , 09:45:00,754,754
1112,06/06/2021 , 10:00:00,547,547
1113,06/06/2021 , 10:15:00,550,550
1114,06/06/2021 , 10:30:00,512,512
1115,06/06/2021 , 10:45:00,722,722
1116,06/06/2021 , 11:00:00,591,591
1117,06/06/2021 , 11:15:00,396,396
1118,06/06/2021 , 11:30:00,448,448
1119,06/06/2021 , 11:45:00,476,476
1120,06/06/2021 , 12:00:00,460,460
1121,06/06/2021 , 12:15:00,487,487
1122,06/06/2021 , 12:30:00,446,446
1123,06/06/2021 , 12:45:00,611,611
1124,06/06/2021 , 13:00:00,625,625
1125,06/06/2021 , 13:15:00,628,628
1126,06/06/2021 , 13:30:00,629,629
1127,06/06/2021 , 13:45:00,528,528
1128,06/06/2021 , 14:00:00,485,485
1129,06/06/2021 , 14:15:00,418,418
1130,06/06/2021 , 14:30:00,471,471
1131,06/06/2021 , 14:45:00,831,831
1132,06/06/2021 , 15:00:00,392,392
1133,06/06/2021 , 15:15:00,381,381
1134,06/06/2021 , 15:30:00,290,290
1135,06/06/2021 , 15:45:00,245,245
1136,06/06/2021 , 16:00:00,175,175
1137,06/06/2021 , 16:15:00,143,143
1138,06/06/2021 , 16:30:00,146,146
1139,06/06/2021 , 16:45:00,178,178
1140,06/06/2021 , 17:00:00,171,171
1141,06/06/2021 , 17:15:00,127,127
1142,06/06/2021 , 17:30:00,108,108
1143,06/06/2021 , 17:45:00,75,75
1144,06/06/2021 , 18:00:00,102,102
1145,06/06/2021 , 18:15:00,185,185
1146,06/06/2021 , 18:30:00,144,144
1147,06/06/2021 , 18:45:00,69,69
1148,06/06/2021 , 19:00:00,26,26
1149,06/06/2021 , 19:15:00,15,15
1150,06/06/2021 , 19:30:00,14,14
1151,06/06/2021 , 19:45:00,23,23
1152,06/06/2021 , 20:00:00,17,17
1153,06/06/2021 , 20:15:00,6,6
1154,06/06/2021 , 20:30:00,2,2
1155,06/06/2021 , 20:45:00,3,3
1156,06/06/2021 , 21:00:00,2,2
1157,06/06/2021 , 21:15:00,0,0
1158,06/06/2021 , 21:30:00,0,0
1159,06/06/2021 , 21:45:00,0,0
1160,06/06/2021 , 22:00:00,0,0
1161,06/06/2021 , 22:15:00,0,0
1162,06/06/2021 , 22:30:00,0,0
1163,06/06/2021 , 22:45:00,0,0
1164,06/06/2021 , 23:00:00,0,0
1165,06/06/2021 , 23:15:00,0,0
1166,06/06/2021 , 23:30:00,0,0
1167,06/06/2021 , 23:45:00,0,0
1168,06/06/2021 , 24:00:00,0,0
1169,07/06/2021 , 00:15:00,0,0
1170,07/06/2021 , 00:30:00,0,0
1171,07/06/2021 , 00:45:00,0,0
1172,07/06/2021 , 01:00:00,0,0
1173,07/06/2021 , 01:15:00,0,0
1174,07/06/2021 , 01:30:00,0,0
1175,07/06/2021 , 01:45:00,0,0
1176,07/06/2021 , 02:00:00,0,0
1177,07/06/2021 , 02:15:00,0,0
1178,07/06/2021 , 02:30:00,0,0
1179,07/06/2021 , 02:45:00,0,0
1180,07/06/2021 , 03:00:00,0,0
1181,07/06/2021 , 03:15:00,0,0
1182,07/06/2021 , 03:30:00,0,0
1183,07/06/2021 , 03:45:00,0,0
1184,07/06/2021 , 04:00:00,0,0
1185,07/06/2021 , 04:15:00,0,0
1186,07/06/2021 , 04:30:00,0,0
1187,07/06/2021 , 04:45:00,0,0
1188,07/06/2021 , 05:00:00,0,0
1189,07/06/2021 , 05:15:00,0,0
1190,07/06/2021 , 05:30:00,4,4
1191,07/06/2021 , 05:45:00,15,15
1192,07/06/2021 , 06:00:00,32,32
1193,07/06/2021 , 06:15:00,66,66
1194,07/06/2021 , 06:30:00,74,74
1195,07/06/2021 , 06:45:00,70,70
1196,07/06/2021 , 07:00:00,101,101
1197,07/06/2021 , 07:15:00,113,113
1198,07/06/2021 , 07:30:00,177,177
1199,07/06/2021 , 07:45:00,569,569
1200,07/06/2021 , 08:00:00,774,774
1201,07/06/2021 , 08:15:00,1675,1675
1202,07/06/2021 , 08:30:00,2380,2380
1203,07/06/2021 , 08:45:00,1507,1507
1204,07/06/2021 , 09:00:00,1225,1225
1205,07/06/2021 , 09:15:00,1458,1458
1206,07/06/2021 , 09:30:00,1726,1726
1207,07/06/2021 , 09:45:00,2061,2061
1208,07/06/2021 , 10:00:00,4293,4293
1209,07/06/2021 , 10:15:00,3038,3038
1210,07/06/2021 , 10:30:00,5396,5396
1211,07/06/2021 , 10:45:00,5330,5330
1212,07/06/2021 , 11:00:00,2342,2342
1213,07/06/2021 , 11:15:00,1814,1814
1214,07/06/2021 , 11:30:00,1813,1813
1215,07/06/2021 , 11:45:00,1274,1274
1216,07/06/2021 , 12:00:00,2022,2022
1217,07/06/2021 , 12:15:00,2625,2625
1218,07/06/2021 , 12:30:00,2314,2314
1219,07/06/2021 , 12:45:00,4060,4060
1220,07/06/2021 , 13:00:00,6830,6830
1221,07/06/2021 , 13:15:00,2016,2016
1222,07/06/2021 , 13:30:00,4533,4533
1223,07/06/2021 , 13:45:00,5117,5117
1224,07/06/2021 , 14:00:00,4227,4227
1225,07/06/2021 , 14:15:00,3816,3816
1226,07/06/2021 , 14:30:00,3792,3792
1227,07/06/2021 , 14:45:00,2785,2785
1228,07/06/2021 , 15:00:00,1875,1875
1229,07/06/2021 , 15:15:00,2381,2381
1230,07/06/2021 , 15:30:00,1759,1759
1231,07/06/2021 , 15:45:00,1498,1498
1232,07/06/2021 , 16:00:00,1218,1218
1233,07/06/2021 , 16:15:00,1093,1093
1234,07/06/2021 , 16:30:00,981,981
1235,07/06/2021 , 16:45:00,875,875
1236,07/06/2021 , 17:00:00,709,709
1237,07/06/2021 , 17:15:00,722,722
1238,07/06/2021 , 17:30:00,643,643
1239,07/06/2021 , 17:45:00,517,517
1240,07/06/2021 , 18:00:00,423,423
1241,07/06/2021 , 18:15:00,406,406
1242,07/06/2021 , 18:30:00,348,348
1243,07/06/2021 , 18:45:00,296,296
1244,07/06/2021 , 19:00:00,211,211
1245,07/06/2021 , 19:15:00,212,212
1246,07/06/2021 , 19:30:00,201,201
1247,07/06/2021 , 19:45:00,133,133
1248,07/06/2021 , 20:00:00,109,109
1249,07/06/2021 , 20:15:00,86,86
1250,07/06/2021 , 20:30:00,78,78
1251,07/06/2021 , 20:45:00,38,38
1252,07/06/2021 , 21:00:00,24,24
1253,07/06/2021 , 21:15:00,8,8
1254,07/06/2021 , 21:30:00,1,1
1255,07/06/2021 , 21:45:00,0,0
1256,07/06/2021 , 22:00:00,0,0
1257,07/06/2021 , 22:15:00,0,0
1258,07/06/2021 , 22:30:00,0,0
1259,07/06/2021 , 22:45:00,0,0
1260,07/06/2021 , 23:00:00,0,0
1261,07/06/2021 , 23:15:00,0,0
1262,07/06/2021 , 23:30:00,0,0
1263,07/06/2021 , 23:45:00,0,0
1264,07/06/2021 , 24:00:00,0,0
1265,08/06/2021 , 00:15:00,0,0
1266,08/06/2021 , 00:30:00,0,0
1267,08/06/2021 , 00:45:00,0,0
1268,08/06/2021 , 01:00:00,0,0
1269,08/06/2021 , 01:15:00,0,0
1270,08/06/2021 , 01:30:00,0,0
1271,08/06/2021 , 01:45:00,0,0
1272,08/06/2021 , 02:00:00,0,0
1273,08/06/2021 , 02:15:00,0,0
1274,08/06/2021 , 02:30:00,0,0
1275,08/06/2021 , 02:45:00,0,0
1276,08/06/2021 , 03:00:00,0,0
1277,08/06/2021 , 03:15:00,0,0
1278,08/06/2021 , 03:30:00,0,0
1279,08/06/2021 , 03:45:00,0,0
1280,08/06/2021 , 04:00:00,0,0
1281,08/06/2021 , 04:15:00,0,0
1282,08/06/2021 , 04:30:00,0,0
1283,08/06/2021 , 04:45:00,0,0
1284,08/06/2021 , 05:00:00,0,0
1285,08/06/2021 , 05:15:00,3,3
1286,08/06/2021 , 05:30:00,15,15
1287,08/06/2021 , 05:45:00,31,31
1288,08/06/2021 , 06:00:00,61,61
1289,08/06/2021 , 06:15:00,129,129
1290,08/06/2021 , 06:30:00,169,169
1291,08/06/2021 , 06:45:00,243,243
1292,08/06/2021 , 07:00:00,402,402
1293,08/06/2021 , 07:15:00,423,423
1294,08/06/2021 , 07:30:00,777,777
1295,08/06/2021 , 07:45:00,1324,1324
1296,08/06/2021 , 08:00:00,1601,1601
1297,08/06/2021 , 08:15:00,1716,1716
1298,08/06/2021 , 08:30:00,1821,1821
1299,08/06/2021 , 08:45:00,971,971
1300,08/06/2021 , 09:00:00,2817,2817
1301,08/06/2021 , 09:15:00,5564,5564
1302,08/06/2021 , 09:30:00,6627,6627
1303,08/06/2021 , 09:45:00,8582,8582
1304,08/06/2021 , 10:00:00,10202,10202
1305,08/06/2021 , 10:15:00,10735,10735
1306,08/06/2021 , 10:30:00,8151,8151
1307,08/06/2021 , 10:45:00,13758,13758
1308,08/06/2021 , 11:00:00,14526,14526
1309,08/06/2021 , 11:15:00,14554,14554
1310,08/06/2021 , 11:30:00,12508,12508
1311,08/06/2021 , 11:45:00,10785,10785
1312,08/06/2021 , 12:00:00,5676,5676
1313,08/06/2021 , 12:15:00,6862,6862
1314,08/06/2021 , 12:30:00,5207,5207
1315,08/06/2021 , 12:45:00,7355,7355
1316,08/06/2021 , 13:00:00,4574,4574
1317,08/06/2021 , 13:15:00,6605,6605
1318,08/06/2021 , 13:30:00,5143,5143
1319,08/06/2021 , 13:45:00,5515,5515
1320,08/06/2021 , 14:00:00,6645,6645
1321,08/06/2021 , 14:15:00,6365,6365
1322,08/06/2021 , 14:30:00,6053,6053
1323,08/06/2021 , 14:45:00,5653,5653
1324,08/06/2021 , 15:00:00,5218,5218
1325,08/06/2021 , 15:15:00,4911,4911
1326,08/06/2021 , 15:30:00,4806,4806
1327,08/06/2021 , 15:45:00,4273,4273
1328,08/06/2021 , 16:00:00,3554,3554
1329,08/06/2021 , 16:15:00,2839,2839
1330,08/06/2021 , 16:30:00,2608,2608
1331,08/06/2021 , 16:45:00,2362,2362
1332,08/06/2021 , 17:00:00,1958,1958
1333,08/06/2021 , 17:15:00,1790,1790
1334,08/06/2021 , 17:30:00,1500,1500
1335,08/06/2021 , 17:45:00,1157,1157
1336,08/06/2021 , 18:00:00,1072,1072
1337,08/06/2021 , 18:15:00,975,975
1338,08/06/2021 , 18:30:00,691,691
1339,08/06/2021 , 18:45:00,438,438
1340,08/06/2021 , 19:00:00,234,234
1341,08/06/2021 , 19:15:00,361,361
1342,08/06/2021 , 19:30:00,273,273
1343,08/06/2021 , 19:45:00,236,236
1344,08/06/2021 , 20:00:00,182,182
1345,08/06/2021 , 20:15:00,140,140
1346,08/06/2021 , 20:30:00,86,86
1347,08/06/2021 , 20:45:00,48,48
1348,08/06/2021 , 21:00:00,27,27
1349,08/06/2021 , 21:15:00,10,10
1350,08/06/2021 , 21:30:00,2,2
1351,08/06/2021 , 21:45:00,0,0
1352,08/06/2021 , 22:00:00,0,0
1353,08/06/2021 , 22:15:00,0,0
1354,08/06/2021 , 22:30:00,0,0
1355,08/06/2021 , 22:45:00,0,0
1356,08/06/2021 , 23:00:00,0,0
1357,08/06/2021 , 23:15:00,0,0
1358,08/06/2021 , 23:30:00,0,0
1359,08/06/2021 , 23:45:00,0,0
1360,08/06/2021 , 24:00:00,0,0
1361,09/06/2021 , 00:15:00,0,0
1362,09/06/2021 , 00:30:00,0,0
1363,09/06/2021 , 00:45:00,0,0
1364,09/06/2021 , 01:00:00,0,0
1365,09/06/2021 , 01:15:00,0,0
1366,09/06/2021 , 01:30:00,0,0
1367,09/06/2021 , 01:45:00,0,0
1368,09/06/2021 , 02:00:00,0,0
1369,09/06/2021 , 02:15:00,0,0
1370,09/06/2021 , 02:30:00,0,0
1371,09/06/2021 , 02:45:00,0,0
1372,09/06/2021 , 03:00:00,0,0
1373,09/06/2021 , 03:15:00,0,0
1374,09/06/2021 , 03:30:00,0,0
1375,09/06/2021 , 03:45:00,0,0
1376,09/06/2021 , 04:00:00,0,0
1377,09/06/2021 , 04:15:00,0,0
1378,09/06/2021 , 04:30:00,0,0
1379,09/06/2021 , 04:45:00,0,0
1380,09/06/2021 , 05:00:00,0,0
1381,09/06/2021 , 05:15:00,4,4
1382,09/06/2021 , 05:30:00,15,15
1383,09/06/2021 , 05:45:00,43,43
1384,09/06/2021 , 06:00:00,77,77
1385,09/06/2021 , 06:15:00,119,119
1386,09/06/2021 , 06:30:00,191,191
1387,09/06/2021 , 06:45:00,323,323
1388,09/06/2021 , 07:00:00,404,404
1389,09/06/2021 , 07:15:00,506,506
1390,09/06/2021 , 07:30:00,461,461
1391,09/06/2021 , 07:45:00,529,529
1392,09/06/2021 , 08:00:00,682,682
1393,09/06/2021 , 08:15:00,814,814
1394,09/06/2021 , 08:30:00,1487,1487
1395,09/06/2021 , 08:45:00,2250,2250
1396,09/06/2021 , 09:00:00,3266,3266
1397,09/06/2021 , 09:15:00,3403,3403
1398,09/06/2021 , 09:30:00,6329,6329
1399,09/06/2021 , 09:45:00,7539,7539
1400,09/06/2021 , 10:00:00,4439,4439
1401,09/06/2021 , 10:15:00,5234,5234
1402,09/06/2021 , 10:30:00,7061,7061
1403,09/06/2021 , 10:45:00,12251,12251
1404,09/06/2021 , 11:00:00,15895,15895
1405,09/06/2021 , 11:15:00,16861,16861
1406,09/06/2021 , 11:30:00,19457,19457
1407,09/06/2021 , 11:45:00,20123,20123
1408,09/06/2021 , 12:00:00,20976,20976
1409,09/06/2021 , 12:15:00,18605,18605
1410,09/06/2021 , 12:30:00,19687,19687
1411,09/06/2021 , 12:45:00,17786,17786
1412,09/06/2021 , 13:00:00,16600,16600
1413,09/06/2021 , 13:15:00,12312,12312
1414,09/06/2021 , 13:30:00,7475,7475
1415,09/06/2021 , 13:45:00,10177,10177
1416,09/06/2021 , 14:00:00,9413,9413
1417,09/06/2021 , 14:15:00,8700,8700
1418,09/06/2021 , 14:30:00,8023,8023
1419,09/06/2021 , 14:45:00,6814,6814
1420,09/06/2021 , 15:00:00,5310,5310
1421,09/06/2021 , 15:15:00,4738,4738
1422,09/06/2021 , 15:30:00,4444,4444
1423,09/06/2021 , 15:45:00,3938,3938
1424,09/06/2021 , 16:00:00,3582,3582
1425,09/06/2021 , 16:15:00,2891,2891
1426,09/06/2021 , 16:30:00,2255,2255
1427,09/06/2021 , 16:45:00,1620,1620
1428,09/06/2021 , 17:00:00,1291,1291
1429,09/06/2021 , 17:15:00,1362,1362
1430,09/06/2021 , 17:30:00,1382,1382
1431,09/06/2021 , 17:45:00,1088,1088
1432,09/06/2021 , 18:00:00,948,948
1433,09/06/2021 , 18:15:00,824,824
1434,09/06/2021 , 18:30:00,838,838
1435,09/06/2021 , 18:45:00,647,647
1436,09/06/2021 , 19:00:00,500,500
1437,09/06/2021 , 19:15:00,414,414
1438,09/06/2021 , 19:30:00,366,366
1439,09/06/2021 , 19:45:00,339,339
1440,09/06/2021 , 20:00:00,254,254
1441,09/06/2021 , 20:15:00,222,222
1442,09/06/2021 , 20:30:00,132,132
1443,09/06/2021 , 20:45:00,77,77
1444,09/06/2021 , 21:00:00,38,38
1445,09/06/2021 , 21:15:00,14,14
1446,09/06/2021 , 21:30:00,3,3
1447,09/06/2021 , 21:45:00,0,0
1448,09/06/2021 , 22:00:00,0,0
1449,09/06/2021 , 22:15:00,0,0
1450,09/06/2021 , 22:30:00,0,0
1451,09/06/2021 , 22:45:00,0,0
1452,09/06/2021 , 23:00:00,0,0
1453,09/06/2021 , 23:15:00,0,0
1454,09/06/2021 , 23:30:00,0,0
1455,09/06/2021 , 23:45:00,0,0
1456,09/06/2021 , 24:00:00,0,0
1457,10/06/2021 , 00:15:00,0,0
1458,10/06/2021 , 00:30:00,0,0
1459,10/06/2021 , 00:45:00,0,0
1460,10/06/2021 , 01:00:00,0,0
1461,10/06/2021 , 01:15:00,0,0
1462,10/06/2021 , 01:30:00,0,0
1463,10/06/2021 , 01:45:00,0,0
1464,10/06/2021 , 02:00:00,0,0
1465,10/06/2021 , 02:15:00,0,0
1466,10/06/2021 , 02:30:00,0,0
1467,10/06/2021 , 02:45:00,0,0
1468,10/06/2021 , 03:00:00,0,0
1469,10/06/2021 , 03:15:00,0,0
1470,10/06/2021 , 03:30:00,0,0
1471,10/06/2021 , 03:45:00,0,0
1472,10/06/2021 , 04:00:00,0,0
1473,10/06/2021 , 04:15:00,0,0
1474,10/06/2021 , 04:30:00,0,0
1475,10/06/2021 , 04:45:00,0,0
1476,10/06/2021 , 05:00:00,0,0
1477,10/06/2021 , 05:15:00,6,6
1478,10/06/2021 , 05:30:00,15,15
1479,10/06/2021 , 05:45:00,27,27
1480,10/06/2021 , 06:00:00,51,51
1481,10/06/2021 , 06:15:00,80,80
1482,10/06/2021 , 06:30:00,147,147
1483,10/06/2021 , 06:45:00,206,206
1484,10/06/2021 , 07:00:00,235,235
1485,10/06/2021 , 07:15:00,284,284
1486,10/06/2021 , 07:30:00,391,391
1487,10/06/2021 , 07:45:00,472,472
1488,10/06/2021 , 08:00:00,530,530
1489,10/06/2021 , 08:15:00,719,719
1490,10/06/2021 , 08:30:00,1023,1023
1491,10/06/2021 , 08:45:00,1418,1418
1492,10/06/2021 , 09:00:00,1609,1609
1493,10/06/2021 , 09:15:00,1811,1811
1494,10/06/2021 , 09:30:00,549,549
1495,10/06/2021 , 09:45:00,409,409
1496,10/06/2021 , 10:00:00,456,456
1497,10/06/2021 , 10:15:00,777,777
1498,10/06/2021 , 10:30:00,1173,1173
1499,10/06/2021 , 10:45:00,1483,1483
1500,10/06/2021 , 11:00:00,1578,1578
1501,10/06/2021 , 11:15:00,4439,4439
1502,10/06/2021 , 11:30:00,8892,8892
1503,10/06/2021 , 11:45:00,10623,10623
1504,10/06/2021 , 12:00:00,8619,8619
1505,10/06/2021 , 12:15:00,6994,6994
1506,10/06/2021 , 12:30:00,6485,6485
1507,10/06/2021 , 12:45:00,5713,5713
1508,10/06/2021 , 13:00:00,5377,5377
1509,10/06/2021 , 13:15:00,6790,6790
1510,10/06/2021 , 13:30:00,3306,3306
1511,10/06/2021 , 13:45:00,1340,1340
1512,10/06/2021 , 14:00:00,1393,1393
1513,10/06/2021 , 14:15:00,7211,7211
1514,10/06/2021 , 14:30:00,4805,4805
1515,10/06/2021 , 14:45:00,4275,4275
1516,10/06/2021 , 15:00:00,6584,6584
1517,10/06/2021 , 15:15:00,2688,2688
1518,10/06/2021 , 15:30:00,790,790
1519,10/06/2021 , 15:45:00,781,781
1520,10/06/2021 , 16:00:00,719,719
1521,10/06/2021 , 16:15:00,633,633
1522,10/06/2021 , 16:30:00,479,479
1523,10/06/2021 , 16:45:00,575,575
1524,10/06/2021 , 17:00:00,337,337
1525,10/06/2021 , 17:15:00,188,188
1526,10/06/2021 , 17:30:00,185,185
1527,10/06/2021 , 17:45:00,155,155
1528,10/06/2021 , 18:00:00,106,106
1529,10/06/2021 , 18:15:00,27,27
1530,10/06/2021 , 18:30:00,46,46
1531,10/06/2021 , 18:45:00,55,55
1532,10/06/2021 , 19:00:00,40,40
1533,10/06/2021 , 19:15:00,35,35
1534,10/06/2021 , 19:30:00,24,24
1535,10/06/2021 , 19:45:00,18,18
1536,10/06/2021 , 20:00:00,13,13
1537,10/06/2021 , 20:15:00,7,7
1538,10/06/2021 , 20:30:00,4,4
1539,10/06/2021 , 20:45:00,2,2
1540,10/06/2021 , 21:00:00,1,1
1541,10/06/2021 , 21:15:00,0,0
1542,10/06/2021 , 21:30:00,0,0
1543,10/06/2021 , 21:45:00,0,0
1544,10/06/2021 , 22:00:00,0,0
1545,10/06/2021 , 22:15:00,0,0
1546,10/06/2021 , 22:30:00,0,0
1547,10/06/2021 , 22:45:00,0,0
1548,10/06/2021 , 23:00:00,0,0
1549,10/06/2021 , 23:15:00,0,0
1550,10/06/2021 , 23:30:00,0,0
1551,10/06/2021 , 23:45:00,0,0
1552,10/06/2021 , 24:00:00,0,0
1553,11/06/2021 , 00:15:00,0,0
1554,11/06/2021 , 00:30:00,0,0
1555,11/06/2021 , 00:45:00,0,0
1556,11/06/2021 , 01:00:00,0,0
1557,11/06/2021 , 01:15:00,0,0
1558,11/06/2021 , 01:30:00,0,0
1559,11/06/2021 , 01:45:00,0,0
1560,11/06/2021 , 02:00:00,0,0
1561,11/06/2021 , 02:15:00,0,0
1562,11/06/2021 , 02:30:00,0,0
1563,11/06/2021 , 02:45:00,0,0
1564,11/06/2021 , 03:00:00,0,0
1565,11/06/2021 , 03:15:00,0,0
1566,11/06/2021 , 03:30:00,0,0
1567,11/06/2021 , 03:45:00,0,0
1568,11/06/2021 , 04:00:00,0,0
1569,11/06/2021 , 04:15:00,0,0
1570,11/06/2021 , 04:30:00,0,0
1571,11/06/2021 , 04:45:00,0,0
1572,11/06/2021 , 05:00:00,0,0
1573,11/06/2021 , 05:15:00,4,4
1574,11/06/2021 , 05:30:00,8,8
1575,11/06/2021 , 05:45:00,16,16
1576,11/06/2021 , 06:00:00,42,42
1577,11/06/2021 , 06:15:00,85,85
1578,11/06/2021 , 06:30:00,109,109
1579,11/06/2021 , 06:45:00,172,172
1580,11/06/2021 , 07:00:00,179,179
1581,11/06/2021 , 07:15:00,197,197
1582,11/06/2021 , 07:30:00,363,363
1583,11/06/2021 , 07:45:00,430,430
1584,11/06/2021 , 08:00:00,262,262
1585,11/06/2021 , 08:15:00,55,55
1586,11/06/2021 , 08:30:00,63,63
1587,11/06/2021 , 08:45:00,65,65
1588,11/06/2021 , 09:00:00,84,84
1589,11/06/2021 , 09:15:00,155,155
1590,11/06/2021 , 09:30:00,397,397
1591,11/06/2021 , 09:45:00,359,359
1592,11/06/2021 , 10:00:00,536,536
1593,11/06/2021 , 10:15:00,377,377
1594,11/06/2021 , 10:30:00,586,586
1595,11/06/2021 , 10:45:00,1275,1275
1596,11/06/2021 , 11:00:00,1492,1492
1597,11/06/2021 , 11:15:00,923,923
1598,11/06/2021 , 11:30:00,862,862
1599,11/06/2021 , 11:45:00,1004,1004
1600,11/06/2021 , 12:00:00,1003,1003
1601,11/06/2021 , 12:15:00,1295,1295
1602,11/06/2021 , 12:30:00,1553,1553
1603,11/06/2021 , 12:45:00,2511,2511
1604,11/06/2021 , 13:00:00,2230,2230
1605,11/06/2021 , 13:15:00,1710,1710
1606,11/06/2021 , 13:30:00,1146,1146
1607,11/06/2021 , 13:45:00,695,695
1608,11/06/2021 , 14:00:00,574,574
1609,11/06/2021 , 14:15:00,735,735
1610,11/06/2021 , 14:30:00,766,766
1611,11/06/2021 , 14:45:00,222,222
1612,11/06/2021 , 15:00:00,414,414
1613,11/06/2021 , 15:15:00,621,621
1614,11/06/2021 , 15:30:00,376,376
1615,11/06/2021 , 15:45:00,336,336
1616,11/06/2021 , 16:00:00,162,162
1617,11/06/2021 , 16:15:00,325,325
1618,11/06/2021 , 16:30:00,143,143
1619,11/06/2021 , 16:45:00,294,294
1620,11/06/2021 , 17:00:00,309,309
1621,11/06/2021 , 17:15:00,269,269
1622,11/06/2021 , 17:30:00,230,230
1623,11/06/2021 , 17:45:00,176,176
1624,11/06/2021 , 18:00:00,140,140
1625,11/06/2021 , 18:15:00,121,121
1626,11/06/2021 , 18:30:00,179,179
1627,11/06/2021 , 18:45:00,177,177
1628,11/06/2021 , 19:00:00,98,98
1629,11/06/2021 , 19:15:00,72,72
1630,11/06/2021 , 19:30:00,33,33
1631,11/06/2021 , 19:45:00,37,37
1632,11/06/2021 , 20:00:00,24,24
1633,11/06/2021 , 20:15:00,10,10
1634,11/06/2021 , 20:30:00,5,5
1635,11/06/2021 , 20:45:00,1,1
1636,11/06/2021 , 21:00:00,0,0
1637,11/06/2021 , 21:15:00,0,0
1638,11/06/2021 , 21:30:00,0,0
1639,11/06/2021 , 21:45:00,0,0
1640,11/06/2021 , 22:00:00,0,0
1641,11/06/2021 , 22:15:00,0,0
1642,11/06/2021 , 22:30:00,0,0
1643,11/06/2021 , 22:45:00,0,0
1644,11/06/2021 , 23:00:00,0,0
1645,11/06/2021 , 23:15:00,0,0
1646,11/06/2021 , 23:30:00,0,0
1647,11/06/2021 , 23:45:00,0,0
1648,11/06/2021 , 24:00:00,0,0
1649,12/06/2021 , 00:15:00,0,0
1650,12/06/2021 , 00:30:00,0,0
1651,12/06/2021 , 00:45:00,0,0
1652,12/06/2021 , 01:00:00,0,0
1653,12/06/2021 , 01:15:00,0,0
1654,12/06/2021 , 01:30:00,0,0
1655,12/06/2021 , 01:45:00,0,0
1656,12/06/2021 , 02:00:00,0,0
1657,12/06/2021 , 02:15:00,0,0
1658,12/06/2021 , 02:30:00,0,0
1659,12/06/2021 , 02:45:00,0,0
1660,12/06/2021 , 03:00:00,0,0
1661,12/06/2021 , 03:15:00,0,0
1662,12/06/2021 , 03:30:00,0,0
1663,12/06/2021 , 03:45:00,0,0
1664,12/06/2021 , 04:00:00,0,0
1665,12/06/2021 , 04:15:00,0,0
1666,12/06/2021 , 04:30:00,0,0
1667,12/06/2021 , 04:45:00,0,0
1668,12/06/2021 , 05:00:00,0,0
1669,12/06/2021 , 05:15:00,0,0
1670,12/06/2021 , 05:30:00,3,3
1671,12/06/2021 , 05:45:00,8,8
1672,12/06/2021 , 06:00:00,16,16
1673,12/06/2021 , 06:15:00,23,23
1674,12/06/2021 , 06:30:00,26,26
1675,12/06/2021 , 06:45:00,53,53
1676,12/06/2021 , 07:00:00,85,85
1677,12/06/2021 , 07:15:00,129,129
1678,12/06/2021 , 07:30:00,166,166
1679,12/06/2021 , 07:45:00,177,177
1680,12/06/2021 , 08:00:00,268,268
1681,12/06/2021 , 08:15:00,134,134
1682,12/06/2021 , 08:30:00,186,186
1683,12/06/2021 , 08:45:00,313,313
1684,12/06/2021 , 09:00:00,381,381
1685,12/06/2021 , 09:15:00,432,432
1686,12/06/2021 , 09:30:00,492,492
1687,12/06/2021 , 09:45:00,575,575
1688,12/06/2021 , 10:00:00,748,748
1689,12/06/2021 , 10:15:00,855,855
1690,12/06/2021 , 10:30:00,959,959
1691,12/06/2021 , 10:45:00,1130,1130
1692,12/06/2021 , 11:00:00,1502,1502
1693,12/06/2021 , 11:15:00,1608,1608
1694,12/06/2021 , 11:30:00,2108,2108
1695,12/06/2021 , 11:45:00,2504,2504
1696,12/06/2021 , 12:00:00,2207,2207
1697,12/06/2021 , 12:15:00,2234,2234
1698,12/06/2021 , 12:30:00,4150,4150
1699,12/06/2021 , 12:45:00,4790,4790
1700,12/06/2021 , 13:00:00,5642,5642
1701,12/06/2021 , 13:15:00,6394,6394
1702,12/06/2021 , 13:30:00,6958,6958
1703,12/06/2021 , 13:45:00,7233,7233
1704,12/06/2021 , 14:00:00,7404,7404
1705,12/06/2021 , 14:15:00,5439,5439
1706,12/06/2021 , 14:30:00,3638,3638
1707,12/06/2021 , 14:45:00,3424,3424
1708,12/06/2021 , 15:00:00,2800,2800
1709,12/06/2021 , 15:15:00,2679,2679
1710,12/06/2021 , 15:30:00,1609,1609
1711,12/06/2021 , 15:45:00,1001,1001
1712,12/06/2021 , 16:00:00,734,734
1713,12/06/2021 , 16:15:00,603,603
1714,12/06/2021 , 16:30:00,310,310
1715,12/06/2021 , 16:45:00,209,209
1716,12/06/2021 , 17:00:00,197,197
1717,12/06/2021 , 17:15:00,180,180
1718,12/06/2021 , 17:30:00,139,139
1719,12/06/2021 , 17:45:00,91,91
1720,12/06/2021 , 18:00:00,112,112
1721,12/06/2021 , 18:15:00,107,107
1722,12/06/2021 , 18:30:00,84,84
1723,12/06/2021 , 18:45:00,73,73
1724,12/06/2021 , 19:00:00,75,75
1725,12/06/2021 , 19:15:00,80,80
1726,12/06/2021 , 19:30:00,74,74
1727,12/06/2021 , 19:45:00,34,34
1728,12/06/2021 , 20:00:00,24,24
1729,12/06/2021 , 20:15:00,21,21
1730,12/06/2021 , 20:30:00,17,17
1731,12/06/2021 , 20:45:00,8,8
1732,12/06/2021 , 21:00:00,2,2
1733,12/06/2021 , 21:15:00,0,0
1734,12/06/2021 , 21:30:00,0,0
1735,12/06/2021 , 21:45:00,0,0
1736,12/06/2021 , 22:00:00,0,0
1737,12/06/2021 , 22:15:00,0,0
1738,12/06/2021 , 22:30:00,0,0
1739,12/06/2021 , 22:45:00,0,0
1740,12/06/2021 , 23:00:00,0,0
1741,12/06/2021 , 23:15:00,0,0
1742,12/06/2021 , 23:30:00,0,0
1743,12/06/2021 , 23:45:00,0,0
1744,12/06/2021 , 24:00:00,0,0
1745,13/06/2021 , 00:15:00,0,0
1746,13/06/2021 , 00:30:00,0,0
1747,13/06/2021 , 00:45:00,0,0
1748,13/06/2021 , 01:00:00,0,0
1749,13/06/2021 , 01:15:00,0,0
1750,13/06/2021 , 01:30:00,0,0
1751,13/06/2021 , 01:45:00,0,0
1752,13/06/2021 , 02:00:00,0,0
1753,13/06/2021 , 02:15:00,0,0
1754,13/06/2021 , 02:30:00,0,0
1755,13/06/2021 , 02:45:00,0,0
1756,13/06/2021 , 03:00:00,0,0
1757,13/06/2021 , 03:15:00,0,0
1758,13/06/2021 , 03:30:00,0,0
1759,13/06/2021 , 03:45:00,0,0
1760,13/06/2021 , 04:00:00,0,0
1761,13/06/2021 , 04:15:00,0,0
1762,13/06/2021 , 04:30:00,0,0
1763,13/06/2021 , 04:45:00,0,0
1764,13/06/2021 , 05:00:00,0,0
1765,13/06/2021 , 05:15:00,0,0
1766,13/06/2021 , 05:30:00,2,2
1767,13/06/2021 , 05:45:00,5,5
1768,13/06/2021 , 06:00:00,5,5
1769,13/06/2021 , 06:15:00,4,4
1770,13/06/2021 , 06:30:00,19,19
1771,13/06/2021 , 06:45:00,34,34
1772,13/06/2021 , 07:00:00,85,85
1773,13/06/2021 , 07:15:00,153,153
1774,13/06/2021 , 07:30:00,84,84
1775,13/06/2021 , 07:45:00,137,137
1776,13/06/2021 , 08:00:00,126,126
1777,13/06/2021 , 08:15:00,166,166
1778,13/06/2021 , 08:30:00,211,211
1779,13/06/2021 , 08:45:00,183,183
1780,13/06/2021 , 09:00:00,62,62
1781,13/06/2021 , 09:15:00,12,12
1782,13/06/2021 , 09:30:00,168,168
1783,13/06/2021 , 09:45:00,168,168
1784,13/06/2021 , 10:00:00,198,198
1785,13/06/2021 , 10:15:00,381,381
1786,13/06/2021 , 10:30:00,325,325
1787,13/06/2021 , 10:45:00,568,568
1788,13/06/2021 , 11:00:00,764,764
1789,13/06/2021 , 11:15:00,1121,1121
1790,13/06/2021 , 11:30:00,1480,1480
1791,13/06/2021 , 11:45:00,1134,1134
1792,13/06/2021 , 12:00:00,451,451
1793,13/06/2021 , 12:15:00,347,347
1794,13/06/2021 , 12:30:00,563,563
1795,13/06/2021 , 12:45:00,1037,1037
1796,13/06/2021 , 13:00:00,1386,1386
1797,13/06/2021 , 13:15:00,731,731
1798,13/06/2021 , 13:30:00,1302,1302
1799,13/06/2021 , 13:45:00,1354,1354
1800,13/06/2021 , 14:00:00,1036,1036
1801,13/06/2021 , 14:15:00,990,990
1802,13/06/2021 , 14:30:00,614,614
1803,13/06/2021 , 14:45:00,482,482
1804,13/06/2021 , 15:00:00,504,504
1805,13/06/2021 , 15:15:00,432,432
1806,13/06/2021 , 15:30:00,477,477
1807,13/06/2021 , 15:45:00,225,225
1808,13/06/2021 , 16:00:00,99,99
1809,13/06/2021 , 16:15:00,82,82
1810,13/06/2021 , 16:30:00,487,487
1811,13/06/2021 , 16:45:00,488,488
1812,13/06/2021 , 17:00:00,383,383
1813,13/06/2021 , 17:15:00,283,283
1814,13/06/2021 , 17:30:00,214,214
1815,13/06/2021 , 17:45:00,179,179
1816,13/06/2021 , 18:00:00,222,222
1817,13/06/2021 , 18:15:00,143,143
1818,13/06/2021 , 18:30:00,133,133
1819,13/06/2021 , 18:45:00,193,193
1820,13/06/2021 , 19:00:00,130,130
1821,13/06/2021 , 19:15:00,118,118
1822,13/06/2021 , 19:30:00,111,111
1823,13/06/2021 , 19:45:00,63,63
1824,13/06/2021 , 20:00:00,117,117
1825,13/06/2021 , 20:15:00,43,43
1826,13/06/2021 , 20:30:00,35,35
1827,13/06/2021 , 20:45:00,38,38
1828,13/06/2021 , 21:00:00,31,31
1829,13/06/2021 , 21:15:00,15,15
1830,13/06/2021 , 21:30:00,2,2
1831,13/06/2021 , 21:45:00,0,0
1832,13/06/2021 , 22:00:00,0,0
1833,13/06/2021 , 22:15:00,0,0
1834,13/06/2021 , 22:30:00,0,0
1835,13/06/2021 , 22:45:00,0,0
1836,13/06/2021 , 23:00:00,0,0
1837,13/06/2021 , 23:15:00,0,0
1838,13/06/2021 , 23:30:00,0,0
1839,13/06/2021 , 23:45:00,0,0
1840,13/06/2021 , 24:00:00,0,0
1841,14/06/2021 , 00:15:00,0,0
1842,14/06/2021 , 00:30:00,0,0
1843,14/06/2021 , 00:45:00,0,0
1844,14/06/2021 , 01:00:00,0,0
1845,14/06/2021 , 01:15:00,0,0
1846,14/06/2021 , 01:30:00,0,0
1847,14/06/2021 , 01:45:00,0,0
1848,14/06/2021 , 02:00:00,0,0
1849,14/06/2021 , 02:15:00,0,0
1850,14/06/2021 , 02:30:00,0,0
1851,14/06/2021 , 02:45:00,0,0
1852,14/06/2021 , 03:00:00,0,0
1853,14/06/2021 , 03:15:00,0,0
1854,14/06/2021 , 03:30:00,0,0
1855,14/06/2021 , 03:45:00,0,0
1856,14/06/2021 , 04:00:00,0,0
1857,14/06/2021 , 04:15:00,0,0
1858,14/06/2021 , 04:30:00,0,0
1859,14/06/2021 , 04:45:00,0,0
1860,14/06/2021 , 05:00:00,0,0
1861,14/06/2021 , 05:15:00,0,0
1862,14/06/2021 , 05:30:00,4,4
1863,14/06/2021 , 05:45:00,9,9
1864,14/06/2021 , 06:00:00,17,17
1865,14/06/2021 , 06:15:00,32,32
1866,14/06/2021 , 06:30:00,22,22
1867,14/06/2021 , 06:45:00,40,40
1868,14/06/2021 , 07:00:00,91,91
1869,14/06/2021 , 07:15:00,223,223
1870,14/06/2021 , 07:30:00,338,338
1871,14/06/2021 , 07:45:00,482,482
1872,14/06/2021 , 08:00:00,359,359
1873,14/06/2021 , 08:15:00,336,336
1874,14/06/2021 , 08:30:00,514,514
1875,14/06/2021 , 08:45:00,648,648
1876,14/06/2021 , 09:00:00,640,640
1877,14/06/2021 , 09:15:00,1015,1015
1878,14/06/2021 , 09:30:00,1555,1555
1879,14/06/2021 , 09:45:00,1296,1296
1880,14/06/2021 , 10:00:00,574,574
1881,14/06/2021 , 10:15:00,580,580
1882,14/06/2021 , 10:30:00,1422,1422
1883,14/06/2021 , 10:45:00,773,773
1884,14/06/2021 , 11:00:00,262,262
1885,14/06/2021 , 11:15:00,276,276
1886,14/06/2021 , 11:30:00,113,113
1887,14/06/2021 , 11:45:00,33,33
1888,14/06/2021 , 12:00:00,34,34
1889,14/06/2021 , 12:15:00,39,39
1890,14/06/2021 , 12:30:00,68,68
1891,14/06/2021 , 12:45:00,57,57
1892,14/06/2021 , 13:00:00,26,26
1893,14/06/2021 , 13:15:00,47,47
1894,14/06/2021 , 13:30:00,194,194
1895,14/06/2021 , 13:45:00,156,156
1896,14/06/2021 , 14:00:00,321,321
1897,14/06/2021 , 14:15:00,350,350
1898,14/06/2021 , 14:30:00,175,175
1899,14/06/2021 , 14:45:00,240,240
1900,14/06/2021 , 15:00:00,435,435
1901,14/06/2021 , 15:15:00,444,444
1902,14/06/2021 , 15:30:00,520,520
1903,14/06/2021 , 15:45:00,855,855
1904,14/06/2021 , 16:00:00,577,577
1905,14/06/2021 , 16:15:00,302,302
1906,14/06/2021 , 16:30:00,299,299
1907,14/06/2021 , 16:45:00,370,370
1908,14/06/2021 , 17:00:00,1743,1743
1909,14/06/2021 , 17:15:00,2074,2074
1910,14/06/2021 , 17:30:00,1497,1497
1911,14/06/2021 , 17:45:00,1369,1369
1912,14/06/2021 , 18:00:00,976,976
1913,14/06/2021 , 18:15:00,1262,1262
1914,14/06/2021 , 18:30:00,642,642
1915,14/06/2021 , 18:45:00,1195,1195
1916,14/06/2021 , 19:00:00,341,341
1917,14/06/2021 , 19:15:00,411,411
1918,14/06/2021 , 19:30:00,277,277
1919,14/06/2021 , 19:45:00,141,141
1920,14/06/2021 , 20:00:00,79,79
1921,14/06/2021 , 20:15:00,36,36
1922,14/06/2021 , 20:30:00,15,15
1923,14/06/2021 , 20:45:00,6,6
1924,14/06/2021 , 21:00:00,1,1
1925,14/06/2021 , 21:15:00,0,0
1926,14/06/2021 , 21:30:00,0,0
1927,14/06/2021 , 21:45:00,0,0
1928,14/06/2021 , 22:00:00,0,0
1929,14/06/2021 , 22:15:00,0,0
1930,14/06/2021 , 22:30:00,0,0
1931,14/06/2021 , 22:45:00,0,0
1932,14/06/2021 , 23:00:00,0,0
1933,14/06/2021 , 23:15:00,0,0
1934,14/06/2021 , 23:30:00,0,0
1935,14/06/2021 , 23:45:00,0,0
1936,14/06/2021 , 24:00:00,0,0
1937,15/06/2021 , 00:15:00,0,0
1938,15/06/2021 , 00:30:00,0,0
1939,15/06/2021 , 00:45:00,0,0
1940,15/06/2021 , 01:00:00,0,0
1941,15/06/2021 , 01:15:00,0,0
1942,15/06/2021 , 01:30:00,0,0
1943,15/06/2021 , 01:45:00,0,0
1944,15/06/2021 , 02:00:00,0,0
1945,15/06/2021 , 02:15:00,0,0
1946,15/06/2021 , 02:30:00,0,0
1947,15/06/2021 , 02:45:00,0,0
1948,15/06/2021 , 03:00:00,0,0
1949,15/06/2021 , 03:15:00,0,0
1950,15/06/2021 , 03:30:00,0,0
1951,15/06/2021 , 03:45:00,0,0
1952,15/06/2021 , 04:00:00,0,0
1953,15/06/2021 , 04:15:00,0,0
1954,15/06/2021 , 04:30:00,0,0
1955,15/06/2021 , 04:45:00,0,0
1956,15/06/2021 , 05:00:00,2,2
1957,15/06/2021 , 05:15:00,14,14
1958,15/06/2021 , 05:30:00,40,40
1959,15/06/2021 , 05:45:00,78,78
1960,15/06/2021 , 06:00:00,141,141
1961,15/06/2021 , 06:15:00,196,196
1962,15/06/2021 , 06:30:00,267,267
1963,15/06/2021 , 06:45:00,235,235
1964,15/06/2021 , 07:00:00,260,260
1965,15/06/2021 , 07:15:00,822,822
1966,15/06/2021 , 07:30:00,1138,1138
1967,15/06/2021 , 07:45:00,1051,1051
1968,15/06/2021 , 08:00:00,1142,1142
1969,15/06/2021 , 08:15:00,1476,1476
1970,15/06/2021 , 08:30:00,1407,1407
1971,15/06/2021 , 08:45:00,767,767
1972,15/06/2021 , 09:00:00,1729,1729
1973,15/06/2021 , 09:15:00,1921,1921
1974,15/06/2021 , 09:30:00,2888,2888
1975,15/06/2021 , 09:45:00,3338,3338
1976,15/06/2021 , 10:00:00,4163,4163
1977,15/06/2021 , 10:15:00,1883,1883
1978,15/06/2021 , 10:30:00,1125,1125
1979,15/06/2021 , 10:45:00,1095,1095
1980,15/06/2021 , 11:00:00,420,420
1981,15/06/2021 , 11:15:00,334,334
1982,15/06/2021 , 11:30:00,366,366
1983,15/06/2021 , 11:45:00,408,408
1984,15/06/2021 , 12:00:00,629,629
1985,15/06/2021 , 12:15:00,738,738
1986,15/06/2021 , 12:30:00,736,736
1987,15/06/2021 , 12:45:00,827,827
1988,15/06/2021 , 13:00:00,941,941
1989,15/06/2021 , 13:15:00,711,711
1990,15/06/2021 , 13:30:00,1056,1056
1991,15/06/2021 , 13:45:00,1338,1338
1992,15/06/2021 , 14:00:00,1539,1539
1993,15/06/2021 , 14:15:00,1704,1704
1994,15/06/2021 , 14:30:00,2374,2374
1995,15/06/2021 , 14:45:00,3926,3926
1996,15/06/2021 , 15:00:00,5320,5320
1997,15/06/2021 , 15:15:00,5727,5727
1998,15/06/2021 , 15:30:00,4191,4191
1999,15/06/2021 , 15:45:00,1923,1923
2000,15/06/2021 , 16:00:00,1317,1317
2001,15/06/2021 , 16:15:00,1550,1550
2002,15/06/2021 , 16:30:00,897,897
2003,15/06/2021 , 16:45:00,1551,1551
2004,15/06/2021 , 17:00:00,3099,3099
2005,15/06/2021 , 17:15:00,978,978
2006,15/06/2021 , 17:30:00,779,779
2007,15/06/2021 , 17:45:00,655,655
2008,15/06/2021 , 18:00:00,312,312
2009,15/06/2021 , 18:15:00,277,277
2010,15/06/2021 , 18:30:00,27,27
2011,15/06/2021 , 18:45:00,15,15
2012,15/06/2021 , 19:00:00,13,13
2013,15/06/2021 , 19:15:00,10,10
2014,15/06/2021 , 19:30:00,8,8
2015,15/06/2021 , 19:45:00,5,5
2016,15/06/2021 , 20:00:00,2,2
2017,15/06/2021 , 20:15:00,3,3
2018,15/06/2021 , 20:30:00,0,0
2019,15/06/2021 , 20:45:00,0,0
2020,15/06/2021 , 21:00:00,0,0
2021,15/06/2021 , 21:15:00,0,0
2022,15/06/2021 , 21:30:00,0,0
2023,15/06/2021 , 21:45:00,0,0
2024,15/06/2021 , 22:00:00,0,0
2025,15/06/2021 , 22:15:00,0,0
2026,15/06/2021 , 22:30:00,0,0
2027,15/06/2021 , 22:45:00,0,0
2028,15/06/2021 , 23:00:00,0,0
2029,15/06/2021 , 23:15:00,0,0
2030,15/06/2021 , 23:30:00,0,0
2031,15/06/2021 , 23:45:00,0,0
2032,15/06/2021 , 24:00:00,0,0
2033,16/06/2021 , 00:15:00,0,0
2034,16/06/2021 , 00:30:00,0,0
2035,16/06/2021 , 00:45:00,0,0
2036,16/06/2021 , 01:00:00,0,0
2037,16/06/2021 , 01:15:00,0,0
2038,16/06/2021 , 01:30:00,0,0
2039,16/06/2021 , 01:45:00,0,0
2040,16/06/2021 , 02:00:00,0,0
2041,16/06/2021 , 02:15:00,0,0
2042,16/06/2021 , 02:30:00,0,0
2043,16/06/2021 , 02:45:00,0,0
2044,16/06/2021 , 03:00:00,0,0
2045,16/06/2021 , 03:15:00,0,0
2046,16/06/2021 , 03:30:00,0,0
2047,16/06/2021 , 03:45:00,0,0
2048,16/06/2021 , 04:00:00,0,0
2049,16/06/2021 , 04:15:00,0,0
2050,16/06/2021 , 04:30:00,0,0
2051,16/06/2021 , 04:45:00,0,0
2052,16/06/2021 , 05:00:00,0,0
2053,16/06/2021 , 05:15:00,0,0
2054,16/06/2021 , 05:30:00,0,0
2055,16/06/2021 , 05:45:00,0,0
2056,16/06/2021 , 06:00:00,0,0
2057,16/06/2021 , 06:15:00,0,0
2058,16/06/2021 , 06:30:00,2,2
2059,16/06/2021 , 06:45:00,3,3
2060,16/06/2021 , 07:00:00,6,6
2061,16/06/2021 , 07:15:00,8,8
2062,16/06/2021 , 07:30:00,9,9
2063,16/06/2021 , 07:45:00,10,10
2064,16/06/2021 , 08:00:00,13,13
2065,16/06/2021 , 08:15:00,36,36
2066,16/06/2021 , 08:30:00,62,62
2067,16/06/2021 , 08:45:00,66,66
2068,16/06/2021 , 09:00:00,67,67
2069,16/06/2021 , 09:15:00,68,68
2070,16/06/2021 , 09:30:00,61,61
2071,16/06/2021 , 09:45:00,68,68
2072,16/06/2021 , 10:00:00,71,71
2073,16/06/2021 , 10:15:00,67,67
2074,16/06/2021 , 10:30:00,66,66
2075,16/06/2021 , 10:45:00,64,64
2076,16/06/2021 , 11:00:00,70,70
2077,16/06/2021 , 11:15:00,195,195
2078,16/06/2021 , 11:30:00,207,207
2079,16/06/2021 , 11:45:00,320,320
2080,16/06/2021 , 12:00:00,214,214
2081,16/06/2021 , 12:15:00,174,174
2082,16/06/2021 , 12:30:00,119,119
2083,16/06/2021 , 12:45:00,178,178
2084,16/06/2021 , 13:00:00,189,189
2085,16/06/2021 , 13:15:00,238,238
2086,16/06/2021 , 13:30:00,274,274
2087,16/06/2021 , 13:45:00,318,318
2088,16/06/2021 , 14:00:00,357,357
2089,16/06/2021 , 14:15:00,372,372
2090,16/06/2021 , 14:30:00,442,442
2091,16/06/2021 , 14:45:00,479,479
2092,16/06/2021 , 15:00:00,515,515
2093,16/06/2021 , 15:15:00,550,550
2094,16/06/2021 , 15:30:00,575,575
2095,16/06/2021 , 15:45:00,583,583
2096,16/06/2021 , 16:00:00,584,584
2097,16/06/2021 , 16:15:00,561,561
2098,16/06/2021 , 16:30:00,626,626
2099,16/06/2021 , 16:45:00,540,540
2100,16/06/2021 , 17:00:00,435,435
2101,16/06/2021 , 17:15:00,385,385
2102,16/06/2021 , 17:30:00,247,247
2103,16/06/2021 , 17:45:00,105,105
2104,16/06/2021 , 18:00:00,96,96
2105,16/06/2021 , 18:15:00,134,134
2106,16/06/2021 , 18:30:00,521,521
2107,16/06/2021 , 18:45:00,1217,1217
2108,16/06/2021 , 19:00:00,878,878
2109,16/06/2021 , 19:15:00,592,592
2110,16/06/2021 , 19:30:00,384,384
2111,16/06/2021 , 19:45:00,271,271
2112,16/06/2021 , 20:00:00,184,184
2113,16/06/2021 , 20:15:00,131,131
2114,16/06/2021 , 20:30:00,78,78
2115,16/06/2021 , 20:45:00,48,48
2116,16/06/2021 , 21:00:00,25,25
2117,16/06/2021 , 21:15:00,10,10
2118,16/06/2021 , 21:30:00,2,2
2119,16/06/2021 , 21:45:00,0,0
2120,16/06/2021 , 22:00:00,0,0
2121,16/06/2021 , 22:15:00,0,0
2122,16/06/2021 , 22:30:00,0,0
2123,16/06/2021 , 22:45:00,0,0
2124,16/06/2021 , 23:00:00,0,0
2125,16/06/2021 , 23:15:00,0,0
2126,16/06/2021 , 23:30:00,0,0
2127,16/06/2021 , 23:45:00,0,0
2128,16/06/2021 , 24:00:00,0,0
2129,17/06/2021 , 00:15:00,0,0
2130,17/06/2021 , 00:30:00,0,0
2131,17/06/2021 , 00:45:00,0,0
2132,17/06/2021 , 01:00:00,0,0
2133,17/06/2021 , 01:15:00,0,0
2134,17/06/2021 , 01:30:00,0,0
2135,17/06/2021 , 01:45:00,0,0
2136,17/06/2021 , 02:00:00,0,0
2137,17/06/2021 , 02:15:00,0,0
2138,17/06/2021 , 02:30:00,0,0
2139,17/06/2021 , 02:45:00,0,0
2140,17/06/2021 , 03:00:00,0,0
2141,17/06/2021 , 03:15:00,0,0
2142,17/06/2021 , 03:30:00,0,0
2143,17/06/2021 , 03:45:00,0,0
2144,17/06/2021 , 04:00:00,0,0
2145,17/06/2021 , 04:15:00,0,0
2146,17/06/2021 , 04:30:00,0,0
2147,17/06/2021 , 04:45:00,0,0
2148,17/06/2021 , 05:00:00,0,0
2149,17/06/2021 , 05:15:00,0,0
2150,17/06/2021 , 05:30:00,0,0
2151,17/06/2021 , 05:45:00,1,1
2152,17/06/2021 , 06:00:00,3,3
2153,17/06/2021 , 06:15:00,4,4
2154,17/06/2021 , 06:30:00,7,7
2155,17/06/2021 , 06:45:00,8,8
2156,17/06/2021 , 07:00:00,11,11
2157,17/06/2021 , 07:15:00,12,12
2158,17/06/2021 , 07:30:00,15,15
2159,17/06/2021 , 07:45:00,17,17
2160,17/06/2021 , 08:00:00,21,21
2161,17/06/2021 , 08:15:00,22,22
2162,17/06/2021 , 08:30:00,26,26
2163,17/06/2021 , 08:45:00,28,28
2164,17/06/2021 , 09:00:00,34,34
2165,17/06/2021 , 09:15:00,35,35
2166,17/06/2021 , 09:30:00,41,41
2167,17/06/2021 , 09:45:00,44,44
2168,17/06/2021 , 10:00:00,54,54
2169,17/06/2021 , 10:15:00,64,64
2170,17/06/2021 , 10:30:00,68,68
2171,17/06/2021 , 10:45:00,75,75
2172,17/06/2021 , 11:00:00,79,79
2173,17/06/2021 , 11:15:00,88,88
2174,17/06/2021 , 11:30:00,98,98
2175,17/06/2021 , 11:45:00,94,94
2176,17/06/2021 , 12:00:00,112,112
2177,17/06/2021 , 12:15:00,120,120
2178,17/06/2021 , 12:30:00,108,108
2179,17/06/2021 , 12:45:00,105,105
2180,17/06/2021 , 13:00:00,98,98
2181,17/06/2021 , 13:15:00,94,94
2182,17/06/2021 , 13:30:00,101,101
2183,17/06/2021 , 13:45:00,104,104
2184,17/06/2021 , 14:00:00,111,111
2185,17/06/2021 , 14:15:00,111,111
2186,17/06/2021 , 14:30:00,116,116
2187,17/06/2021 , 14:45:00,127,127
2188,17/06/2021 , 15:00:00,139,139
2189,17/06/2021 , 15:15:00,150,150
2190,17/06/2021 , 15:30:00,160,160
2191,17/06/2021 , 15:45:00,164,164
2192,17/06/2021 , 16:00:00,154,154
2193,17/06/2021 , 16:15:00,138,138
2194,17/06/2021 , 16:30:00,127,127
2195,17/06/2021 , 16:45:00,117,117
2196,17/06/2021 , 17:00:00,104,104
2197,17/06/2021 , 17:15:00,113,113
2198,17/06/2021 , 17:30:00,133,133
2199,17/06/2021 , 17:45:00,115,115
2200,17/06/2021 , 18:00:00,120,120
2201,17/06/2021 , 18:15:00,209,209
2202,17/06/2021 , 18:30:00,2470,2470
2203,17/06/2021 , 18:45:00,713,713
2204,17/06/2021 , 19:00:00,651,651
2205,17/06/2021 , 19:15:00,737,737
2206,17/06/2021 , 19:30:00,485,485
2207,17/06/2021 , 19:45:00,275,275
2208,17/06/2021 , 20:00:00,127,127
2209,17/06/2021 , 20:15:00,84,84
2210,17/06/2021 , 20:30:00,47,47
2211,17/06/2021 , 20:45:00,16,16
2212,17/06/2021 , 21:00:00,7,7
2213,17/06/2021 , 21:15:00,3,3
2214,17/06/2021 , 21:30:00,1,1
2215,17/06/2021 , 21:45:00,0,0
2216,17/06/2021 , 22:00:00,0,0
2217,17/06/2021 , 22:15:00,0,0
2218,17/06/2021 , 22:30:00,0,0
2219,17/06/2021 , 22:45:00,0,0
2220,17/06/2021 , 23:00:00,0,0
2221,17/06/2021 , 23:15:00,0,0
2222,17/06/2021 , 23:30:00,0,0
2223,17/06/2021 , 23:45:00,0,0
2224,17/06/2021 , 24:00:00,0,0
2225,18/06/2021 , 00:15:00,0,0
2226,18/06/2021 , 00:30:00,0,0
2227,18/06/2021 , 00:45:00,0,0
2228,18/06/2021 , 01:00:00,0,0
2229,18/06/2021 , 01:15:00,0,0
2230,18/06/2021 , 01:30:00,0,0
2231,18/06/2021 , 01:45:00,0,0
2232,18/06/2021 , 02:00:00,0,0
2233,18/06/2021 , 02:15:00,0,0
2234,18/06/2021 , 02:30:00,0,0
2235,18/06/2021 , 02:45:00,0,0
2236,18/06/2021 , 03:00:00,0,0
2237,18/06/2021 , 03:15:00,0,0
2238,18/06/2021 , 03:30:00,0,0
2239,18/06/2021 , 03:45:00,0,0
2240,18/06/2021 , 04:00:00,0,0
2241,18/06/2021 , 04:15:00,0,0
2242,18/06/2021 , 04:30:00,0,0
2243,18/06/2021 , 04:45:00,0,0
2244,18/06/2021 , 05:00:00,0,0
2245,18/06/2021 , 05:15:00,0,0
2246,18/06/2021 , 05:30:00,0,0
2247,18/06/2021 , 05:45:00,1,1
2248,18/06/2021 , 06:00:00,5,5
2249,18/06/2021 , 06:15:00,6,6
2250,18/06/2021 , 06:30:00,10,10
2251,18/06/2021 , 06:45:00,16,16
2252,18/06/2021 , 07:00:00,19,19
2253,18/06/2021 , 07:15:00,23,23
2254,18/06/2021 , 07:30:00,28,28
2255,18/06/2021 , 07:45:00,30,30
2256,18/06/2021 , 08:00:00,23,23
2257,18/06/2021 , 08:15:00,20,20
2258,18/06/2021 , 08:30:00,37,37
2259,18/06/2021 , 08:45:00,51,51
2260,18/06/2021 , 09:00:00,31,31
2261,18/06/2021 , 09:15:00,49,49
2262,18/06/2021 , 09:30:00,53,53
2263,18/06/2021 , 09:45:00,54,54
2264,18/06/2021 , 10:00:00,52,52
2265,18/06/2021 , 10:15:00,58,58
2266,18/06/2021 , 10:30:00,59,59
2267,18/06/2021 , 10:45:00,64,64
2268,18/06/2021 , 11:00:00,70,70
2269,18/06/2021 , 11:15:00,71,71
2270,18/06/2021 , 11:30:00,73,73
2271,18/06/2021 , 11:45:00,76,76
2272,18/06/2021 , 12:00:00,66,66
2273,18/06/2021 , 12:15:00,80,80
2274,18/06/2021 , 12:30:00,85,85
2275,18/06/2021 , 12:45:00,86,86
2276,18/06/2021 , 13:00:00,90,90
2277,18/06/2021 , 13:15:00,104,104
2278,18/06/2021 , 13:30:00,102,102
2279,18/06/2021 , 13:45:00,103,103
2280,18/06/2021 , 14:00:00,103,103
2281,18/06/2021 , 14:15:00,104,104
2282,18/06/2021 , 14:30:00,102,102
2283,18/06/2021 , 14:45:00,90,90
2284,18/06/2021 , 15:00:00,82,82
2285,18/06/2021 , 15:15:00,90,90
2286,18/06/2021 , 15:30:00,94,94
2287,18/06/2021 , 15:45:00,93,93
2288,18/06/2021 , 16:00:00,87,87
2289,18/06/2021 , 16:15:00,100,100
2290,18/06/2021 , 16:30:00,105,105
2291,18/06/2021 , 16:45:00,101,101
2292,18/06/2021 , 17:00:00,90,90
2293,18/06/2021 , 17:15:00,110,110
2294,18/06/2021 , 17:30:00,85,85
2295,18/06/2021 , 17:45:00,93,93
2296,18/06/2021 , 18:00:00,117,117
2297,18/06/2021 , 18:15:00,129,129
2298,18/06/2021 , 18:30:00,151,151
2299,18/06/2021 , 18:45:00,139,139
2300,18/06/2021 , 19:00:00,83,83
2301,18/06/2021 , 19:15:00,94,94
2302,18/06/2021 , 19:30:00,135,135
2303,18/06/2021 , 19:45:00,98,98
2304,18/06/2021 , 20:00:00,74,74
2305,18/06/2021 , 20:15:00,58,58
2306,18/06/2021 , 20:30:00,38,38
2307,18/06/2021 , 20:45:00,22,22
2308,18/06/2021 , 21:00:00,9,9
2309,18/06/2021 , 21:15:00,3,3
2310,18/06/2021 , 21:30:00,0,0
2311,18/06/2021 , 21:45:00,0,0
2312,18/06/2021 , 22:00:00,0,0
2313,18/06/2021 , 22:15:00,0,0
2314,18/06/2021 , 22:30:00,0,0
2315,18/06/2021 , 22:45:00,0,0
2316,18/06/2021 , 23:00:00,0,0
2317,18/06/2021 , 23:15:00,0,0
2318,18/06/2021 , 23:30:00,0,0
2319,18/06/2021 , 23:45:00,0,0
2320,18/06/2021 , 24:00:00,0,0
2321,19/06/2021 , 00:15:00,0,0
2322,19/06/2021 , 00:30:00,0,0
2323,19/06/2021 , 00:45:00,0,0
2324,19/06/2021 , 01:00:00,0,0
2325,19/06/2021 , 01:15:00,0,0
2326,19/06/2021 , 01:30:00,0,0
2327,19/06/2021 , 01:45:00,0,0
2328,19/06/2021 , 02:00:00,0,0
2329,19/06/2021 , 02:15:00,0,0
2330,19/06/2021 , 02:30:00,0,0
2331,19/06/2021 , 02:45:00,0,0
2332,19/06/2021 , 03:00:00,0,0
2333,19/06/2021 , 03:15:00,0,0
2334,19/06/2021 , 03:30:00,0,0
2335,19/06/2021 , 03:45:00,0,0
2336,19/06/2021 , 04:00:00,0,0
2337,19/06/2021 , 04:15:00,0,0
2338,19/06/2021 , 04:30:00,0,0
2339,19/06/2021 , 04:45:00,0,0
2340,19/06/2021 , 05:00:00,0,0
2341,19/06/2021 , 05:15:00,0,0
2342,19/06/2021 , 05:30:00,0,0
2343,19/06/2021 , 05:45:00,1,1
2344,19/06/2021 , 06:00:00,3,3
2345,19/06/2021 , 06:15:00,4,4
2346,19/06/2021 , 06:30:00,4,4
2347,19/06/2021 , 06:45:00,6,6
2348,19/06/2021 , 07:00:00,9,9
2349,19/06/2021 , 07:15:00,13,13
2350,19/06/2021 , 07:30:00,17,17
2351,19/06/2021 , 07:45:00,19,19
2352,19/06/2021 , 08:00:00,24,24
2353,19/06/2021 , 08:15:00,26,26
2354,19/06/2021 , 08:30:00,53,53
2355,19/06/2021 , 08:45:00,60,60
2356,19/06/2021 , 09:00:00,55,55
2357,19/06/2021 , 09:15:00,90,90
2358,19/06/2021 , 09:30:00,62,62
2359,19/06/2021 , 09:45:00,65,65
2360,19/06/2021 , 10:00:00,77,77
2361,19/06/2021 , 10:15:00,104,104
2362,19/06/2021 , 10:30:00,127,127
2363,19/06/2021 , 10:45:00,141,141
2364,19/06/2021 , 11:00:00,185,185
2365,19/06/2021 , 11:15:00,190,190
2366,19/06/2021 , 11:30:00,216,216
2367,19/06/2021 , 11:45:00,226,226
2368,19/06/2021 , 12:00:00,199,199
2369,19/06/2021 , 12:15:00,205,205
2370,19/06/2021 , 12:30:00,253,253
2371,19/06/2021 , 12:45:00,264,264
2372,19/06/2021 , 13:00:00,402,402
2373,19/06/2021 , 13:15:00,488,488
2374,19/06/2021 , 13:30:00,481,481
2375,19/06/2021 , 13:45:00,457,457
2376,19/06/2021 , 14:00:00,485,485
2377,19/06/2021 , 14:15:00,563,563
2378,19/06/2021 , 14:30:00,591,591
2379,19/06/2021 , 14:45:00,597,597
2380,19/06/2021 , 15:00:00,571,571
2381,19/06/2021 , 15:15:00,318,318
2382,19/06/2021 , 15:30:00,276,276
2383,19/06/2021 , 15:45:00,414,414
2384,19/06/2021 , 16:00:00,502,502
2385,19/06/2021 , 16:15:00,401,401
2386,19/06/2021 , 16:30:00,389,389
2387,19/06/2021 , 16:45:00,321,321
2388,19/06/2021 , 17:00:00,213,213
2389,19/06/2021 , 17:15:00,140,140
2390,19/06/2021 , 17:30:00,120,120
2391,19/06/2021 , 17:45:00,131,131
2392,19/06/2021 , 18:00:00,89,89
2393,19/06/2021 , 18:15:00,75,75
2394,19/06/2021 , 18:30:00,79,79
2395,19/06/2021 , 18:45:00,71,71
2396,19/06/2021 , 19:00:00,47,47
2397,19/06/2021 , 19:15:00,34,34
2398,19/06/2021 , 19:30:00,28,28
2399,19/06/2021 , 19:45:00,21,21
2400,19/06/2021 , 20:00:00,12,12
2401,19/06/2021 , 20:15:00,7,7
2402,19/06/2021 , 20:30:00,3,3
2403,19/06/2021 , 20:45:00,2,2
2404,19/06/2021 , 21:00:00,3,3
2405,19/06/2021 , 21:15:00,1,1
2406,19/06/2021 , 21:30:00,0,0
2407,19/06/2021 , 21:45:00,0,0
2408,19/06/2021 , 22:00:00,0,0
2409,19/06/2021 , 22:15:00,0,0
2410,19/06/2021 , 22:30:00,0,0
2411,19/06/2021 , 22:45:00,0,0
2412,19/06/2021 , 23:00:00,0,0
2413,19/06/2021 , 23:15:00,0,0
2414,19/06/2021 , 23:30:00,0,0
2415,19/06/2021 , 23:45:00,0,0
2416,19/06/2021 , 24:00:00,0,0
2417,20/06/2021 , 00:15:00,0,0
2418,20/06/2021 , 00:30:00,0,0
2419,20/06/2021 , 00:45:00,0,0
2420,20/06/2021 , 01:00:00,0,0
2421,20/06/2021 , 01:15:00,0,0
2422,20/06/2021 , 01:30:00,0,0
2423,20/06/2021 , 01:45:00,0,0
2424,20/06/2021 , 02:00:00,0,0
2425,20/06/2021 , 02:15:00,0,0
2426,20/06/2021 , 02:30:00,0,0
2427,20/06/2021 , 02:45:00,0,0
2428,20/06/2021 , 03:00:00,0,0
2429,20/06/2021 , 03:15:00,0,0
2430,20/06/2021 , 03:30:00,0,0
2431,20/06/2021 , 03:45:00,0,0
2432,20/06/2021 , 04:00:00,0,0
2433,20/06/2021 , 04:15:00,0,0
2434,20/06/2021 , 04:30:00,0,0
2435,20/06/2021 , 04:45:00,0,0
2436,20/06/2021 , 05:00:00,0,0
2437,20/06/2021 , 05:15:00,0,0
2438,20/06/2021 , 05:30:00,1,1
2439,20/06/2021 , 05:45:00,4,4
2440,20/06/2021 , 06:00:00,7,7
2441,20/06/2021 , 06:15:00,11,11
2442,20/06/2021 , 06:30:00,15,15
2443,20/06/2021 , 06:45:00,22,22
2444,20/06/2021 , 07:00:00,28,28
2445,20/06/2021 , 07:15:00,38,38
2446,20/06/2021 , 07:30:00,49,49
2447,20/06/2021 , 07:45:00,61,61
2448,20/06/2021 , 08:00:00,74,74
2449,20/06/2021 , 08:15:00,95,95
2450,20/06/2021 , 08:30:00,124,124
2451,20/06/2021 , 08:45:00,153,153
2452,20/06/2021 , 09:00:00,191,191
2453,20/06/2021 , 09:15:00,233,233
2454,20/06/2021 , 09:30:00,283,283
2455,20/06/2021 , 09:45:00,331,331
2456,20/06/2021 , 10:00:00,482,482
2457,20/06/2021 , 10:15:00,502,502
2458,20/06/2021 , 10:30:00,491,491
2459,20/06/2021 , 10:45:00,219,219
2460,20/06/2021 , 11:00:00,283,283
2461,20/06/2021 , 11:15:00,367,367
2462,20/06/2021 , 11:30:00,342,342
2463,20/06/2021 , 11:45:00,333,333
2464,20/06/2021 , 12:00:00,556,556
2465,20/06/2021 , 12:15:00,609,609
2466,20/06/2021 , 12:30:00,510,510
2467,20/06/2021 , 12:45:00,524,524
2468,20/06/2021 , 13:00:00,474,474
2469,20/06/2021 , 13:15:00,470,470
2470,20/06/2021 , 13:30:00,497,497
2471,20/06/2021 , 13:45:00,489,489
2472,20/06/2021 , 14:00:00,489,489
2473,20/06/2021 , 14:15:00,533,533
2474,20/06/2021 , 14:30:00,511,511
2475,20/06/2021 , 14:45:00,524,524
2476,20/06/2021 , 15:00:00,384,384
2477,20/06/2021 , 15:15:00,331,331
2478,20/06/2021 , 15:30:00,368,368
2479,20/06/2021 , 15:45:00,385,385
2480,20/06/2021 , 16:00:00,392,392
2481,20/06/2021 , 16:15:00,400,400
2482,20/06/2021 , 16:30:00,402,402
2483,20/06/2021 , 16:45:00,378,378
2484,20/06/2021 , 17:00:00,345,345
2485,20/06/2021 , 17:15:00,350,350
2486,20/06/2021 , 17:30:00,350,350
2487,20/06/2021 , 17:45:00,338,338
2488,20/06/2021 , 18:00:00,311,311
2489,20/06/2021 , 18:15:00,254,254
2490,20/06/2021 , 18:30:00,249,249
2491,20/06/2021 , 18:45:00,219,219
2492,20/06/2021 , 19:00:00,195,195
2493,20/06/2021 , 19:15:00,181,181
2494,20/06/2021 , 19:30:00,149,149
2495,20/06/2021 , 19:45:00,131,131
2496,20/06/2021 , 20:00:00,91,91
2497,20/06/2021 , 20:15:00,68,68
2498,20/06/2021 , 20:30:00,36,36
2499,20/06/2021 , 20:45:00,18,18
2500,20/06/2021 , 21:00:00,6,6
2501,20/06/2021 , 21:15:00,2,2
2502,20/06/2021 , 21:30:00,0,0
2503,20/06/2021 , 21:45:00,0,0
2504,20/06/2021 , 22:00:00,0,0
2505,20/06/2021 , 22:15:00,0,0
2506,20/06/2021 , 22:30:00,0,0
2507,20/06/2021 , 22:45:00,0,0
2508,20/06/2021 , 23:00:00,0,0
2509,20/06/2021 , 23:15:00,0,0
2510,20/06/2021 , 23:30:00,0,0
2511,20/06/2021 , 23:45:00,0,0
2512,20/06/2021 , 24:00:00,0,0
2513,21/06/2021 , 00:15:00,0,0
2514,21/06/2021 , 00:30:00,0,0
2515,21/06/2021 , 00:45:00,0,0
2516,21/06/2021 , 01:00:00,0,0
2517,21/06/2021 , 01:15:00,0,0
2518,21/06/2021 , 01:30:00,0,0
2519,21/06/2021 , 01:45:00,0,0
2520,21/06/2021 , 02:00:00,0,0
2521,21/06/2021 , 02:15:00,0,0
2522,21/06/2021 , 02:30:00,0,0
2523,21/06/2021 , 02:45:00,0,0
2524,21/06/2021 , 03:00:00,0,0
2525,21/06/2021 , 03:15:00,0,0
2526,21/06/2021 , 03:30:00,0,0
2527,21/06/2021 , 03:45:00,0,0
2528,21/06/2021 , 04:00:00,0,0
2529,21/06/2021 , 04:15:00,0,0
2530,21/06/2021 , 04:30:00,0,0
2531,21/06/2021 , 04:45:00,0,0
2532,21/06/2021 , 05:00:00,0,0
2533,21/06/2021 , 05:15:00,0,0
2534,21/06/2021 , 05:30:00,0,0
2535,21/06/2021 , 05:45:00,0,0
2536,21/06/2021 , 06:00:00,0,0
2537,21/06/2021 , 06:15:00,3,3
2538,21/06/2021 , 06:30:00,7,7
2539,21/06/2021 , 06:45:00,14,14
2540,21/06/2021 , 07:00:00,25,25
2541,21/06/2021 , 07:15:00,34,34
2542,21/06/2021 , 07:30:00,54,54
2543,21/06/2021 , 07:45:00,87,87
2544,21/06/2021 , 08:00:00,144,144
2545,21/06/2021 , 08:15:00,188,188
2546,21/06/2021 , 08:30:00,199,199
2547,21/06/2021 , 08:45:00,202,202
2548,21/06/2021 , 09:00:00,290,290
2549,21/06/2021 , 09:15:00,257,257
2550,21/06/2021 , 09:30:00,206,206
2551,21/06/2021 , 09:45:00,175,175
2552,21/06/2021 , 10:00:00,154,154
2553,21/06/2021 , 10:15:00,143,143
2554,21/06/2021 , 10:30:00,210,210
2555,21/06/2021 , 10:45:00,200,200
2556,21/06/2021 , 11:00:00,157,157
2557,21/06/2021 , 11:15:00,304,304
2558,21/06/2021 , 11:30:00,371,371
2559,21/06/2021 , 11:45:00,1416,1416
2560,21/06/2021 , 12:00:00,1756,1756
2561,21/06/2021 , 12:15:00,4460,4460
2562,21/06/2021 , 12:30:00,5160,5160
2563,21/06/2021 , 12:45:00,4173,4173
2564,21/06/2021 , 13:00:00,3599,3599
2565,21/06/2021 , 13:15:00,3009,3009
2566,21/06/2021 , 13:30:00,2703,2703
2567,21/06/2021 , 13:45:00,2228,2228
2568,21/06/2021 , 14:00:00,2423,2423
2569,21/06/2021 , 14:15:00,3803,3803
2570,21/06/2021 , 14:30:00,4414,4414
2571,21/06/2021 , 14:45:00,4228,4228
2572,21/06/2021 , 15:00:00,3740,3740
2573,21/06/2021 , 15:15:00,3323,3323
2574,21/06/2021 , 15:30:00,3065,3065
2575,21/06/2021 , 15:45:00,2832,2832
2576,21/06/2021 , 16:00:00,2606,2606
2577,21/06/2021 , 16:15:00,2490,2490
2578,21/06/2021 , 16:30:00,2350,2350
2579,21/06/2021 , 16:45:00,1990,1990
2580,21/06/2021 , 17:00:00,1772,1772
2581,21/06/2021 , 17:15:00,1655,1655
2582,21/06/2021 , 17:30:00,1507,1507
2583,21/06/2021 , 17:45:00,1395,1395
2584,21/06/2021 , 18:00:00,1227,1227
2585,21/06/2021 , 18:15:00,1085,1085
2586,21/06/2021 , 18:30:00,946,946
2587,21/06/2021 , 18:45:00,814,814
2588,21/06/2021 , 19:00:00,709,709
2589,21/06/2021 , 19:15:00,625,625
2590,21/06/2021 , 19:30:00,514,514
2591,21/06/2021 , 19:45:00,409,409
2592,21/06/2021 , 20:00:00,326,326
2593,21/06/2021 , 20:15:00,254,254
2594,21/06/2021 , 20:30:00,176,176
2595,21/06/2021 , 20:45:00,111,111
2596,21/06/2021 , 21:00:00,62,62
2597,21/06/2021 , 21:15:00,27,27
2598,21/06/2021 , 21:30:00,9,9
2599,21/06/2021 , 21:45:00,1,1
2600,21/06/2021 , 22:00:00,0,0
2601,21/06/2021 , 22:15:00,0,0
2602,21/06/2021 , 22:30:00,0,0
2603,21/06/2021 , 22:45:00,0,0
2604,21/06/2021 , 23:00:00,0,0
2605,21/06/2021 , 23:15:00,0,0
2606,21/06/2021 , 23:30:00,0,0
2607,21/06/2021 , 23:45:00,0,0
2608,21/06/2021 , 24:00:00,0,0
2609,22/06/2021 , 00:15:00,0,0
2610,22/06/2021 , 00:30:00,0,0
2611,22/06/2021 , 00:45:00,0,0
2612,22/06/2021 , 01:00:00,0,0
2613,22/06/2021 , 01:15:00,0,0
2614,22/06/2021 , 01:30:00,0,0
2615,22/06/2021 , 01:45:00,0,0
2616,22/06/2021 , 02:00:00,0,0
2617,22/06/2021 , 02:15:00,0,0
2618,22/06/2021 , 02:30:00,0,0
2619,22/06/2021 , 02:45:00,0,0
2620,22/06/2021 , 03:00:00,0,0
2621,22/06/2021 , 03:15:00,0,0
2622,22/06/2021 , 03:30:00,0,0
2623,22/06/2021 , 03:45:00,0,0
2624,22/06/2021 , 04:00:00,0,0
2625,22/06/2021 , 04:15:00,0,0
2626,22/06/2021 , 04:30:00,0,0
2627,22/06/2021 , 04:45:00,0,0
2628,22/06/2021 , 05:00:00,3,3
2629,22/06/2021 , 05:15:00,19,19
2630,22/06/2021 , 05:30:00,39,39
2631,22/06/2021 , 05:45:00,50,50
2632,22/06/2021 , 06:00:00,57,57
2633,22/06/2021 , 06:15:00,83,83
2634,22/06/2021 , 06:30:00,130,130
2635,22/06/2021 , 06:45:00,239,239
2636,22/06/2021 , 07:00:00,326,326
2637,22/06/2021 , 07:15:00,325,325
2638,22/06/2021 , 07:30:00,375,375
2639,22/06/2021 , 07:45:00,478,478
2640,22/06/2021 , 08:00:00,619,619
2641,22/06/2021 , 08:15:00,834,834
2642,22/06/2021 , 08:30:00,1117,1117
2643,22/06/2021 , 08:45:00,1443,1443
2644,22/06/2021 , 09:00:00,1838,1838
2645,22/06/2021 , 09:15:00,2116,2116
2646,22/06/2021 , 09:30:00,2707,2707
2647,22/06/2021 , 09:45:00,3506,3506
2648,22/06/2021 , 10:00:00,4609,4609
2649,22/06/2021 , 10:15:00,4277,4277
2650,22/06/2021 , 10:30:00,9309,9309
2651,22/06/2021 , 10:45:00,2329,2329
2652,22/06/2021 , 11:00:00,2229,2229
2653,22/06/2021 , 11:15:00,4169,4169
2654,22/06/2021 , 11:30:00,6384,6384
2655,22/06/2021 , 11:45:00,6263,6263
2656,22/06/2021 , 12:00:00,6322,6322
2657,22/06/2021 , 12:15:00,12792,12792
2658,22/06/2021 , 12:30:00,6339,6339
2659,22/06/2021 , 12:45:00,4677,4677
2660,22/06/2021 , 13:00:00,6388,6388
2661,22/06/2021 , 13:15:00,12597,12597
2662,22/06/2021 , 13:30:00,16051,16051
2663,22/06/2021 , 13:45:00,16575,16575
2664,22/06/2021 , 14:00:00,16797,16797
2665,22/06/2021 , 14:15:00,16425,16425
2666,22/06/2021 , 14:30:00,15987,15987
2667,22/06/2021 , 14:45:00,15512,15512
2668,22/06/2021 , 15:00:00,14997,14997
2669,22/06/2021 , 15:15:00,8228,8228
2670,22/06/2021 , 15:30:00,12798,12798
2671,22/06/2021 , 15:45:00,12137,12137
2672,22/06/2021 , 16:00:00,11150,11150
2673,22/06/2021 , 16:15:00,9726,9726
2674,22/06/2021 , 16:30:00,6354,6354
2675,22/06/2021 , 16:45:00,2741,2741
2676,22/06/2021 , 17:00:00,4779,4779
2677,22/06/2021 , 17:15:00,3745,3745
2678,22/06/2021 , 17:30:00,792,792
2679,22/06/2021 , 17:45:00,616,616
2680,22/06/2021 , 18:00:00,556,556
2681,22/06/2021 , 18:15:00,456,456
2682,22/06/2021 , 18:30:00,398,398
2683,22/06/2021 , 18:45:00,133,133
2684,22/06/2021 , 19:00:00,2,2
2685,22/06/2021 , 19:15:00,1,1
2686,22/06/2021 , 19:30:00,0,0
2687,22/06/2021 , 19:45:00,23,23
2688,22/06/2021 , 20:00:00,0,0
2689,22/06/2021 , 20:15:00,0,0
2690,22/06/2021 , 20:30:00,0,0
2691,22/06/2021 , 20:45:00,0,0
2692,22/06/2021 , 21:00:00,0,0
2693,22/06/2021 , 21:15:00,0,0
2694,22/06/2021 , 21:30:00,0,0
2695,22/06/2021 , 21:45:00,0,0
2696,22/06/2021 , 22:00:00,0,0
2697,22/06/2021 , 22:15:00,0,0
2698,22/06/2021 , 22:30:00,0,0
2699,22/06/2021 , 22:45:00,0,0
2700,22/06/2021 , 23:00:00,0,0
2701,22/06/2021 , 23:15:00,0,0
2702,22/06/2021 , 23:30:00,0,0
2703,22/06/2021 , 23:45:00,0,0
2704,22/06/2021 , 24:00:00,0,0
2705,23/06/2021 , 00:15:00,0,0
2706,23/06/2021 , 00:30:00,0,0
2707,23/06/2021 , 00:45:00,0,0
2708,23/06/2021 , 01:00:00,0,0
2709,23/06/2021 , 01:15:00,0,0
2710,23/06/2021 , 01:30:00,0,0
2711,23/06/2021 , 01:45:00,0,0
2712,23/06/2021 , 02:00:00,0,0
2713,23/06/2021 , 02:15:00,0,0
2714,23/06/2021 , 02:30:00,0,0
2715,23/06/2021 , 02:45:00,0,0
2716,23/06/2021 , 03:00:00,0,0
2717,23/06/2021 , 03:15:00,0,0
2718,23/06/2021 , 03:30:00,0,0
2719,23/06/2021 , 03:45:00,0,0
2720,23/06/2021 , 04:00:00,0,0
2721,23/06/2021 , 04:15:00,0,0
2722,23/06/2021 , 04:30:00,0,0
2723,23/06/2021 , 04:45:00,0,0
2724,23/06/2021 , 05:00:00,0,0
2725,23/06/2021 , 05:15:00,0,0
2726,23/06/2021 , 05:30:00,0,0
2727,23/06/2021 , 05:45:00,0,0
2728,23/06/2021 , 06:00:00,0,0
2729,23/06/2021 , 06:15:00,0,0
2730,23/06/2021 , 06:30:00,0,0
2731,23/06/2021 , 06:45:00,0,0
2732,23/06/2021 , 07:00:00,0,0
2733,23/06/2021 , 07:15:00,0,0
2734,23/06/2021 , 07:30:00,1,1
2735,23/06/2021 , 07:45:00,1,1
2736,23/06/2021 , 08:00:00,1,1
2737,23/06/2021 , 08:15:00,0,0
2738,23/06/2021 , 08:30:00,0,0
2739,23/06/2021 , 08:45:00,0,0
2740,23/06/2021 , 09:00:00,1,1
2741,23/06/2021 , 09:15:00,1,1
2742,23/06/2021 , 09:30:00,1,1
2743,23/06/2021 , 09:45:00,0,0
2744,23/06/2021 , 10:00:00,1,1
2745,23/06/2021 , 10:15:00,2,2
2746,23/06/2021 , 10:30:00,1,1
2747,23/06/2021 , 10:45:00,3,3
2748,23/06/2021 , 11:00:00,2,2
2749,23/06/2021 , 11:15:00,1,1
2750,23/06/2021 , 11:30:00,2,2
2751,23/06/2021 , 11:45:00,2,2
2752,23/06/2021 , 12:00:00,2,2
2753,23/06/2021 , 12:15:00,2,2
2754,23/06/2021 , 12:30:00,3,3
2755,23/06/2021 , 12:45:00,2,2
2756,23/06/2021 , 13:00:00,2,2
2757,23/06/2021 , 13:15:00,4,4
2758,23/06/2021 , 13:30:00,2,2
2759,23/06/2021 , 13:45:00,22,22
2760,23/06/2021 , 14:00:00,40,40
2761,23/06/2021 , 14:15:00,36,36
2762,23/06/2021 , 14:30:00,37,37
2763,23/06/2021 , 14:45:00,37,37
2764,23/06/2021 , 15:00:00,38,38
2765,23/06/2021 , 15:15:00,38,38
2766,23/06/2021 , 15:30:00,38,38
2767,23/06/2021 , 15:45:00,38,38
2768,23/06/2021 , 16:00:00,38,38
2769,23/06/2021 , 16:15:00,39,39
2770,23/06/2021 , 16:30:00,40,40
2771,23/06/2021 , 16:45:00,41,41
2772,23/06/2021 , 17:00:00,42,42
2773,23/06/2021 , 17:15:00,42,42
2774,23/06/2021 , 17:30:00,43,43
2775,23/06/2021 , 17:45:00,9,9
2776,23/06/2021 , 18:00:00,7,7
2777,23/06/2021 , 18:15:00,6,6
2778,23/06/2021 , 18:30:00,7,7
2779,23/06/2021 , 18:45:00,6,6
2780,23/06/2021 , 19:00:00,8,8
2781,23/06/2021 , 19:15:00,8,8
2782,23/06/2021 , 19:30:00,9,9
2783,23/06/2021 , 19:45:00,27,27
2784,23/06/2021 , 20:00:00,50,50
2785,23/06/2021 , 20:15:00,45,45
2786,23/06/2021 , 20:30:00,37,37
2787,23/06/2021 , 20:45:00,36,36
2788,23/06/2021 , 21:00:00,34,34
2789,23/06/2021 , 21:15:00,34,34
2790,23/06/2021 , 21:30:00,27,27
2791,23/06/2021 , 21:45:00,0,0
2792,23/06/2021 , 22:00:00,0,0
2793,23/06/2021 , 22:15:00,0,0
2794,23/06/2021 , 22:30:00,0,0
2795,23/06/2021 , 22:45:00,0,0
2796,23/06/2021 , 23:00:00,0,0
2797,23/06/2021 , 23:15:00,0,0
2798,23/06/2021 , 23:30:00,0,0
2799,23/06/2021 , 23:45:00,0,0
2800,23/06/2021 , 24:00:00,0,0
2801,24/06/2021 , 00:15:00,0,0
2802,24/06/2021 , 00:30:00,0,0
2803,24/06/2021 , 00:45:00,0,0
2804,24/06/2021 , 01:00:00,0,0
2805,24/06/2021 , 01:15:00,0,0
2806,24/06/2021 , 01:30:00,0,0
2807,24/06/2021 , 01:45:00,0,0
2808,24/06/2021 , 02:00:00,0,0
2809,24/06/2021 , 02:15:00,0,0
2810,24/06/2021 , 02:30:00,0,0
2811,24/06/2021 , 02:45:00,0,0
2812,24/06/2021 , 03:00:00,0,0
2813,24/06/2021 , 03:15:00,0,0
2814,24/06/2021 , 03:30:00,0,0
2815,24/06/2021 , 03:45:00,0,0
2816,24/06/2021 , 04:00:00,0,0
2817,24/06/2021 , 04:15:00,0,0
2818,24/06/2021 , 04:30:00,0,0
2819,24/06/2021 , 04:45:00,0,0
2820,24/06/2021 , 05:00:00,0,0
2821,24/06/2021 , 05:15:00,0,0
2822,24/06/2021 , 05:30:00,0,0
2823,24/06/2021 , 05:45:00,0,0
2824,24/06/2021 , 06:00:00,0,0
2825,24/06/2021 , 06:15:00,1,1
2826,24/06/2021 , 06:30:00,1,1
2827,24/06/2021 , 06:45:00,2,2
2828,24/06/2021 , 07:00:00,1,1
2829,24/06/2021 , 07:15:00,2,2
2830,24/06/2021 , 07:30:00,3,3
2831,24/06/2021 , 07:45:00,4,4
2832,24/06/2021 , 08:00:00,5,5
2833,24/06/2021 , 08:15:00,7,7
2834,24/06/2021 , 08:30:00,7,7
2835,24/06/2021 , 08:45:00,8,8
2836,24/06/2021 , 09:00:00,8,8
2837,24/06/2021 , 09:15:00,9,9
2838,24/06/2021 , 09:30:00,10,10
2839,24/06/2021 , 09:45:00,36,36
2840,24/06/2021 , 10:00:00,46,46
2841,24/06/2021 , 10:15:00,47,47
2842,24/06/2021 , 10:30:00,47,47
2843,24/06/2021 , 10:45:00,48,48
2844,24/06/2021 , 11:00:00,46,46
2845,24/06/2021 , 11:15:00,47,47
2846,24/06/2021 , 11:30:00,46,46
2847,24/06/2021 , 11:45:00,47,47
2848,24/06/2021 , 12:00:00,47,47
2849,24/06/2021 , 12:15:00,48,48
2850,24/06/2021 , 12:30:00,47,47
2851,24/06/2021 , 12:45:00,46,46
2852,24/06/2021 , 13:00:00,48,48
2853,24/06/2021 , 13:15:00,44,44
2854,24/06/2021 , 13:30:00,38,38
2855,24/06/2021 , 13:45:00,38,38
2856,24/06/2021 , 14:00:00,38,38
2857,24/06/2021 , 14:15:00,38,38
2858,24/06/2021 , 14:30:00,37,37
2859,24/06/2021 , 14:45:00,37,37
2860,24/06/2021 , 15:00:00,38,38
2861,24/06/2021 , 15:15:00,37,37
2862,24/06/2021 , 15:30:00,36,36
2863,24/06/2021 , 15:45:00,37,37
2864,24/06/2021 , 16:00:00,38,38
2865,24/06/2021 , 16:15:00,36,36
2866,24/06/2021 , 16:30:00,37,37
2867,24/06/2021 , 16:45:00,38,38
2868,24/06/2021 , 17:00:00,37,37
2869,24/06/2021 , 17:15:00,37,37
2870,24/06/2021 , 17:30:00,26,26
2871,24/06/2021 , 17:45:00,3,3
2872,24/06/2021 , 18:00:00,4,4
2873,24/06/2021 , 18:15:00,4,4
2874,24/06/2021 , 18:30:00,3,3
2875,24/06/2021 , 18:45:00,4,4
2876,24/06/2021 , 19:00:00,3,3
2877,24/06/2021 , 19:15:00,3,3
2878,24/06/2021 , 19:30:00,3,3
2879,24/06/2021 , 19:45:00,5,5
2880,24/06/2021 , 20:00:00,4,4
2881,24/06/2021 , 20:15:00,3,3
2882,24/06/2021 , 20:30:00,1,1
2883,24/06/2021 , 20:45:00,0,0
2884,24/06/2021 , 21:00:00,0,0
2885,24/06/2021 , 21:15:00,0,0
2886,24/06/2021 , 21:30:00,0,0
2887,24/06/2021 , 21:45:00,0,0
2888,24/06/2021 , 22:00:00,0,0
2889,24/06/2021 , 22:15:00,0,0
2890,24/06/2021 , 22:30:00,0,0
2891,24/06/2021 , 22:45:00,0,0
2892,24/06/2021 , 23:00:00,0,0
2893,24/06/2021 , 23:15:00,0,0
2894,24/06/2021 , 23:30:00,0,0
2895,24/06/2021 , 23:45:00,0,0
2896,24/06/2021 , 24:00:00,0,0
2897,25/06/2021 , 00:15:00,0,0
2898,25/06/2021 , 00:30:00,0,0
2899,25/06/2021 , 00:45:00,0,0
2900,25/06/2021 , 01:00:00,0,0
2901,25/06/2021 , 01:15:00,0,0
2902,25/06/2021 , 01:30:00,0,0
2903,25/06/2021 , 01:45:00,0,0
2904,25/06/2021 , 02:00:00,0,0
2905,25/06/2021 , 02:15:00,0,0
2906,25/06/2021 , 02:30:00,0,0
2907,25/06/2021 , 02:45:00,0,0
2908,25/06/2021 , 03:00:00,0,0
2909,25/06/2021 , 03:15:00,0,0
2910,25/06/2021 , 03:30:00,0,0
2911,25/06/2021 , 03:45:00,0,0
2912,25/06/2021 , 04:00:00,0,0
2913,25/06/2021 , 04:15:00,0,0
2914,25/06/2021 , 04:30:00,0,0
2915,25/06/2021 , 04:45:00,0,0
2916,25/06/2021 , 05:00:00,0,0
2917,25/06/2021 , 05:15:00,0,0
2918,25/06/2021 , 05:30:00,0,0
2919,25/06/2021 , 05:45:00,0,0
2920,25/06/2021 , 06:00:00,0,0
2921,25/06/2021 , 06:15:00,0,0
2922,25/06/2021 , 06:30:00,0,0
2923,25/06/2021 , 06:45:00,0,0
2924,25/06/2021 , 07:00:00,0,0
2925,25/06/2021 , 07:15:00,2,2
2926,25/06/2021 , 07:30:00,4,4
2927,25/06/2021 , 07:45:00,3,3
2928,25/06/2021 , 08:00:00,2,2
2929,25/06/2021 , 08:15:00,3,3
2930,25/06/2021 , 08:30:00,9,9
2931,25/06/2021 , 08:45:00,35,35
2932,25/06/2021 , 09:00:00,37,37
2933,25/06/2021 , 09:15:00,36,36
2934,25/06/2021 , 09:30:00,37,37
2935,25/06/2021 , 09:45:00,37,37
2936,25/06/2021 , 10:00:00,36,36
2937,25/06/2021 , 10:15:00,37,37
2938,25/06/2021 , 10:30:00,37,37
2939,25/06/2021 , 10:45:00,37,37
2940,25/06/2021 , 11:00:00,37,37
2941,25/06/2021 , 11:15:00,37,37
2942,25/06/2021 , 11:30:00,38,38
2943,25/06/2021 , 11:45:00,1582,1582
2944,25/06/2021 , 12:00:00,2543,2543
2945,25/06/2021 , 12:15:00,278,278
2946,25/06/2021 , 12:30:00,259,259
2947,25/06/2021 , 12:45:00,244,244
2948,25/06/2021 , 13:00:00,235,235
2949,25/06/2021 , 13:15:00,227,227
2950,25/06/2021 , 13:30:00,2804,2804
2951,25/06/2021 , 13:45:00,4221,4221
2952,25/06/2021 , 14:00:00,2939,2939
2953,25/06/2021 , 14:15:00,2854,2854
2954,25/06/2021 , 14:30:00,169,169
