Site Name ,BLAUOYSTER,,,
Site Number ,1,,,
Logger ,Integrating Light Sensor,,,
Logger Serial Number ,14726,,,
,,,,
,,,,
Scan No ,Date and Time,       Integrating Light,        ,
        ,        ,RAW VALUE ,CALIBRATED VALUE,
,,,,
1,25/05/2021 , 20:15:00,35,35
2,25/05/2021 , 20:30:00,37,37
3,25/05/2021 , 20:45:00,40,40
4,25/05/2021 , 21:00:00,38,38
5,25/05/2021 , 21:15:00,41,41
6,25/05/2021 , 21:30:00,44,44
7,25/05/2021 , 21:45:00,42,42
8,25/05/2021 , 22:00:00,45,45
9,25/05/2021 , 22:15:00,41,41
10,25/05/2021 , 22:30:00,45,45
11,25/05/2021 , 22:45:00,46,46
12,25/05/2021 , 23:00:00,57,57
13,25/05/2021 , 23:15:00,1,1
14,25/05/2021 , 23:30:00,0,0
15,25/05/2021 , 23:45:00,0,0
16,25/05/2021 , 24:00:00,0,0
17,26/05/2021 , 00:15:00,0,0
18,26/05/2021 , 00:30:00,0,0
19,26/05/2021 , 00:45:00,0,0
20,26/05/2021 , 01:00:00,0,0
21,26/05/2021 , 01:15:00,0,0
22,26/05/2021 , 01:30:00,0,0
23,26/05/2021 , 01:45:00,0,0
24,26/05/2021 , 02:00:00,0,0
25,26/05/2021 , 02:15:00,0,0
26,26/05/2021 , 02:30:00,0,0
27,26/05/2021 , 02:45:00,0,0
28,26/05/2021 , 03:00:00,0,0
29,26/05/2021 , 03:15:00,0,0
30,26/05/2021 , 03:30:00,0,0
31,26/05/2021 , 03:45:00,0,0
32,26/05/2021 , 04:00:00,0,0
33,26/05/2021 , 04:15:00,0,0
34,26/05/2021 , 04:30:00,0,0
35,26/05/2021 , 04:45:00,0,0
36,26/05/2021 , 05:00:00,0,0
37,26/05/2021 , 05:15:00,0,0
38,26/05/2021 , 05:30:00,0,0
39,26/05/2021 , 05:45:00,0,0
40,26/05/2021 , 06:00:00,0,0
41,26/05/2021 , 06:15:00,0,0
42,26/05/2021 , 06:30:00,0,0
43,26/05/2021 , 06:45:00,0,0
44,26/05/2021 , 07:00:00,0,0
45,26/05/2021 , 07:15:00,0,0
46,26/05/2021 , 07:30:00,0,0
47,26/05/2021 , 07:45:00,39,39
48,26/05/2021 , 08:00:00,52,52
49,26/05/2021 , 08:15:00,50,50
50,26/05/2021 , 08:30:00,51,51
51,26/05/2021 , 08:45:00,49,49
52,26/05/2021 , 09:00:00,18,18
53,26/05/2021 , 09:15:00,0,0
54,26/05/2021 , 09:30:00,2,2
55,26/05/2021 , 09:45:00,1,1
56,26/05/2021 , 10:00:00,1,1
57,26/05/2021 , 10:15:00,1,1
58,26/05/2021 , 10:30:00,2,2
59,26/05/2021 , 10:45:00,30,30
60,26/05/2021 , 11:00:00,1,1
61,26/05/2021 , 11:15:00,2,2
62,26/05/2021 , 11:30:00,4,4
63,26/05/2021 , 11:45:00,4,4
64,26/05/2021 , 12:00:00,3,3
65,26/05/2021 , 12:15:00,4,4
66,26/05/2021 , 12:30:00,4,4
67,26/05/2021 , 12:45:00,5,5
68,26/05/2021 , 13:00:00,4,4
69,26/05/2021 , 13:15:00,5,5
70,26/05/2021 , 13:30:00,6,6
71,26/05/2021 , 13:45:00,6,6
72,26/05/2021 , 14:00:00,4,4
73,26/05/2021 , 14:15:00,5,5
74,26/05/2021 , 14:30:00,62,62
75,26/05/2021 , 14:45:00,81,81
76,26/05/2021 , 15:00:00,78,78
77,26/05/2021 , 15:15:00,76,76
78,26/05/2021 , 15:30:00,71,71
79,26/05/2021 , 15:45:00,76,76
80,26/05/2021 , 16:00:00,76,76
81,26/05/2021 , 16:15:00,65,65
82,26/05/2021 , 16:30:00,18,18
83,26/05/2021 , 16:45:00,78,78
84,26/05/2021 , 17:00:00,79,79
85,26/05/2021 , 17:15:00,83,83
86,26/05/2021 , 17:30:00,57,57
87,26/05/2021 , 17:45:00,51,51
88,26/05/2021 , 18:00:00,51,51
89,26/05/2021 , 18:15:00,10,10
90,26/05/2021 , 18:30:00,1,1
91,26/05/2021 , 18:45:00,1,1
92,26/05/2021 , 19:00:00,0,0
93,26/05/2021 , 19:15:00,0,0
94,26/05/2021 , 19:30:00,0,0
95,26/05/2021 , 19:45:00,18,18
96,26/05/2021 , 20:00:00,36,36
97,26/05/2021 , 20:15:00,0,0
98,26/05/2021 , 20:30:00,0,0
99,26/05/2021 , 20:45:00,0,0
100,26/05/2021 , 21:00:00,0,0
101,26/05/2021 , 21:15:00,0,0
102,26/05/2021 , 21:30:00,0,0
103,26/05/2021 , 21:45:00,0,0
104,26/05/2021 , 22:00:00,0,0
105,26/05/2021 , 22:15:00,0,0
106,26/05/2021 , 22:30:00,0,0
107,26/05/2021 , 22:45:00,0,0
108,26/05/2021 , 23:00:00,0,0
109,26/05/2021 , 23:15:00,0,0
110,26/05/2021 , 23:30:00,0,0
111,26/05/2021 , 23:45:00,0,0
112,26/05/2021 , 24:00:00,0,0
113,27/05/2021 , 00:15:00,0,0
114,27/05/2021 , 00:30:00,0,0
115,27/05/2021 , 00:45:00,0,0
116,27/05/2021 , 01:00:00,0,0
117,27/05/2021 , 01:15:00,0,0
118,27/05/2021 , 01:30:00,0,0
119,27/05/2021 , 01:45:00,0,0
120,27/05/2021 , 02:00:00,0,0
121,27/05/2021 , 02:15:00,0,0
122,27/05/2021 , 02:30:00,0,0
123,27/05/2021 , 02:45:00,0,0
124,27/05/2021 , 03:00:00,0,0
125,27/05/2021 , 03:15:00,0,0
126,27/05/2021 , 03:30:00,0,0
127,27/05/2021 , 03:45:00,0,0
128,27/05/2021 , 04:00:00,0,0
129,27/05/2021 , 04:15:00,0,0
130,27/05/2021 , 04:30:00,0,0
131,27/05/2021 , 04:45:00,0,0
132,27/05/2021 , 05:00:00,0,0
133,27/05/2021 , 05:15:00,0,0
134,27/05/2021 , 05:30:00,0,0
135,27/05/2021 , 05:45:00,0,0
136,27/05/2021 , 06:00:00,0,0
137,27/05/2021 , 06:15:00,0,0
138,27/05/2021 , 06:30:00,0,0
139,27/05/2021 , 06:45:00,0,0
140,27/05/2021 , 07:00:00,0,0
141,27/05/2021 , 07:15:00,0,0
142,27/05/2021 , 07:30:00,0,0
143,27/05/2021 , 07:45:00,0,0
144,27/05/2021 , 08:00:00,7,7
145,27/05/2021 , 08:15:00,21,21
146,27/05/2021 , 08:30:00,21,21
147,27/05/2021 , 08:45:00,22,22
148,27/05/2021 , 09:00:00,24,24
149,27/05/2021 , 09:15:00,24,24
150,27/05/2021 , 09:30:00,24,24
151,27/05/2021 , 09:45:00,21,21
152,27/05/2021 , 10:00:00,0,0
153,27/05/2021 , 10:15:00,0,0
154,27/05/2021 , 10:30:00,193,193
155,27/05/2021 , 10:45:00,208,208
156,27/05/2021 , 11:00:00,2334,2334
157,27/05/2021 , 11:15:00,6861,6861
158,27/05/2021 , 11:30:00,6491,6491
159,27/05/2021 , 11:45:00,5350,5350
160,27/05/2021 , 12:00:00,6622,6622
161,27/05/2021 , 12:15:00,5551,5551
162,27/05/2021 , 12:30:00,7095,7095
163,27/05/2021 , 12:45:00,7765,7765
164,27/05/2021 , 13:00:00,11200,11200
165,27/05/2021 , 13:15:00,14954,14954
166,27/05/2021 , 13:30:00,9605,9605
167,27/05/2021 , 13:45:00,9721,9721
168,27/05/2021 , 14:00:00,12496,12496
169,27/05/2021 , 14:15:00,11950,11950
170,27/05/2021 , 14:30:00,13297,13297
171,27/05/2021 , 14:45:00,8455,8455
172,27/05/2021 , 15:00:00,1591,1591
173,27/05/2021 , 15:15:00,574,574
174,27/05/2021 , 15:30:00,684,684
175,27/05/2021 , 15:45:00,234,234
176,27/05/2021 , 16:00:00,136,136
177,27/05/2021 , 16:15:00,163,163
178,27/05/2021 , 16:30:00,141,141
179,27/05/2021 , 16:45:00,99,99
180,27/05/2021 , 17:00:00,141,141
181,27/05/2021 , 17:15:00,241,241
182,27/05/2021 , 17:30:00,10,10
183,27/05/2021 , 17:45:00,2,2
184,27/05/2021 , 18:00:00,1,1
185,27/05/2021 , 18:15:00,1,1
186,27/05/2021 , 18:30:00,1,1
187,27/05/2021 , 18:45:00,0,0
188,27/05/2021 , 19:00:00,0,0
189,27/05/2021 , 19:15:00,0,0
190,27/05/2021 , 19:30:00,1,1
191,27/05/2021 , 19:45:00,15,15
192,27/05/2021 , 20:00:00,10,10
193,27/05/2021 , 20:15:00,23,23
194,27/05/2021 , 20:30:00,11,11
195,27/05/2021 , 20:45:00,6,6
196,27/05/2021 , 21:00:00,3,3
197,27/05/2021 , 21:15:00,0,0
198,27/05/2021 , 21:30:00,0,0
199,27/05/2021 , 21:45:00,0,0
200,27/05/2021 , 22:00:00,0,0
201,27/05/2021 , 22:15:00,0,0
202,27/05/2021 , 22:30:00,0,0
203,27/05/2021 , 22:45:00,0,0
204,27/05/2021 , 23:00:00,0,0
205,27/05/2021 , 23:15:00,0,0
206,27/05/2021 , 23:30:00,0,0
207,27/05/2021 , 23:45:00,0,0
208,27/05/2021 , 24:00:00,0,0
209,28/05/2021 , 00:15:00,0,0
210,28/05/2021 , 00:30:00,0,0
211,28/05/2021 , 00:45:00,0,0
212,28/05/2021 , 01:00:00,0,0
213,28/05/2021 , 01:15:00,0,0
214,28/05/2021 , 01:30:00,0,0
215,28/05/2021 , 01:45:00,0,0
216,28/05/2021 , 02:00:00,0,0
217,28/05/2021 , 02:15:00,0,0
218,28/05/2021 , 02:30:00,0,0
219,28/05/2021 , 02:45:00,0,0
220,28/05/2021 , 03:00:00,0,0
221,28/05/2021 , 03:15:00,0,0
222,28/05/2021 , 03:30:00,0,0
223,28/05/2021 , 03:45:00,0,0
224,28/05/2021 , 04:00:00,0,0
225,28/05/2021 , 04:15:00,0,0
226,28/05/2021 , 04:30:00,0,0
227,28/05/2021 , 04:45:00,0,0
228,28/05/2021 , 05:00:00,0,0
229,28/05/2021 , 05:15:00,0,0
230,28/05/2021 , 05:30:00,4,4
231,28/05/2021 , 05:45:00,10,10
232,28/05/2021 , 06:00:00,15,15
233,28/05/2021 , 06:15:00,27,27
234,28/05/2021 , 06:30:00,32,32
235,28/05/2021 , 06:45:00,63,63
236,28/05/2021 , 07:00:00,133,133
237,28/05/2021 , 07:15:00,188,188
238,28/05/2021 , 07:30:00,302,302
239,28/05/2021 , 07:45:00,431,431
240,28/05/2021 , 08:00:00,461,461
241,28/05/2021 , 08:15:00,652,652
242,28/05/2021 , 08:30:00,688,688
243,28/05/2021 , 08:45:00,737,737
244,28/05/2021 , 09:00:00,575,575
245,28/05/2021 , 09:15:00,445,445
246,28/05/2021 , 09:30:00,347,347
247,28/05/2021 , 09:45:00,161,161
248,28/05/2021 , 10:00:00,126,126
249,28/05/2021 , 10:15:00,224,224
250,28/05/2021 , 10:30:00,160,160
251,28/05/2021 , 10:45:00,143,143
252,28/05/2021 , 11:00:00,170,170
253,28/05/2021 , 11:15:00,90,90
254,28/05/2021 , 11:30:00,106,106
255,28/05/2021 , 11:45:00,346,346
256,28/05/2021 , 12:00:00,596,596
257,28/05/2021 , 12:15:00,595,595
258,28/05/2021 , 12:30:00,704,704
259,28/05/2021 , 12:45:00,773,773
260,28/05/2021 , 13:00:00,921,921
261,28/05/2021 , 13:15:00,701,701
262,28/05/2021 , 13:30:00,737,737
263,28/05/2021 , 13:45:00,609,609
264,28/05/2021 , 14:00:00,412,412
265,28/05/2021 , 14:15:00,341,341
266,28/05/2021 , 14:30:00,313,313
267,28/05/2021 , 14:45:00,314,314
268,28/05/2021 , 15:00:00,335,335
269,28/05/2021 , 15:15:00,306,306
270,28/05/2021 , 15:30:00,264,264
271,28/05/2021 , 15:45:00,193,193
272,28/05/2021 , 16:00:00,785,785
273,28/05/2021 , 16:15:00,3854,3854
274,28/05/2021 , 16:30:00,3368,3368
275,28/05/2021 , 16:45:00,2195,2195
276,28/05/2021 , 17:00:00,1153,1153
277,28/05/2021 , 17:15:00,766,766
278,28/05/2021 , 17:30:00,652,652
279,28/05/2021 , 17:45:00,579,579
280,28/05/2021 , 18:00:00,301,301
281,28/05/2021 , 18:15:00,59,59
282,28/05/2021 , 18:30:00,8,8
283,28/05/2021 , 18:45:00,6,6
284,28/05/2021 , 19:00:00,3,3
285,28/05/2021 , 19:15:00,3,3
286,28/05/2021 , 19:30:00,2,2
287,28/05/2021 , 19:45:00,1,1
288,28/05/2021 , 20:00:00,1,1
289,28/05/2021 , 20:15:00,2,2
290,28/05/2021 , 20:30:00,1,1
291,28/05/2021 , 20:45:00,2,2
292,28/05/2021 , 21:00:00,0,0
293,28/05/2021 , 21:15:00,0,0
294,28/05/2021 , 21:30:00,0,0
295,28/05/2021 , 21:45:00,0,0
296,28/05/2021 , 22:00:00,0,0
297,28/05/2021 , 22:15:00,0,0
298,28/05/2021 , 22:30:00,0,0
299,28/05/2021 , 22:45:00,0,0
300,28/05/2021 , 23:00:00,0,0
301,28/05/2021 , 23:15:00,0,0
302,28/05/2021 , 23:30:00,0,0
303,28/05/2021 , 23:45:00,0,0
304,28/05/2021 , 24:00:00,0,0
305,29/05/2021 , 00:15:00,0,0
306,29/05/2021 , 00:30:00,0,0
307,29/05/2021 , 00:45:00,0,0
308,29/05/2021 , 01:00:00,0,0
309,29/05/2021 , 01:15:00,0,0
310,29/05/2021 , 01:30:00,0,0
311,29/05/2021 , 01:45:00,0,0
312,29/05/2021 , 02:00:00,0,0
313,29/05/2021 , 02:15:00,0,0
314,29/05/2021 , 02:30:00,0,0
315,29/05/2021 , 02:45:00,0,0
316,29/05/2021 , 03:00:00,0,0
317,29/05/2021 , 03:15:00,0,0
318,29/05/2021 , 03:30:00,0,0
319,29/05/2021 , 03:45:00,0,0
320,29/05/2021 , 04:00:00,0,0
321,29/05/2021 , 04:15:00,0,0
322,29/05/2021 , 04:30:00,0,0
323,29/05/2021 , 04:45:00,0,0
324,29/05/2021 , 05:00:00,0,0
325,29/05/2021 , 05:15:00,0,0
326,29/05/2021 , 05:30:00,2,2
327,29/05/2021 , 05:45:00,8,8
328,29/05/2021 , 06:00:00,14,14
329,29/05/2021 , 06:15:00,32,32
330,29/05/2021 , 06:30:00,78,78
331,29/05/2021 , 06:45:00,218,218
332,29/05/2021 , 07:00:00,332,332
333,29/05/2021 , 07:15:00,439,439
334,29/05/2021 , 07:30:00,550,550
335,29/05/2021 , 07:45:00,676,676
336,29/05/2021 , 08:00:00,812,812
337,29/05/2021 , 08:15:00,1033,1033
338,29/05/2021 , 08:30:00,1292,1292
339,29/05/2021 , 08:45:00,1471,1471
340,29/05/2021 , 09:00:00,1711,1711
341,29/05/2021 , 09:15:00,864,864
342,29/05/2021 , 09:30:00,82,82
343,29/05/2021 , 09:45:00,55,55
344,29/05/2021 , 10:00:00,48,48
345,29/05/2021 , 10:15:00,55,55
346,29/05/2021 , 10:30:00,56,56
347,29/05/2021 , 10:45:00,57,57
348,29/05/2021 , 11:00:00,84,84
349,29/05/2021 , 11:15:00,83,83
350,29/05/2021 , 11:30:00,118,118
351,29/05/2021 , 11:45:00,142,142
352,29/05/2021 , 12:00:00,161,161
353,29/05/2021 , 12:15:00,396,396
354,29/05/2021 , 12:30:00,868,868
355,29/05/2021 , 12:45:00,908,908
356,29/05/2021 , 13:00:00,1089,1089
357,29/05/2021 , 13:15:00,1102,1102
358,29/05/2021 , 13:30:00,1178,1178
359,29/05/2021 , 13:45:00,1278,1278
360,29/05/2021 , 14:00:00,1398,1398
361,29/05/2021 , 14:15:00,1503,1503
362,29/05/2021 , 14:30:00,1457,1457
363,29/05/2021 , 14:45:00,1561,1561
364,29/05/2021 , 15:00:00,1836,1836
365,29/05/2021 , 15:15:00,2036,2036
366,29/05/2021 , 15:30:00,2195,2195
367,29/05/2021 , 15:45:00,2359,2359
368,29/05/2021 , 16:00:00,2524,2524
369,29/05/2021 , 16:15:00,2573,2573
370,29/05/2021 , 16:30:00,2640,2640
371,29/05/2021 , 16:45:00,3474,3474
372,29/05/2021 , 17:00:00,2861,2861
373,29/05/2021 , 17:15:00,1934,1934
374,29/05/2021 , 17:30:00,1039,1039
375,29/05/2021 , 17:45:00,961,961
376,29/05/2021 , 18:00:00,583,583
377,29/05/2021 , 18:15:00,225,225
378,29/05/2021 , 18:30:00,66,66
379,29/05/2021 , 18:45:00,16,16
380,29/05/2021 , 19:00:00,17,17
381,29/05/2021 , 19:15:00,8,8
382,29/05/2021 , 19:30:00,1,1
383,29/05/2021 , 19:45:00,2,2
384,29/05/2021 , 20:00:00,3,3
385,29/05/2021 , 20:15:00,2,2
386,29/05/2021 , 20:30:00,1,1
387,29/05/2021 , 20:45:00,0,0
388,29/05/2021 , 21:00:00,0,0
389,29/05/2021 , 21:15:00,0,0
390,29/05/2021 , 21:30:00,0,0
391,29/05/2021 , 21:45:00,0,0
392,29/05/2021 , 22:00:00,0,0
393,29/05/2021 , 22:15:00,0,0
394,29/05/2021 , 22:30:00,0,0
395,29/05/2021 , 22:45:00,0,0
396,29/05/2021 , 23:00:00,0,0
397,29/05/2021 , 23:15:00,0,0
398,29/05/2021 , 23:30:00,0,0
399,29/05/2021 , 23:45:00,0,0
400,29/05/2021 , 24:00:00,0,0
401,30/05/2021 , 00:15:00,0,0
402,30/05/2021 , 00:30:00,0,0
403,30/05/2021 , 00:45:00,0,0
404,30/05/2021 , 01:00:00,0,0
405,30/05/2021 , 01:15:00,0,0
406,30/05/2021 , 01:30:00,0,0
407,30/05/2021 , 01:45:00,0,0
408,30/05/2021 , 02:00:00,0,0
409,30/05/2021 , 02:15:00,0,0
410,30/05/2021 , 02:30:00,0,0
411,30/05/2021 , 02:45:00,0,0
412,30/05/2021 , 03:00:00,0,0
413,30/05/2021 , 03:15:00,0,0
414,30/05/2021 , 03:30:00,0,0
415,30/05/2021 , 03:45:00,0,0
416,30/05/2021 , 04:00:00,0,0
417,30/05/2021 , 04:15:00,0,0
418,30/05/2021 , 04:30:00,0,0
419,30/05/2021 , 04:45:00,0,0
420,30/05/2021 , 05:00:00,0,0
421,30/05/2021 , 05:15:00,1,1
422,30/05/2021 , 05:30:00,10,10
423,30/05/2021 , 05:45:00,24,24
424,30/05/2021 , 06:00:00,47,47
425,30/05/2021 , 06:15:00,64,64
426,30/05/2021 , 06:30:00,87,87
427,30/05/2021 , 06:45:00,126,126
428,30/05/2021 , 07:00:00,193,193
429,30/05/2021 , 07:15:00,296,296
430,30/05/2021 , 07:30:00,397,397
431,30/05/2021 , 07:45:00,298,298
432,30/05/2021 , 08:00:00,299,299
433,30/05/2021 , 08:15:00,353,353
434,30/05/2021 , 08:30:00,444,444
435,30/05/2021 , 08:45:00,534,534
436,30/05/2021 , 09:00:00,730,730
437,30/05/2021 , 09:15:00,973,973
438,30/05/2021 , 09:30:00,1116,1116
439,30/05/2021 , 09:45:00,1257,1257
440,30/05/2021 , 10:00:00,1285,1285
441,30/05/2021 , 10:15:00,1448,1448
442,30/05/2021 , 10:30:00,1331,1331
443,30/05/2021 , 10:45:00,1618,1618
444,30/05/2021 , 11:00:00,1797,1797
445,30/05/2021 , 11:15:00,1396,1396
446,30/05/2021 , 11:30:00,832,832
447,30/05/2021 , 11:45:00,272,272
448,30/05/2021 , 12:00:00,256,256
449,30/05/2021 , 12:15:00,98,98
450,30/05/2021 , 12:30:00,108,108
451,30/05/2021 , 12:45:00,179,179
452,30/05/2021 , 13:00:00,380,380
453,30/05/2021 , 13:15:00,1709,1709
454,30/05/2021 , 13:30:00,1886,1886
455,30/05/2021 , 13:45:00,2010,2010
456,30/05/2021 , 14:00:00,2179,2179
457,30/05/2021 , 14:15:00,1674,1674
458,30/05/2021 , 14:30:00,1275,1275
459,30/05/2021 , 14:45:00,1342,1342
460,30/05/2021 , 15:00:00,1648,1648
461,30/05/2021 , 15:15:00,1506,1506
462,30/05/2021 , 15:30:00,1396,1396
463,30/05/2021 , 15:45:00,1668,1668
464,30/05/2021 , 16:00:00,2320,2320
465,30/05/2021 , 16:15:00,1873,1873
466,30/05/2021 , 16:30:00,2088,2088
467,30/05/2021 , 16:45:00,1858,1858
468,30/05/2021 , 17:00:00,1371,1371
469,30/05/2021 , 17:15:00,765,765
470,30/05/2021 , 17:30:00,281,281
471,30/05/2021 , 17:45:00,587,587
472,30/05/2021 , 18:00:00,419,419
473,30/05/2021 , 18:15:00,252,252
474,30/05/2021 , 18:30:00,299,299
475,30/05/2021 , 18:45:00,181,181
476,30/05/2021 , 19:00:00,71,71
477,30/05/2021 , 19:15:00,39,39
478,30/05/2021 , 19:30:00,44,44
479,30/05/2021 , 19:45:00,40,40
480,30/05/2021 , 20:00:00,18,18
481,30/05/2021 , 20:15:00,2,2
482,30/05/2021 , 20:30:00,0,0
483,30/05/2021 , 20:45:00,0,0
484,30/05/2021 , 21:00:00,0,0
485,30/05/2021 , 21:15:00,0,0
486,30/05/2021 , 21:30:00,0,0
487,30/05/2021 , 21:45:00,0,0
488,30/05/2021 , 22:00:00,0,0
489,30/05/2021 , 22:15:00,0,0
490,30/05/2021 , 22:30:00,0,0
491,30/05/2021 , 22:45:00,0,0
492,30/05/2021 , 23:00:00,0,0
493,30/05/2021 , 23:15:00,0,0
494,30/05/2021 , 23:30:00,0,0
495,30/05/2021 , 23:45:00,0,0
496,30/05/2021 , 24:00:00,0,0
497,31/05/2021 , 00:15:00,0,0
498,31/05/2021 , 00:30:00,0,0
499,31/05/2021 , 00:45:00,0,0
500,31/05/2021 , 01:00:00,0,0
501,31/05/2021 , 01:15:00,0,0
502,31/05/2021 , 01:30:00,0,0
503,31/05/2021 , 01:45:00,0,0
504,31/05/2021 , 02:00:00,0,0
505,31/05/2021 , 02:15:00,0,0
506,31/05/2021 , 02:30:00,0,0
507,31/05/2021 , 02:45:00,0,0
508,31/05/2021 , 03:00:00,0,0
509,31/05/2021 , 03:15:00,0,0
510,31/05/2021 , 03:30:00,0,0
511,31/05/2021 , 03:45:00,0,0
512,31/05/2021 , 04:00:00,0,0
513,31/05/2021 , 04:15:00,0,0
514,31/05/2021 , 04:30:00,0,0
515,31/05/2021 , 04:45:00,0,0
516,31/05/2021 , 05:00:00,0,0
517,31/05/2021 , 05:15:00,0,0
518,31/05/2021 , 05:30:00,1,1
519,31/05/2021 , 05:45:00,4,4
520,31/05/2021 , 06:00:00,6,6
521,31/05/2021 , 06:15:00,12,12
522,31/05/2021 , 06:30:00,18,18
523,31/05/2021 , 06:45:00,18,18
524,31/05/2021 , 07:00:00,29,29
525,31/05/2021 , 07:15:00,50,50
526,31/05/2021 , 07:30:00,52,52
527,31/05/2021 , 07:45:00,32,32
528,31/05/2021 , 08:00:00,26,26
529,31/05/2021 , 08:15:00,55,55
530,31/05/2021 , 08:30:00,105,105
531,31/05/2021 , 08:45:00,74,74
532,31/05/2021 , 09:00:00,138,138
533,31/05/2021 , 09:15:00,118,118
534,31/05/2021 , 09:30:00,166,166
535,31/05/2021 , 09:45:00,198,198
536,31/05/2021 , 10:00:00,122,122
537,31/05/2021 , 10:15:00,124,124
538,31/05/2021 , 10:30:00,168,168
539,31/05/2021 , 10:45:00,129,129
540,31/05/2021 , 11:00:00,174,174
541,31/05/2021 , 11:15:00,95,95
542,31/05/2021 , 11:30:00,97,97
543,31/05/2021 , 11:45:00,101,101
544,31/05/2021 , 12:00:00,99,99
545,31/05/2021 , 12:15:00,130,130
546,31/05/2021 , 12:30:00,217,217
547,31/05/2021 , 12:45:00,176,176
548,31/05/2021 , 13:00:00,258,258
549,31/05/2021 , 13:15:00,285,285
550,31/05/2021 , 13:30:00,243,243
551,31/05/2021 , 13:45:00,255,255
552,31/05/2021 , 14:00:00,541,541
553,31/05/2021 , 14:15:00,2508,2508
554,31/05/2021 , 14:30:00,5832,5832
555,31/05/2021 , 14:45:00,4939,4939
556,31/05/2021 , 15:00:00,3595,3595
557,31/05/2021 , 15:15:00,2965,2965
558,31/05/2021 , 15:30:00,2620,2620
559,31/05/2021 , 15:45:00,3097,3097
560,31/05/2021 , 16:00:00,4840,4840
561,31/05/2021 , 16:15:00,3777,3777
562,31/05/2021 , 16:30:00,4896,4896
563,31/05/2021 , 16:45:00,4277,4277
564,31/05/2021 , 17:00:00,5037,5037
565,31/05/2021 , 17:15:00,5308,5308
566,31/05/2021 , 17:30:00,5071,5071
567,31/05/2021 , 17:45:00,2558,2558
568,31/05/2021 , 18:00:00,1219,1219
569,31/05/2021 , 18:15:00,1140,1140
570,31/05/2021 , 18:30:00,293,293
571,31/05/2021 , 18:45:00,354,354
572,31/05/2021 , 19:00:00,175,175
573,31/05/2021 , 19:15:00,101,101
574,31/05/2021 , 19:30:00,56,56
575,31/05/2021 , 19:45:00,24,24
576,31/05/2021 , 20:00:00,8,8
577,31/05/2021 , 20:15:00,1,1
578,31/05/2021 , 20:30:00,0,0
579,31/05/2021 , 20:45:00,0,0
580,31/05/2021 , 21:00:00,0,0
581,31/05/2021 , 21:15:00,0,0
582,31/05/2021 , 21:30:00,0,0
583,31/05/2021 , 21:45:00,0,0
584,31/05/2021 , 22:00:00,0,0
585,31/05/2021 , 22:15:00,0,0
586,31/05/2021 , 22:30:00,0,0
587,31/05/2021 , 22:45:00,0,0
588,31/05/2021 , 23:00:00,0,0
589,31/05/2021 , 23:15:00,0,0
590,31/05/2021 , 23:30:00,0,0
591,31/05/2021 , 23:45:00,0,0
592,31/05/2021 , 24:00:00,0,0
593,1/6/2021, 00:15:00,0,0
594,1/6/2021, 00:30:00,0,0
595,1/6/2021, 00:45:00,0,0
596,1/6/2021, 01:00:00,0,0
597,1/6/2021, 01:15:00,0,0
598,1/6/2021, 01:30:00,0,0
599,1/6/2021, 01:45:00,0,0
600,1/6/2021, 02:00:00,0,0
601,1/6/2021, 02:15:00,0,0
602,1/6/2021, 02:30:00,0,0
603,1/6/2021, 02:45:00,0,0
604,1/6/2021, 03:00:00,0,0
605,1/6/2021, 03:15:00,0,0
606,1/6/2021, 03:30:00,0,0
607,1/6/2021, 03:45:00,0,0
608,1/6/2021, 04:00:00,0,0
609,1/6/2021, 04:15:00,0,0
610,1/6/2021, 04:30:00,0,0
611,1/6/2021, 04:45:00,0,0
612,1/6/2021, 05:00:00,0,0
613,1/6/2021, 05:15:00,0,0
614,1/6/2021, 05:30:00,0,0
615,1/6/2021, 05:45:00,0,0
616,1/6/2021, 06:00:00,0,0
617,1/6/2021, 06:15:00,0,0
618,1/6/2021, 06:30:00,0,0
619,1/6/2021, 06:45:00,0,0
620,1/6/2021, 07:00:00,0,0
621,1/6/2021, 07:15:00,0,0
622,1/6/2021, 07:30:00,0,0
623,1/6/2021, 07:45:00,0,0
624,1/6/2021, 08:00:00,0,0
625,1/6/2021, 08:15:00,0,0
626,1/6/2021, 08:30:00,0,0
627,1/6/2021, 08:45:00,0,0
628,1/6/2021, 09:00:00,0,0
629,1/6/2021, 09:15:00,1,1
630,1/6/2021, 09:30:00,0,0
631,1/6/2021, 09:45:00,1,1
632,1/6/2021, 10:00:00,3,3
633,1/6/2021, 10:15:00,3,3
634,1/6/2021, 10:30:00,4,4
635,1/6/2021, 10:45:00,4,4
636,1/6/2021, 11:00:00,4,4
637,1/6/2021, 11:15:00,6,6
638,1/6/2021, 11:30:00,69,69
639,1/6/2021, 11:45:00,121,121
640,1/6/2021, 12:00:00,184,184
641,1/6/2021, 12:15:00,187,187
642,1/6/2021, 12:30:00,404,404
643,1/6/2021, 12:45:00,1753,1753
644,1/6/2021, 13:00:00,2085,2085
645,1/6/2021, 13:15:00,4014,4014
646,1/6/2021, 13:30:00,4103,4103
647,1/6/2021, 13:45:00,4188,4188
648,1/6/2021, 14:00:00,4147,4147
649,1/6/2021, 14:15:00,3924,3924
650,1/6/2021, 14:30:00,3875,3875
651,1/6/2021, 14:45:00,3358,3358
652,1/6/2021, 15:00:00,3103,3103
653,1/6/2021, 15:15:00,2457,2457
654,1/6/2021, 15:30:00,2026,2026
655,1/6/2021, 15:45:00,1893,1893
656,1/6/2021, 16:00:00,1216,1216
657,1/6/2021, 16:15:00,1030,1030
658,1/6/2021, 16:30:00,1139,1139
659,1/6/2021, 16:45:00,1961,1961
660,1/6/2021, 17:00:00,2539,2539
661,1/6/2021, 17:15:00,2364,2364
662,1/6/2021, 17:30:00,2176,2176
663,1/6/2021, 17:45:00,1616,1616
664,1/6/2021, 18:00:00,1113,1113
665,1/6/2021, 18:15:00,1599,1599
666,1/6/2021, 18:30:00,1329,1329
667,1/6/2021, 18:45:00,885,885
668,1/6/2021, 19:00:00,104,104
669,1/6/2021, 19:15:00,43,43
670,1/6/2021, 19:30:00,28,28
671,1/6/2021, 19:45:00,13,13
672,1/6/2021, 20:00:00,37,37
673,1/6/2021, 20:15:00,26,26
674,1/6/2021, 20:30:00,15,15
675,1/6/2021, 20:45:00,13,13
676,1/6/2021, 21:00:00,11,11
677,1/6/2021, 21:15:00,2,2
678,1/6/2021, 21:30:00,0,0
679,1/6/2021, 21:45:00,0,0
680,1/6/2021, 22:00:00,0,0
681,1/6/2021, 22:15:00,0,0
682,1/6/2021, 22:30:00,0,0
683,1/6/2021, 22:45:00,0,0
684,1/6/2021, 23:00:00,0,0
685,1/6/2021, 23:15:00,0,0
686,1/6/2021, 23:30:00,0,0
687,1/6/2021, 23:45:00,0,0
688,1/6/2021, 24:00:00,0,0
689,2/6/2021, 00:15:00,0,0
690,2/6/2021, 00:30:00,0,0
691,2/6/2021, 00:45:00,0,0
692,2/6/2021, 01:00:00,0,0
693,2/6/2021, 01:15:00,0,0
694,2/6/2021, 01:30:00,0,0
695,2/6/2021, 01:45:00,0,0
696,2/6/2021, 02:00:00,0,0
697,2/6/2021, 02:15:00,0,0
698,2/6/2021, 02:30:00,0,0
699,2/6/2021, 02:45:00,0,0
700,2/6/2021, 03:00:00,0,0
701,2/6/2021, 03:15:00,0,0
702,2/6/2021, 03:30:00,0,0
703,2/6/2021, 03:45:00,0,0
704,2/6/2021, 04:00:00,0,0
705,2/6/2021, 04:15:00,0,0
706,2/6/2021, 04:30:00,0,0
707,2/6/2021, 04:45:00,0,0
708,2/6/2021, 05:00:00,0,0
709,2/6/2021, 05:15:00,1,1
710,2/6/2021, 05:30:00,6,6
711,2/6/2021, 05:45:00,11,11
712,2/6/2021, 06:00:00,19,19
713,2/6/2021, 06:15:00,26,26
714,2/6/2021, 06:30:00,35,35
715,2/6/2021, 06:45:00,42,42
716,2/6/2021, 07:00:00,45,45
717,2/6/2021, 07:15:00,53,53
718,2/6/2021, 07:30:00,67,67
719,2/6/2021, 07:45:00,83,83
720,2/6/2021, 08:00:00,125,125
721,2/6/2021, 08:15:00,411,411
722,2/6/2021, 08:30:00,752,752
723,2/6/2021, 08:45:00,988,988
724,2/6/2021, 09:00:00,1153,1153
725,2/6/2021, 09:15:00,1318,1318
726,2/6/2021, 09:30:00,1536,1536
727,2/6/2021, 09:45:00,1748,1748
728,2/6/2021, 10:00:00,1951,1951
729,2/6/2021, 10:15:00,2104,2104
730,2/6/2021, 10:30:00,2247,2247
731,2/6/2021, 10:45:00,2305,2305
732,2/6/2021, 11:00:00,2397,2397
733,2/6/2021, 11:15:00,2512,2512
734,2/6/2021, 11:30:00,2574,2574
735,2/6/2021, 11:45:00,2653,2653
736,2/6/2021, 12:00:00,2797,2797
737,2/6/2021, 12:15:00,2935,2935
738,2/6/2021, 12:30:00,3020,3020
739,2/6/2021, 12:45:00,3024,3024
740,2/6/2021, 13:00:00,3045,3045
741,2/6/2021, 13:15:00,3271,3271
742,2/6/2021, 13:30:00,3397,3397
743,2/6/2021, 13:45:00,3490,3490
744,2/6/2021, 14:00:00,3528,3528
745,2/6/2021, 14:15:00,3652,3652
746,2/6/2021, 14:30:00,3690,3690
747,2/6/2021, 14:45:00,3651,3651
748,2/6/2021, 15:00:00,3606,3606
749,2/6/2021, 15:15:00,3511,3511
750,2/6/2021, 15:30:00,3387,3387
751,2/6/2021, 15:45:00,3241,3241
752,2/6/2021, 16:00:00,3170,3170
753,2/6/2021, 16:15:00,3058,3058
754,2/6/2021, 16:30:00,2931,2931
755,2/6/2021, 16:45:00,2778,2778
756,2/6/2021, 17:00:00,2604,2604
757,2/6/2021, 17:15:00,2433,2433
758,2/6/2021, 17:30:00,2240,2240
759,2/6/2021, 17:45:00,1989,1989
760,2/6/2021, 18:00:00,1728,1728
761,2/6/2021, 18:15:00,1452,1452
762,2/6/2021, 18:30:00,1158,1158
763,2/6/2021, 18:45:00,1167,1167
764,2/6/2021, 19:00:00,902,902
765,2/6/2021, 19:15:00,491,491
766,2/6/2021, 19:30:00,372,372
767,2/6/2021, 19:45:00,185,185
768,2/6/2021, 20:00:00,103,103
769,2/6/2021, 20:15:00,63,63
770,2/6/2021, 20:30:00,29,29
771,2/6/2021, 20:45:00,2,2
772,2/6/2021, 21:00:00,4,4
773,2/6/2021, 21:15:00,1,1
774,2/6/2021, 21:30:00,0,0
775,2/6/2021, 21:45:00,0,0
776,2/6/2021, 22:00:00,0,0
777,2/6/2021, 22:15:00,0,0
778,2/6/2021, 22:30:00,0,0
779,2/6/2021, 22:45:00,0,0
780,2/6/2021, 23:00:00,0,0
781,2/6/2021, 23:15:00,0,0
782,2/6/2021, 23:30:00,0,0
783,2/6/2021, 23:45:00,0,0
784,2/6/2021, 24:00:00,0,0
785,3/6/2021, 00:15:00,0,0
786,3/6/2021, 00:30:00,0,0
787,3/6/2021, 00:45:00,0,0
788,3/6/2021, 01:00:00,0,0
789,3/6/2021, 01:15:00,0,0
790,3/6/2021, 01:30:00,0,0
791,3/6/2021, 01:45:00,0,0
792,3/6/2021, 02:00:00,0,0
793,3/6/2021, 02:15:00,0,0
794,3/6/2021, 02:30:00,0,0
795,3/6/2021, 02:45:00,0,0
796,3/6/2021, 03:00:00,0,0
797,3/6/2021, 03:15:00,0,0
798,3/6/2021, 03:30:00,0,0
799,3/6/2021, 03:45:00,0,0
800,3/6/2021, 04:00:00,0,0
801,3/6/2021, 04:15:00,0,0
802,3/6/2021, 04:30:00,0,0
803,3/6/2021, 04:45:00,0,0
804,3/6/2021, 05:00:00,0,0
805,3/6/2021, 05:15:00,4,4
806,3/6/2021, 05:30:00,13,13
807,3/6/2021, 05:45:00,28,28
808,3/6/2021, 06:00:00,52,52
809,3/6/2021, 06:15:00,76,76
810,3/6/2021, 06:30:00,102,102
811,3/6/2021, 06:45:00,144,144
812,3/6/2021, 07:00:00,177,177
813,3/6/2021, 07:15:00,202,202
814,3/6/2021, 07:30:00,288,288
815,3/6/2021, 07:45:00,358,358
816,3/6/2021, 08:00:00,405,405
817,3/6/2021, 08:15:00,561,561
818,3/6/2021, 08:30:00,663,663
819,3/6/2021, 08:45:00,756,756
820,3/6/2021, 09:00:00,1094,1094
821,3/6/2021, 09:15:00,1344,1344
822,3/6/2021, 09:30:00,1712,1712
823,3/6/2021, 09:45:00,1642,1642
824,3/6/2021, 10:00:00,1851,1851
825,3/6/2021, 10:15:00,1913,1913
826,3/6/2021, 10:30:00,1620,1620
827,3/6/2021, 10:45:00,2201,2201
828,3/6/2021, 11:00:00,2272,2272
829,3/6/2021, 11:15:00,1661,1661
830,3/6/2021, 11:30:00,1375,1375
831,3/6/2021, 11:45:00,1428,1428
832,3/6/2021, 12:00:00,1232,1232
833,3/6/2021, 12:15:00,2582,2582
834,3/6/2021, 12:30:00,2667,2667
835,3/6/2021, 12:45:00,2949,2949
836,3/6/2021, 13:00:00,2055,2055
837,3/6/2021, 13:15:00,1766,1766
838,3/6/2021, 13:30:00,1669,1669
839,3/6/2021, 13:45:00,1659,1659
840,3/6/2021, 14:00:00,1944,1944
841,3/6/2021, 14:15:00,2424,2424
842,3/6/2021, 14:30:00,2233,2233
843,3/6/2021, 14:45:00,2190,2190
844,3/6/2021, 15:00:00,2661,2661
845,3/6/2021, 15:15:00,2783,2783
846,3/6/2021, 15:30:00,2736,2736
847,3/6/2021, 15:45:00,2707,2707
848,3/6/2021, 16:00:00,2576,2576
849,3/6/2021, 16:15:00,2654,2654
850,3/6/2021, 16:30:00,2409,2409
851,3/6/2021, 16:45:00,2106,2106
852,3/6/2021, 17:00:00,1702,1702
853,3/6/2021, 17:15:00,1631,1631
854,3/6/2021, 17:30:00,1836,1836
855,3/6/2021, 17:45:00,1740,1740
856,3/6/2021, 18:00:00,1529,1529
857,3/6/2021, 18:15:00,1364,1364
858,3/6/2021, 18:30:00,1152,1152
859,3/6/2021, 18:45:00,994,994
860,3/6/2021, 19:00:00,850,850
861,3/6/2021, 19:15:00,681,681
862,3/6/2021, 19:30:00,526,526
863,3/6/2021, 19:45:00,335,335
864,3/6/2021, 20:00:00,252,252
865,3/6/2021, 20:15:00,193,193
866,3/6/2021, 20:30:00,112,112
867,3/6/2021, 20:45:00,57,57
868,3/6/2021, 21:00:00,23,23
869,3/6/2021, 21:15:00,7,7
870,3/6/2021, 21:30:00,1,1
871,3/6/2021, 21:45:00,0,0
872,3/6/2021, 22:00:00,0,0
873,3/6/2021, 22:15:00,0,0
874,3/6/2021, 22:30:00,0,0
875,3/6/2021, 22:45:00,0,0
876,3/6/2021, 23:00:00,0,0
877,3/6/2021, 23:15:00,0,0
878,3/6/2021, 23:30:00,0,0
879,3/6/2021, 23:45:00,0,0
880,3/6/2021, 24:00:00,0,0
881,4/6/2021, 00:15:00,0,0
882,4/6/2021, 00:30:00,0,0
883,4/6/2021, 00:45:00,0,0
884,4/6/2021, 01:00:00,0,0
885,4/6/2021, 01:15:00,0,0
886,4/6/2021, 01:30:00,0,0
887,4/6/2021, 01:45:00,0,0
888,4/6/2021, 02:00:00,0,0
889,4/6/2021, 02:15:00,0,0
890,4/6/2021, 02:30:00,0,0
891,4/6/2021, 02:45:00,0,0
892,4/6/2021, 03:00:00,0,0
893,4/6/2021, 03:15:00,0,0
894,4/6/2021, 03:30:00,0,0
895,4/6/2021, 03:45:00,0,0
896,4/6/2021, 04:00:00,0,0
897,4/6/2021, 04:15:00,0,0
898,4/6/2021, 04:30:00,0,0
899,4/6/2021, 04:45:00,0,0
900,4/6/2021, 05:00:00,0,0
901,4/6/2021, 05:15:00,2,2
902,4/6/2021, 05:30:00,14,14
903,4/6/2021, 05:45:00,32,32
904,4/6/2021, 06:00:00,56,56
905,4/6/2021, 06:15:00,80,80
906,4/6/2021, 06:30:00,101,101
907,4/6/2021, 06:45:00,237,237
908,4/6/2021, 07:00:00,366,366
909,4/6/2021, 07:15:00,470,470
910,4/6/2021, 07:30:00,585,585
911,4/6/2021, 07:45:00,783,783
912,4/6/2021, 08:00:00,904,904
913,4/6/2021, 08:15:00,825,825
914,4/6/2021, 08:30:00,579,579
915,4/6/2021, 08:45:00,717,717
916,4/6/2021, 09:00:00,1052,1052
917,4/6/2021, 09:15:00,1767,1767
918,4/6/2021, 09:30:00,1803,1803
919,4/6/2021, 09:45:00,1672,1672
920,4/6/2021, 10:00:00,1084,1084
921,4/6/2021, 10:15:00,1195,1195
922,4/6/2021, 10:30:00,1309,1309
923,4/6/2021, 10:45:00,1721,1721
924,4/6/2021, 11:00:00,1464,1464
925,4/6/2021, 11:15:00,1582,1582
926,4/6/2021, 11:30:00,1910,1910
927,4/6/2021, 11:45:00,2560,2560
928,4/6/2021, 12:00:00,1564,1564
929,4/6/2021, 12:15:00,1636,1636
930,4/6/2021, 12:30:00,1780,1780
931,4/6/2021, 12:45:00,1538,1538
932,4/6/2021, 13:00:00,1938,1938
933,4/6/2021, 13:15:00,2047,2047
934,4/6/2021, 13:30:00,1656,1656
935,4/6/2021, 13:45:00,1321,1321
936,4/6/2021, 14:00:00,891,891
937,4/6/2021, 14:15:00,766,766
938,4/6/2021, 14:30:00,687,687
939,4/6/2021, 14:45:00,734,734
940,4/6/2021, 15:00:00,626,626
941,4/6/2021, 15:15:00,876,876
942,4/6/2021, 15:30:00,923,923
943,4/6/2021, 15:45:00,794,794
944,4/6/2021, 16:00:00,436,436
945,4/6/2021, 16:15:00,554,554
946,4/6/2021, 16:30:00,639,639
947,4/6/2021, 16:45:00,555,555
948,4/6/2021, 17:00:00,462,462
949,4/6/2021, 17:15:00,432,432
950,4/6/2021, 17:30:00,607,607
951,4/6/2021, 17:45:00,515,515
952,4/6/2021, 18:00:00,422,422
953,4/6/2021, 18:15:00,302,302
954,4/6/2021, 18:30:00,292,292
955,4/6/2021, 18:45:00,337,337
956,4/6/2021, 19:00:00,352,352
957,4/6/2021, 19:15:00,260,260
958,4/6/2021, 19:30:00,186,186
959,4/6/2021, 19:45:00,108,108
960,4/6/2021, 20:00:00,54,54
961,4/6/2021, 20:15:00,29,29
962,4/6/2021, 20:30:00,22,22
963,4/6/2021, 20:45:00,20,20
964,4/6/2021, 21:00:00,9,9
965,4/6/2021, 21:15:00,3,3
966,4/6/2021, 21:30:00,0,0
967,4/6/2021, 21:45:00,0,0
968,4/6/2021, 22:00:00,0,0
969,4/6/2021, 22:15:00,0,0
970,4/6/2021, 22:30:00,0,0
971,4/6/2021, 22:45:00,0,0
972,4/6/2021, 23:00:00,0,0
973,4/6/2021, 23:15:00,0,0
974,4/6/2021, 23:30:00,0,0
975,4/6/2021, 23:45:00,0,0
976,4/6/2021, 24:00:00,0,0
977,5/6/2021, 00:15:00,0,0
978,5/6/2021, 00:30:00,0,0
979,5/6/2021, 00:45:00,0,0
980,5/6/2021, 01:00:00,0,0
981,5/6/2021, 01:15:00,0,0
982,5/6/2021, 01:30:00,0,0
983,5/6/2021, 01:45:00,0,0
984,5/6/2021, 02:00:00,0,0
985,5/6/2021, 02:15:00,0,0
986,5/6/2021, 02:30:00,0,0
987,5/6/2021, 02:45:00,0,0
988,5/6/2021, 03:00:00,0,0
989,5/6/2021, 03:15:00,0,0
990,5/6/2021, 03:30:00,0,0
991,5/6/2021, 03:45:00,0,0
992,5/6/2021, 04:00:00,0,0
993,5/6/2021, 04:15:00,0,0
994,5/6/2021, 04:30:00,0,0
995,5/6/2021, 04:45:00,0,0
996,5/6/2021, 05:00:00,0,0
997,5/6/2021, 05:15:00,0,0
998,5/6/2021, 05:30:00,0,0
999,5/6/2021, 05:45:00,8,8
1000,5/6/2021, 06:00:00,18,18
1001,5/6/2021, 06:15:00,17,17
1002,5/6/2021, 06:30:00,45,45
1003,5/6/2021, 06:45:00,88,88
1004,5/6/2021, 07:00:00,76,76
1005,5/6/2021, 07:15:00,78,78
1006,5/6/2021, 07:30:00,99,99
1007,5/6/2021, 07:45:00,180,180
1008,5/6/2021, 08:00:00,174,174
1009,5/6/2021, 08:15:00,347,347
1010,5/6/2021, 08:30:00,448,448
1011,5/6/2021, 08:45:00,194,194
1012,5/6/2021, 09:00:00,507,507
1013,5/6/2021, 09:15:00,392,392
1014,5/6/2021, 09:30:00,916,916
1015,5/6/2021, 09:45:00,1723,1723
1016,5/6/2021, 10:00:00,1788,1788
1017,5/6/2021, 10:15:00,1423,1423
1018,5/6/2021, 10:30:00,589,589
1019,5/6/2021, 10:45:00,579,579
1020,5/6/2021, 11:00:00,608,608
1021,5/6/2021, 11:15:00,579,579
1022,5/6/2021, 11:30:00,692,692
1023,5/6/2021, 11:45:00,843,843
1024,5/6/2021, 12:00:00,1608,1608
1025,5/6/2021, 12:15:00,1209,1209
1026,5/6/2021, 12:30:00,1551,1551
1027,5/6/2021, 12:45:00,1859,1859
1028,5/6/2021, 13:00:00,1972,1972
1029,5/6/2021, 13:15:00,1864,1864
1030,5/6/2021, 13:30:00,1863,1863
1031,5/6/2021, 13:45:00,1554,1554
1032,5/6/2021, 14:00:00,1690,1690
1033,5/6/2021, 14:15:00,1384,1384
1034,5/6/2021, 14:30:00,1578,1578
1035,5/6/2021, 14:45:00,1089,1089
1036,5/6/2021, 15:00:00,894,894
1037,5/6/2021, 15:15:00,1009,1009
1038,5/6/2021, 15:30:00,1126,1126
1039,5/6/2021, 15:45:00,1120,1120
1040,5/6/2021, 16:00:00,777,777
1041,5/6/2021, 16:15:00,793,793
1042,5/6/2021, 16:30:00,806,806
1043,5/6/2021, 16:45:00,710,710
1044,5/6/2021, 17:00:00,610,610
1045,5/6/2021, 17:15:00,518,518
1046,5/6/2021, 17:30:00,418,418
1047,5/6/2021, 17:45:00,383,383
1048,5/6/2021, 18:00:00,362,362
1049,5/6/2021, 18:15:00,296,296
1050,5/6/2021, 18:30:00,240,240
1051,5/6/2021, 18:45:00,136,136
1052,5/6/2021, 19:00:00,158,158
1053,5/6/2021, 19:15:00,159,159
1054,5/6/2021, 19:30:00,151,151
1055,5/6/2021, 19:45:00,127,127
1056,5/6/2021, 20:00:00,98,98
1057,5/6/2021, 20:15:00,70,70
1058,5/6/2021, 20:30:00,47,47
1059,5/6/2021, 20:45:00,27,27
1060,5/6/2021, 21:00:00,14,14
1061,5/6/2021, 21:15:00,5,5
1062,5/6/2021, 21:30:00,1,1
1063,5/6/2021, 21:45:00,0,0
1064,5/6/2021, 22:00:00,0,0
1065,5/6/2021, 22:15:00,0,0
1066,5/6/2021, 22:30:00,0,0
1067,5/6/2021, 22:45:00,0,0
1068,5/6/2021, 23:00:00,0,0
1069,5/6/2021, 23:15:00,0,0
1070,5/6/2021, 23:30:00,0,0
1071,5/6/2021, 23:45:00,0,0
1072,5/6/2021, 24:00:00,0,0
1073,6/6/2021, 00:15:00,0,0
1074,6/6/2021, 00:30:00,0,0
1075,6/6/2021, 00:45:00,0,0
1076,6/6/2021, 01:00:00,0,0
1077,6/6/2021, 01:15:00,0,0
1078,6/6/2021, 01:30:00,0,0
1079,6/6/2021, 01:45:00,0,0
1080,6/6/2021, 02:00:00,0,0
1081,6/6/2021, 02:15:00,0,0
1082,6/6/2021, 02:30:00,0,0
1083,6/6/2021, 02:45:00,0,0
1084,6/6/2021, 03:00:00,0,0
1085,6/6/2021, 03:15:00,0,0
1086,6/6/2021, 03:30:00,0,0
1087,6/6/2021, 03:45:00,0,0
1088,6/6/2021, 04:00:00,0,0
1089,6/6/2021, 04:15:00,0,0
1090,6/6/2021, 04:30:00,0,0
1091,6/6/2021, 04:45:00,0,0
1092,6/6/2021, 05:00:00,0,0
1093,6/6/2021, 05:15:00,1,1
1094,6/6/2021, 05:30:00,10,10
1095,6/6/2021, 05:45:00,15,15
1096,6/6/2021, 06:00:00,17,17
1097,6/6/2021, 06:15:00,42,42
1098,6/6/2021, 06:30:00,70,70
1099,6/6/2021, 06:45:00,88,88
1100,6/6/2021, 07:00:00,88,88
1101,6/6/2021, 07:15:00,59,59
1102,6/6/2021, 07:30:00,64,64
1103,6/6/2021, 07:45:00,70,70
1104,6/6/2021, 08:00:00,136,136
1105,6/6/2021, 08:15:00,171,171
1106,6/6/2021, 08:30:00,199,199
1107,6/6/2021, 08:45:00,225,225
1108,6/6/2021, 09:00:00,317,317
1109,6/6/2021, 09:15:00,558,558
1110,6/6/2021, 09:30:00,680,680
1111,6/6/2021, 09:45:00,526,526
1112,6/6/2021, 10:00:00,450,450
1113,6/6/2021, 10:15:00,439,439
1114,6/6/2021, 10:30:00,421,421
1115,6/6/2021, 10:45:00,627,627
1116,6/6/2021, 11:00:00,586,586
1117,6/6/2021, 11:15:00,391,391
1118,6/6/2021, 11:30:00,430,430
1119,6/6/2021, 11:45:00,353,353
1120,6/6/2021, 12:00:00,337,337
1121,6/6/2021, 12:15:00,242,242
1122,6/6/2021, 12:30:00,212,212
1123,6/6/2021, 12:45:00,311,311
1124,6/6/2021, 13:00:00,463,463
1125,6/6/2021, 13:15:00,420,420
1126,6/6/2021, 13:30:00,426,426
1127,6/6/2021, 13:45:00,468,468
1128,6/6/2021, 14:00:00,262,262
1129,6/6/2021, 14:15:00,260,260
1130,6/6/2021, 14:30:00,293,293
1131,6/6/2021, 14:45:00,603,603
1132,6/6/2021, 15:00:00,448,448
1133,6/6/2021, 15:15:00,318,318
1134,6/6/2021, 15:30:00,347,347
1135,6/6/2021, 15:45:00,197,197
1136,6/6/2021, 16:00:00,122,122
1137,6/6/2021, 16:15:00,129,129
1138,6/6/2021, 16:30:00,171,171
1139,6/6/2021, 16:45:00,205,205
1140,6/6/2021, 17:00:00,188,188
1141,6/6/2021, 17:15:00,147,147
1142,6/6/2021, 17:30:00,129,129
1143,6/6/2021, 17:45:00,63,63
1144,6/6/2021, 18:00:00,114,114
1145,6/6/2021, 18:15:00,182,182
1146,6/6/2021, 18:30:00,241,241
1147,6/6/2021, 18:45:00,139,139
1148,6/6/2021, 19:00:00,55,55
1149,6/6/2021, 19:15:00,45,45
1150,6/6/2021, 19:30:00,44,44
1151,6/6/2021, 19:45:00,60,60
1152,6/6/2021, 20:00:00,39,39
1153,6/6/2021, 20:15:00,15,15
1154,6/6/2021, 20:30:00,5,5
1155,6/6/2021, 20:45:00,7,7
1156,6/6/2021, 21:00:00,3,3
1157,6/6/2021, 21:15:00,0,0
1158,6/6/2021, 21:30:00,0,0
1159,6/6/2021, 21:45:00,0,0
1160,6/6/2021, 22:00:00,0,0
1161,6/6/2021, 22:15:00,0,0
1162,6/6/2021, 22:30:00,0,0
1163,6/6/2021, 22:45:00,0,0
1164,6/6/2021, 23:00:00,0,0
1165,6/6/2021, 23:15:00,0,0
1166,6/6/2021, 23:30:00,0,0
1167,6/6/2021, 23:45:00,0,0
1168,6/6/2021, 24:00:00,0,0
1169,7/6/2021, 00:15:00,0,0
1170,7/6/2021, 00:30:00,0,0
1171,7/6/2021, 00:45:00,0,0
1172,7/6/2021, 01:00:00,0,0
1173,7/6/2021, 01:15:00,0,0
1174,7/6/2021, 01:30:00,0,0
1175,7/6/2021, 01:45:00,0,0
1176,7/6/2021, 02:00:00,0,0
1177,7/6/2021, 02:15:00,0,0
1178,7/6/2021, 02:30:00,0,0
1179,7/6/2021, 02:45:00,0,0
1180,7/6/2021, 03:00:00,0,0
1181,7/6/2021, 03:15:00,0,0
1182,7/6/2021, 03:30:00,0,0
1183,7/6/2021, 03:45:00,0,0
1184,7/6/2021, 04:00:00,0,0
1185,7/6/2021, 04:15:00,0,0
1186,7/6/2021, 04:30:00,0,0
1187,7/6/2021, 04:45:00,0,0
1188,7/6/2021, 05:00:00,0,0
1189,7/6/2021, 05:15:00,0,0
1190,7/6/2021, 05:30:00,1,1
1191,7/6/2021, 05:45:00,7,7
1192,7/6/2021, 06:00:00,12,12
1193,7/6/2021, 06:15:00,22,22
1194,7/6/2021, 06:30:00,31,31
1195,7/6/2021, 06:45:00,35,35
1196,7/6/2021, 07:00:00,34,34
1197,7/6/2021, 07:15:00,32,32
1198,7/6/2021, 07:30:00,42,42
1199,7/6/2021, 07:45:00,68,68
1200,7/6/2021, 08:00:00,132,132
1201,7/6/2021, 08:15:00,215,215
1202,7/6/2021, 08:30:00,218,218
1203,7/6/2021, 08:45:00,215,215
1204,7/6/2021, 09:00:00,307,307
1205,7/6/2021, 09:15:00,385,385
1206,7/6/2021, 09:30:00,649,649
1207,7/6/2021, 09:45:00,614,614
1208,7/6/2021, 10:00:00,202,202
1209,7/6/2021, 10:15:00,481,481
1210,7/6/2021, 10:30:00,592,592
1211,7/6/2021, 10:45:00,600,600
1212,7/6/2021, 11:00:00,653,653
1213,7/6/2021, 11:15:00,972,972
1214,7/6/2021, 11:30:00,479,479
1215,7/6/2021, 11:45:00,403,403
1216,7/6/2021, 12:00:00,437,437
1217,7/6/2021, 12:15:00,389,389
1218,7/6/2021, 12:30:00,491,491
1219,7/6/2021, 12:45:00,599,599
1220,7/6/2021, 13:00:00,98,98
1221,7/6/2021, 13:15:00,19,19
1222,7/6/2021, 13:30:00,5,5
1223,7/6/2021, 13:45:00,16,16
1224,7/6/2021, 14:00:00,10,10
1225,7/6/2021, 14:15:00,8,8
1226,7/6/2021, 14:30:00,7,7
1227,7/6/2021, 14:45:00,20,20
1228,7/6/2021, 15:00:00,15,15
1229,7/6/2021, 15:15:00,11,11
1230,7/6/2021, 15:30:00,9,9
1231,7/6/2021, 15:45:00,7,7
1232,7/6/2021, 16:00:00,5,5
1233,7/6/2021, 16:15:00,5,5
1234,7/6/2021, 16:30:00,4,4
1235,7/6/2021, 16:45:00,3,3
1236,7/6/2021, 17:00:00,3,3
1237,7/6/2021, 17:15:00,1,1
1238,7/6/2021, 17:30:00,1,1
1239,7/6/2021, 17:45:00,2,2
1240,7/6/2021, 18:00:00,1,1
1241,7/6/2021, 18:15:00,0,0
1242,7/6/2021, 18:30:00,0,0
1243,7/6/2021, 18:45:00,0,0
1244,7/6/2021, 19:00:00,0,0
1245,7/6/2021, 19:15:00,0,0
1246,7/6/2021, 19:30:00,0,0
1247,7/6/2021, 19:45:00,0,0
1248,7/6/2021, 20:00:00,0,0
1249,7/6/2021, 20:15:00,0,0
1250,7/6/2021, 20:30:00,0,0
1251,7/6/2021, 20:45:00,0,0
1252,7/6/2021, 21:00:00,0,0
1253,7/6/2021, 21:15:00,0,0
1254,7/6/2021, 21:30:00,0,0
1255,7/6/2021, 21:45:00,0,0
1256,7/6/2021, 22:00:00,0,0
1257,7/6/2021, 22:15:00,0,0
1258,7/6/2021, 22:30:00,0,0
1259,7/6/2021, 22:45:00,0,0
1260,7/6/2021, 23:00:00,0,0
1261,7/6/2021, 23:15:00,0,0
1262,7/6/2021, 23:30:00,0,0
1263,7/6/2021, 23:45:00,0,0
1264,7/6/2021, 24:00:00,0,0
1265,8/6/2021, 00:15:00,0,0
1266,8/6/2021, 00:30:00,0,0
1267,8/6/2021, 00:45:00,0,0
1268,8/6/2021, 01:00:00,0,0
1269,8/6/2021, 01:15:00,0,0
1270,8/6/2021, 01:30:00,0,0
1271,8/6/2021, 01:45:00,0,0
1272,8/6/2021, 02:00:00,0,0
1273,8/6/2021, 02:15:00,0,0
1274,8/6/2021, 02:30:00,0,0
1275,8/6/2021, 02:45:00,0,0
1276,8/6/2021, 03:00:00,0,0
1277,8/6/2021, 03:15:00,0,0
1278,8/6/2021, 03:30:00,0,0
1279,8/6/2021, 03:45:00,0,0
1280,8/6/2021, 04:00:00,0,0
1281,8/6/2021, 04:15:00,0,0
1282,8/6/2021, 04:30:00,0,0
1283,8/6/2021, 04:45:00,0,0
1284,8/6/2021, 05:00:00,0,0
1285,8/6/2021, 05:15:00,0,0
1286,8/6/2021, 05:30:00,1,1
1287,8/6/2021, 05:45:00,6,6
1288,8/6/2021, 06:00:00,11,11
1289,8/6/2021, 06:15:00,19,19
1290,8/6/2021, 06:30:00,28,28
1291,8/6/2021, 06:45:00,43,43
1292,8/6/2021, 07:00:00,60,60
1293,8/6/2021, 07:15:00,56,56
1294,8/6/2021, 07:30:00,61,61
1295,8/6/2021, 07:45:00,56,56
1296,8/6/2021, 08:00:00,54,54
1297,8/6/2021, 08:15:00,86,86
1298,8/6/2021, 08:30:00,42,42
1299,8/6/2021, 08:45:00,50,50
1300,8/6/2021, 09:00:00,111,111
1301,8/6/2021, 09:15:00,262,262
1302,8/6/2021, 09:30:00,289,289
1303,8/6/2021, 09:45:00,341,341
1304,8/6/2021, 10:00:00,360,360
1305,8/6/2021, 10:15:00,274,274
1306,8/6/2021, 10:30:00,547,547
1307,8/6/2021, 10:45:00,916,916
1308,8/6/2021, 11:00:00,1431,1431
1309,8/6/2021, 11:15:00,1413,1413
1310,8/6/2021, 11:30:00,1152,1152
1311,8/6/2021, 11:45:00,1433,1433
1312,8/6/2021, 12:00:00,6517,6517
1313,8/6/2021, 12:15:00,6307,6307
1314,8/6/2021, 12:30:00,6309,6309
1315,8/6/2021, 12:45:00,4430,4430
1316,8/6/2021, 13:00:00,2943,2943
1317,8/6/2021, 13:15:00,2652,2652
1318,8/6/2021, 13:30:00,1138,1138
1319,8/6/2021, 13:45:00,123,123
1320,8/6/2021, 14:00:00,57,57
1321,8/6/2021, 14:15:00,52,52
1322,8/6/2021, 14:30:00,40,40
1323,8/6/2021, 14:45:00,31,31
1324,8/6/2021, 15:00:00,22,22
1325,8/6/2021, 15:15:00,16,16
1326,8/6/2021, 15:30:00,11,11
1327,8/6/2021, 15:45:00,11,11
1328,8/6/2021, 16:00:00,9,9
1329,8/6/2021, 16:15:00,8,8
1330,8/6/2021, 16:30:00,8,8
1331,8/6/2021, 16:45:00,7,7
1332,8/6/2021, 17:00:00,7,7
1333,8/6/2021, 17:15:00,17,17
1334,8/6/2021, 17:30:00,38,38
1335,8/6/2021, 17:45:00,39,39
1336,8/6/2021, 18:00:00,31,31
1337,8/6/2021, 18:15:00,26,26
1338,8/6/2021, 18:30:00,15,15
1339,8/6/2021, 18:45:00,19,19
1340,8/6/2021, 19:00:00,12,12
1341,8/6/2021, 19:15:00,8,8
1342,8/6/2021, 19:30:00,8,8
1343,8/6/2021, 19:45:00,7,7
1344,8/6/2021, 20:00:00,7,7
1345,8/6/2021, 20:15:00,4,4
1346,8/6/2021, 20:30:00,2,2
1347,8/6/2021, 20:45:00,0,0
1348,8/6/2021, 21:00:00,0,0
1349,8/6/2021, 21:15:00,0,0
1350,8/6/2021, 21:30:00,0,0
1351,8/6/2021, 21:45:00,0,0
1352,8/6/2021, 22:00:00,0,0
1353,8/6/2021, 22:15:00,0,0
1354,8/6/2021, 22:30:00,0,0
1355,8/6/2021, 22:45:00,0,0
1356,8/6/2021, 23:00:00,0,0
1357,8/6/2021, 23:15:00,0,0
1358,8/6/2021, 23:30:00,0,0
1359,8/6/2021, 23:45:00,0,0
1360,8/6/2021, 24:00:00,0,0
1361,9/6/2021, 00:15:00,0,0
1362,9/6/2021, 00:30:00,0,0
1363,9/6/2021, 00:45:00,0,0
1364,9/6/2021, 01:00:00,0,0
1365,9/6/2021, 01:15:00,0,0
1366,9/6/2021, 01:30:00,0,0
1367,9/6/2021, 01:45:00,0,0
1368,9/6/2021, 02:00:00,0,0
1369,9/6/2021, 02:15:00,0,0
1370,9/6/2021, 02:30:00,0,0
1371,9/6/2021, 02:45:00,0,0
1372,9/6/2021, 03:00:00,0,0
1373,9/6/2021, 03:15:00,0,0
1374,9/6/2021, 03:30:00,0,0
1375,9/6/2021, 03:45:00,0,0
1376,9/6/2021, 04:00:00,0,0
1377,9/6/2021, 04:15:00,0,0
1378,9/6/2021, 04:30:00,0,0
1379,9/6/2021, 04:45:00,0,0
1380,9/6/2021, 05:00:00,0,0
1381,9/6/2021, 05:15:00,1,1
1382,9/6/2021, 05:30:00,5,5
1383,9/6/2021, 05:45:00,15,15
1384,9/6/2021, 06:00:00,31,31
1385,9/6/2021, 06:15:00,57,57
1386,9/6/2021, 06:30:00,75,75
1387,9/6/2021, 06:45:00,107,107
1388,9/6/2021, 07:00:00,187,187
1389,9/6/2021, 07:15:00,336,336
1390,9/6/2021, 07:30:00,247,247
1391,9/6/2021, 07:45:00,193,193
1392,9/6/2021, 08:00:00,329,329
1393,9/6/2021, 08:15:00,340,340
1394,9/6/2021, 08:30:00,604,604
1395,9/6/2021, 08:45:00,768,768
1396,9/6/2021, 09:00:00,1010,1010
1397,9/6/2021, 09:15:00,975,975
1398,9/6/2021, 09:30:00,1198,1198
1399,9/6/2021, 09:45:00,557,557
1400,9/6/2021, 10:00:00,322,322
1401,9/6/2021, 10:15:00,306,306
1402,9/6/2021, 10:30:00,317,317
1403,9/6/2021, 10:45:00,714,714
1404,9/6/2021, 11:00:00,2091,2091
1405,9/6/2021, 11:15:00,2117,2117
1406,9/6/2021, 11:30:00,1964,1964
1407,9/6/2021, 11:45:00,1368,1368
1408,9/6/2021, 12:00:00,1408,1408
1409,9/6/2021, 12:15:00,1194,1194
1410,9/6/2021, 12:30:00,1027,1027
1411,9/6/2021, 12:45:00,920,920
1412,9/6/2021, 13:00:00,791,791
1413,9/6/2021, 13:15:00,1827,1827
1414,9/6/2021, 13:30:00,5011,5011
1415,9/6/2021, 13:45:00,4542,4542
1416,9/6/2021, 14:00:00,505,505
1417,9/6/2021, 14:15:00,309,309
1418,9/6/2021, 14:30:00,290,290
1419,9/6/2021, 14:45:00,229,229
1420,9/6/2021, 15:00:00,175,175
1421,9/6/2021, 15:15:00,126,126
1422,9/6/2021, 15:30:00,104,104
1423,9/6/2021, 15:45:00,69,69
1424,9/6/2021, 16:00:00,58,58
1425,9/6/2021, 16:15:00,37,37
1426,9/6/2021, 16:30:00,14,14
1427,9/6/2021, 16:45:00,11,11
1428,9/6/2021, 17:00:00,8,8
1429,9/6/2021, 17:15:00,11,11
1430,9/6/2021, 17:30:00,9,9
1431,9/6/2021, 17:45:00,7,7
1432,9/6/2021, 18:00:00,6,6
1433,9/6/2021, 18:15:00,50,50
1434,9/6/2021, 18:30:00,257,257
1435,9/6/2021, 18:45:00,211,211
1436,9/6/2021, 19:00:00,177,177
1437,9/6/2021, 19:15:00,143,143
1438,9/6/2021, 19:30:00,125,125
1439,9/6/2021, 19:45:00,118,118
1440,9/6/2021, 20:00:00,96,96
1441,9/6/2021, 20:15:00,70,70
1442,9/6/2021, 20:30:00,44,44
1443,9/6/2021, 20:45:00,23,23
1444,9/6/2021, 21:00:00,11,11
1445,9/6/2021, 21:15:00,4,4
1446,9/6/2021, 21:30:00,1,1
1447,9/6/2021, 21:45:00,0,0
1448,9/6/2021, 22:00:00,0,0
1449,9/6/2021, 22:15:00,0,0
1450,9/6/2021, 22:30:00,0,0
1451,9/6/2021, 22:45:00,0,0
1452,9/6/2021, 23:00:00,0,0
1453,9/6/2021, 23:15:00,0,0
1454,9/6/2021, 23:30:00,0,0
1455,9/6/2021, 23:45:00,0,0
1456,9/6/2021, 24:00:00,0,0
1457,10/6/2021, 00:15:00,0,0
1458,10/6/2021, 00:30:00,0,0
1459,10/6/2021, 00:45:00,0,0
1460,10/6/2021, 01:00:00,0,0
1461,10/6/2021, 01:15:00,0,0
1462,10/6/2021, 01:30:00,0,0
1463,10/6/2021, 01:45:00,0,0
1464,10/6/2021, 02:00:00,0,0
1465,10/6/2021, 02:15:00,0,0
1466,10/6/2021, 02:30:00,0,0
1467,10/6/2021, 02:45:00,0,0
1468,10/6/2021, 03:00:00,0,0
1469,10/6/2021, 03:15:00,0,0
1470,10/6/2021, 03:30:00,0,0
1471,10/6/2021, 03:45:00,0,0
1472,10/6/2021, 04:00:00,0,0
1473,10/6/2021, 04:15:00,0,0
1474,10/6/2021, 04:30:00,0,0
1475,10/6/2021, 04:45:00,0,0
1476,10/6/2021, 05:00:00,0,0
1477,10/6/2021, 05:15:00,2,2
1478,10/6/2021, 05:30:00,11,11
1479,10/6/2021, 05:45:00,17,17
1480,10/6/2021, 06:00:00,35,35
1481,10/6/2021, 06:15:00,55,55
1482,10/6/2021, 06:30:00,84,84
1483,10/6/2021, 06:45:00,115,115
1484,10/6/2021, 07:00:00,166,166
1485,10/6/2021, 07:15:00,172,172
1486,10/6/2021, 07:30:00,200,200
1487,10/6/2021, 07:45:00,273,273
1488,10/6/2021, 08:00:00,295,295
1489,10/6/2021, 08:15:00,203,203
1490,10/6/2021, 08:30:00,139,139
1491,10/6/2021, 08:45:00,234,234
1492,10/6/2021, 09:00:00,447,447
1493,10/6/2021, 09:15:00,665,665
1494,10/6/2021, 09:30:00,1305,1305
1495,10/6/2021, 09:45:00,1454,1454
1496,10/6/2021, 10:00:00,1103,1103
1497,10/6/2021, 10:15:00,1281,1281
1498,10/6/2021, 10:30:00,1039,1039
1499,10/6/2021, 10:45:00,1130,1130
1500,10/6/2021, 11:00:00,2910,2910
1501,10/6/2021, 11:15:00,3880,3880
1502,10/6/2021, 11:30:00,3871,3871
1503,10/6/2021, 11:45:00,3172,3172
1504,10/6/2021, 12:00:00,3264,3264
1505,10/6/2021, 12:15:00,2976,2976
1506,10/6/2021, 12:30:00,2869,2869
1507,10/6/2021, 12:45:00,2676,2676
1508,10/6/2021, 13:00:00,2857,2857
1509,10/6/2021, 13:15:00,2617,2617
1510,10/6/2021, 13:30:00,2595,2595
1511,10/6/2021, 13:45:00,1945,1945
1512,10/6/2021, 14:00:00,733,733
1513,10/6/2021, 14:15:00,1589,1589
1514,10/6/2021, 14:30:00,3281,3281
1515,10/6/2021, 14:45:00,1170,1170
1516,10/6/2021, 15:00:00,347,347
1517,10/6/2021, 15:15:00,451,451
1518,10/6/2021, 15:30:00,419,419
1519,10/6/2021, 15:45:00,385,385
1520,10/6/2021, 16:00:00,327,327
1521,10/6/2021, 16:15:00,264,264
1522,10/6/2021, 16:30:00,229,229
1523,10/6/2021, 16:45:00,184,184
1524,10/6/2021, 17:00:00,148,148
1525,10/6/2021, 17:15:00,95,95
1526,10/6/2021, 17:30:00,105,105
1527,10/6/2021, 17:45:00,100,100
1528,10/6/2021, 18:00:00,82,82
1529,10/6/2021, 18:15:00,24,24
1530,10/6/2021, 18:30:00,29,29
1531,10/6/2021, 18:45:00,25,25
1532,10/6/2021, 19:00:00,27,27
1533,10/6/2021, 19:15:00,13,13
1534,10/6/2021, 19:30:00,5,5
1535,10/6/2021, 19:45:00,3,3
1536,10/6/2021, 20:00:00,4,4
1537,10/6/2021, 20:15:00,2,2
1538,10/6/2021, 20:30:00,1,1
1539,10/6/2021, 20:45:00,0,0
1540,10/6/2021, 21:00:00,0,0
1541,10/6/2021, 21:15:00,0,0
1542,10/6/2021, 21:30:00,0,0
1543,10/6/2021, 21:45:00,0,0
1544,10/6/2021, 22:00:00,0,0
1545,10/6/2021, 22:15:00,0,0
1546,10/6/2021, 22:30:00,0,0
1547,10/6/2021, 22:45:00,0,0
1548,10/6/2021, 23:00:00,0,0
1549,10/6/2021, 23:15:00,0,0
1550,10/6/2021, 23:30:00,0,0
1551,10/6/2021, 23:45:00,0,0
1552,10/6/2021, 24:00:00,0,0
1553,11/6/2021, 00:15:00,0,0
1554,11/6/2021, 00:30:00,0,0
1555,11/6/2021, 00:45:00,0,0
1556,11/6/2021, 01:00:00,0,0
1557,11/6/2021, 01:15:00,0,0
1558,11/6/2021, 01:30:00,0,0
1559,11/6/2021, 01:45:00,0,0
1560,11/6/2021, 02:00:00,0,0
1561,11/6/2021, 02:15:00,0,0
1562,11/6/2021, 02:30:00,0,0
1563,11/6/2021, 02:45:00,0,0
1564,11/6/2021, 03:00:00,0,0
1565,11/6/2021, 03:15:00,0,0
1566,11/6/2021, 03:30:00,0,0
1567,11/6/2021, 03:45:00,0,0
1568,11/6/2021, 04:00:00,0,0
1569,11/6/2021, 04:15:00,0,0
1570,11/6/2021, 04:30:00,0,0
1571,11/6/2021, 04:45:00,0,0
1572,11/6/2021, 05:00:00,0,0
1573,11/6/2021, 05:15:00,0,0
1574,11/6/2021, 05:30:00,3,3
1575,11/6/2021, 05:45:00,5,5
1576,11/6/2021, 06:00:00,18,18
1577,11/6/2021, 06:15:00,34,34
1578,11/6/2021, 06:30:00,51,51
1579,11/6/2021, 06:45:00,85,85
1580,11/6/2021, 07:00:00,98,98
1581,11/6/2021, 07:15:00,123,123
1582,11/6/2021, 07:30:00,207,207
1583,11/6/2021, 07:45:00,235,235
1584,11/6/2021, 08:00:00,308,308
1585,11/6/2021, 08:15:00,405,405
1586,11/6/2021, 08:30:00,523,523
1587,11/6/2021, 08:45:00,470,470
1588,11/6/2021, 09:00:00,712,712
1589,11/6/2021, 09:15:00,939,939
1590,11/6/2021, 09:30:00,1330,1330
1591,11/6/2021, 09:45:00,1731,1731
1592,11/6/2021, 10:00:00,2385,2385
1593,11/6/2021, 10:15:00,1789,1789
1594,11/6/2021, 10:30:00,1689,1689
1595,11/6/2021, 10:45:00,3499,3499
1596,11/6/2021, 11:00:00,4142,4142
1597,11/6/2021, 11:15:00,3303,3303
1598,11/6/2021, 11:30:00,6482,6482
1599,11/6/2021, 11:45:00,7485,7485
1600,11/6/2021, 12:00:00,7701,7701
1601,11/6/2021, 12:15:00,6945,6945
1602,11/6/2021, 12:30:00,6040,6040
1603,11/6/2021, 12:45:00,6048,6048
1604,11/6/2021, 13:00:00,6541,6541
1605,11/6/2021, 13:15:00,5517,5517
1606,11/6/2021, 13:30:00,4850,4850
1607,11/6/2021, 13:45:00,3943,3943
1608,11/6/2021, 14:00:00,4368,4368
1609,11/6/2021, 14:15:00,5287,5287
1610,11/6/2021, 14:30:00,2909,2909
1611,11/6/2021, 14:45:00,1010,1010
1612,11/6/2021, 15:00:00,1304,1304
1613,11/6/2021, 15:15:00,1547,1547
1614,11/6/2021, 15:30:00,690,690
1615,11/6/2021, 15:45:00,218,218
1616,11/6/2021, 16:00:00,313,313
1617,11/6/2021, 16:15:00,297,297
1618,11/6/2021, 16:30:00,337,337
1619,11/6/2021, 16:45:00,288,288
1620,11/6/2021, 17:00:00,308,308
1621,11/6/2021, 17:15:00,257,257
1622,11/6/2021, 17:30:00,176,176
1623,11/6/2021, 17:45:00,105,105
1624,11/6/2021, 18:00:00,102,102
1625,11/6/2021, 18:15:00,154,154
1626,11/6/2021, 18:30:00,153,153
1627,11/6/2021, 18:45:00,167,167
1628,11/6/2021, 19:00:00,64,64
1629,11/6/2021, 19:15:00,74,74
1630,11/6/2021, 19:30:00,28,28
1631,11/6/2021, 19:45:00,36,36
1632,11/6/2021, 20:00:00,34,34
1633,11/6/2021, 20:15:00,15,15
1634,11/6/2021, 20:30:00,6,6
1635,11/6/2021, 20:45:00,2,2
1636,11/6/2021, 21:00:00,0,0
1637,11/6/2021, 21:15:00,0,0
1638,11/6/2021, 21:30:00,0,0
1639,11/6/2021, 21:45:00,0,0
1640,11/6/2021, 22:00:00,0,0
1641,11/6/2021, 22:15:00,0,0
1642,11/6/2021, 22:30:00,0,0
1643,11/6/2021, 22:45:00,0,0
1644,11/6/2021, 23:00:00,0,0
1645,11/6/2021, 23:15:00,0,0
1646,11/6/2021, 23:30:00,0,0
1647,11/6/2021, 23:45:00,0,0
1648,11/6/2021, 24:00:00,0,0
1649,12/6/2021, 00:15:00,0,0
1650,12/6/2021, 00:30:00,0,0
1651,12/6/2021, 00:45:00,0,0
1652,12/6/2021, 01:00:00,0,0
1653,12/6/2021, 01:15:00,0,0
1654,12/6/2021, 01:30:00,0,0
1655,12/6/2021, 01:45:00,0,0
1656,12/6/2021, 02:00:00,0,0
1657,12/6/2021, 02:15:00,0,0
1658,12/6/2021, 02:30:00,0,0
1659,12/6/2021, 02:45:00,0,0
1660,12/6/2021, 03:00:00,0,0
1661,12/6/2021, 03:15:00,0,0
1662,12/6/2021, 03:30:00,0,0
1663,12/6/2021, 03:45:00,0,0
1664,12/6/2021, 04:00:00,0,0
1665,12/6/2021, 04:15:00,0,0
1666,12/6/2021, 04:30:00,0,0
1667,12/6/2021, 04:45:00,0,0
1668,12/6/2021, 05:00:00,0,0
1669,12/6/2021, 05:15:00,4,4
1670,12/6/2021, 05:30:00,12,12
1671,12/6/2021, 05:45:00,23,23
1672,12/6/2021, 06:00:00,33,33
1673,12/6/2021, 06:15:00,59,59
1674,12/6/2021, 06:30:00,92,92
1675,12/6/2021, 06:45:00,96,96
1676,12/6/2021, 07:00:00,121,121
1677,12/6/2021, 07:15:00,136,136
1678,12/6/2021, 07:30:00,261,261
1679,12/6/2021, 07:45:00,619,619
1680,12/6/2021, 08:00:00,639,639
1681,12/6/2021, 08:15:00,604,604
1682,12/6/2021, 08:30:00,627,627
1683,12/6/2021, 08:45:00,288,288
1684,12/6/2021, 09:00:00,616,616
1685,12/6/2021, 09:15:00,1153,1153
1686,12/6/2021, 09:30:00,1391,1391
1687,12/6/2021, 09:45:00,1963,1963
1688,12/6/2021, 10:00:00,2317,2317
1689,12/6/2021, 10:15:00,2786,2786
1690,12/6/2021, 10:30:00,2881,2881
1691,12/6/2021, 10:45:00,3657,3657
1692,12/6/2021, 11:00:00,4744,4744
1693,12/6/2021, 11:15:00,3276,3276
1694,12/6/2021, 11:30:00,4243,4243
1695,12/6/2021, 11:45:00,6136,6136
1696,12/6/2021, 12:00:00,13024,13024
1697,12/6/2021, 12:15:00,15296,15296
1698,12/6/2021, 12:30:00,16996,16996
1699,12/6/2021, 12:45:00,14750,14750
1700,12/6/2021, 13:00:00,6856,6856
1701,12/6/2021, 13:15:00,10998,10998
1702,12/6/2021, 13:30:00,17663,17663
1703,12/6/2021, 13:45:00,15049,15049
1704,12/6/2021, 14:00:00,16928,16928
1705,12/6/2021, 14:15:00,16600,16600
1706,12/6/2021, 14:30:00,15371,15371
1707,12/6/2021, 14:45:00,17070,17070
1708,12/6/2021, 15:00:00,10759,10759
1709,12/6/2021, 15:15:00,5756,5756
1710,12/6/2021, 15:30:00,4304,4304
1711,12/6/2021, 15:45:00,3068,3068
1712,12/6/2021, 16:00:00,1516,1516
1713,12/6/2021, 16:15:00,926,926
1714,12/6/2021, 16:30:00,657,657
1715,12/6/2021, 16:45:00,419,419
1716,12/6/2021, 17:00:00,351,351
1717,12/6/2021, 17:15:00,263,263
1718,12/6/2021, 17:30:00,213,213
1719,12/6/2021, 17:45:00,155,155
1720,12/6/2021, 18:00:00,137,137
1721,12/6/2021, 18:15:00,125,125
1722,12/6/2021, 18:30:00,106,106
1723,12/6/2021, 18:45:00,96,96
1724,12/6/2021, 19:00:00,71,71
1725,12/6/2021, 19:15:00,60,60
1726,12/6/2021, 19:30:00,23,23
1727,12/6/2021, 19:45:00,13,13
1728,12/6/2021, 20:00:00,23,23
1729,12/6/2021, 20:15:00,16,16
1730,12/6/2021, 20:30:00,19,19
1731,12/6/2021, 20:45:00,11,11
1732,12/6/2021, 21:00:00,4,4
1733,12/6/2021, 21:15:00,0,0
1734,12/6/2021, 21:30:00,0,0
1735,12/6/2021, 21:45:00,0,0
1736,12/6/2021, 22:00:00,0,0
1737,12/6/2021, 22:15:00,0,0
1738,12/6/2021, 22:30:00,0,0
1739,12/6/2021, 22:45:00,0,0
1740,12/6/2021, 23:00:00,0,0
1741,12/6/2021, 23:15:00,0,0
1742,12/6/2021, 23:30:00,0,0
1743,12/6/2021, 23:45:00,0,0
1744,12/6/2021, 24:00:00,0,0
1745,13/06/2021 , 00:15:00,0,0
1746,13/06/2021 , 00:30:00,0,0
1747,13/06/2021 , 00:45:00,0,0
1748,13/06/2021 , 01:00:00,0,0
1749,13/06/2021 , 01:15:00,0,0
1750,13/06/2021 , 01:30:00,0,0
1751,13/06/2021 , 01:45:00,0,0
1752,13/06/2021 , 02:00:00,0,0
1753,13/06/2021 , 02:15:00,0,0
1754,13/06/2021 , 02:30:00,0,0
1755,13/06/2021 , 02:45:00,0,0
1756,13/06/2021 , 03:00:00,0,0
1757,13/06/2021 , 03:15:00,0,0
1758,13/06/2021 , 03:30:00,0,0
1759,13/06/2021 , 03:45:00,0,0
1760,13/06/2021 , 04:00:00,0,0
1761,13/06/2021 , 04:15:00,0,0
1762,13/06/2021 , 04:30:00,0,0
1763,13/06/2021 , 04:45:00,0,0
1764,13/06/2021 , 05:00:00,0,0
1765,13/06/2021 , 05:15:00,0,0
1766,13/06/2021 , 05:30:00,3,3
1767,13/06/2021 , 05:45:00,3,3
1768,13/06/2021 , 06:00:00,8,8
1769,13/06/2021 , 06:15:00,5,5
1770,13/06/2021 , 06:30:00,16,16
1771,13/06/2021 , 06:45:00,27,27
1772,13/06/2021 , 07:00:00,55,55
1773,13/06/2021 , 07:15:00,118,118
1774,13/06/2021 , 07:30:00,69,69
1775,13/06/2021 , 07:45:00,86,86
1776,13/06/2021 , 08:00:00,62,62
1777,13/06/2021 , 08:15:00,99,99
1778,13/06/2021 , 08:30:00,164,164
1779,13/06/2021 , 08:45:00,164,164
1780,13/06/2021 , 09:00:00,107,107
1781,13/06/2021 , 09:15:00,125,125
1782,13/06/2021 , 09:30:00,122,122
1783,13/06/2021 , 09:45:00,86,86
1784,13/06/2021 , 10:00:00,144,144
1785,13/06/2021 , 10:15:00,190,190
1786,13/06/2021 , 10:30:00,324,324
1787,13/06/2021 , 10:45:00,363,363
1788,13/06/2021 , 11:00:00,661,661
1789,13/06/2021 , 11:15:00,1147,1147
1790,13/06/2021 , 11:30:00,1371,1371
1791,13/06/2021 , 11:45:00,1705,1705
1792,13/06/2021 , 12:00:00,1408,1408
1793,13/06/2021 , 12:15:00,2163,2163
1794,13/06/2021 , 12:30:00,3031,3031
1795,13/06/2021 , 12:45:00,5680,5680
1796,13/06/2021 , 13:00:00,15365,15365
1797,13/06/2021 , 13:15:00,10527,10527
1798,13/06/2021 , 13:30:00,9811,9811
1799,13/06/2021 , 13:45:00,12752,12752
1800,13/06/2021 , 14:00:00,8594,8594
1801,13/06/2021 , 14:15:00,6835,6835
1802,13/06/2021 , 14:30:00,4493,4493
1803,13/06/2021 , 14:45:00,4158,4158
1804,13/06/2021 , 15:00:00,3768,3768
1805,13/06/2021 , 15:15:00,2224,2224
1806,13/06/2021 , 15:30:00,1129,1129
1807,13/06/2021 , 15:45:00,937,937
1808,13/06/2021 , 16:00:00,664,664
1809,13/06/2021 , 16:15:00,525,525
1810,13/06/2021 , 16:30:00,195,195
1811,13/06/2021 , 16:45:00,40,40
1812,13/06/2021 , 17:00:00,31,31
1813,13/06/2021 , 17:15:00,21,21
1814,13/06/2021 , 17:30:00,16,16
1815,13/06/2021 , 17:45:00,14,14
1816,13/06/2021 , 18:00:00,11,11
1817,13/06/2021 , 18:15:00,8,8
1818,13/06/2021 , 18:30:00,6,6
1819,13/06/2021 , 18:45:00,5,5
1820,13/06/2021 , 19:00:00,4,4
1821,13/06/2021 , 19:15:00,3,3
1822,13/06/2021 , 19:30:00,2,2
1823,13/06/2021 , 19:45:00,1,1
1824,13/06/2021 , 20:00:00,1,1
1825,13/06/2021 , 20:15:00,0,0
1826,13/06/2021 , 20:30:00,0,0
1827,13/06/2021 , 20:45:00,0,0
1828,13/06/2021 , 21:00:00,0,0
1829,13/06/2021 , 21:15:00,0,0
1830,13/06/2021 , 21:30:00,0,0
1831,13/06/2021 , 21:45:00,0,0
1832,13/06/2021 , 22:00:00,0,0
1833,13/06/2021 , 22:15:00,0,0
1834,13/06/2021 , 22:30:00,0,0
1835,13/06/2021 , 22:45:00,0,0
1836,13/06/2021 , 23:00:00,0,0
1837,13/06/2021 , 23:15:00,0,0
1838,13/06/2021 , 23:30:00,0,0
1839,13/06/2021 , 23:45:00,0,0
1840,13/06/2021 , 24:00:00,0,0
1841,14/06/2021 , 00:15:00,0,0
1842,14/06/2021 , 00:30:00,0,0
1843,14/06/2021 , 00:45:00,0,0
1844,14/06/2021 , 01:00:00,0,0
1845,14/06/2021 , 01:15:00,0,0
1846,14/06/2021 , 01:30:00,0,0
1847,14/06/2021 , 01:45:00,0,0
1848,14/06/2021 , 02:00:00,0,0
1849,14/06/2021 , 02:15:00,0,0
1850,14/06/2021 , 02:30:00,0,0
1851,14/06/2021 , 02:45:00,0,0
1852,14/06/2021 , 03:00:00,0,0
1853,14/06/2021 , 03:15:00,0,0
1854,14/06/2021 , 03:30:00,0,0
1855,14/06/2021 , 03:45:00,0,0
1856,14/06/2021 , 04:00:00,0,0
1857,14/06/2021 , 04:15:00,0,0
1858,14/06/2021 , 04:30:00,0,0
1859,14/06/2021 , 04:45:00,0,0
1860,14/06/2021 , 05:00:00,0,0
1861,14/06/2021 , 05:15:00,0,0
1862,14/06/2021 , 05:30:00,0,0
1863,14/06/2021 , 05:45:00,2,2
1864,14/06/2021 , 06:00:00,5,5
1865,14/06/2021 , 06:15:00,8,8
1866,14/06/2021 , 06:30:00,7,7
1867,14/06/2021 , 06:45:00,8,8
1868,14/06/2021 , 07:00:00,14,14
1869,14/06/2021 , 07:15:00,31,31
1870,14/06/2021 , 07:30:00,55,55
1871,14/06/2021 , 07:45:00,99,99
1872,14/06/2021 , 08:00:00,98,98
1873,14/06/2021 , 08:15:00,79,79
1874,14/06/2021 , 08:30:00,129,129
1875,14/06/2021 , 08:45:00,253,253
1876,14/06/2021 , 09:00:00,283,283
1877,14/06/2021 , 09:15:00,472,472
1878,14/06/2021 , 09:30:00,690,690
1879,14/06/2021 , 09:45:00,601,601
1880,14/06/2021 , 10:00:00,537,537
1881,14/06/2021 , 10:15:00,586,586
1882,14/06/2021 , 10:30:00,816,816
1883,14/06/2021 , 10:45:00,902,902
1884,14/06/2021 , 11:00:00,831,831
1885,14/06/2021 , 11:15:00,912,912
1886,14/06/2021 , 11:30:00,812,812
1887,14/06/2021 , 11:45:00,675,675
1888,14/06/2021 , 12:00:00,665,665
1889,14/06/2021 , 12:15:00,805,805
1890,14/06/2021 , 12:30:00,1501,1501
1891,14/06/2021 , 12:45:00,1673,1673
1892,14/06/2021 , 13:00:00,691,691
1893,14/06/2021 , 13:15:00,943,943
1894,14/06/2021 , 13:30:00,10379,10379
1895,14/06/2021 , 13:45:00,8339,8339
1896,14/06/2021 , 14:00:00,11483,11483
1897,14/06/2021 , 14:15:00,10596,10596
1898,14/06/2021 , 14:30:00,5285,5285
1899,14/06/2021 , 14:45:00,7553,7553
1900,14/06/2021 , 15:00:00,3227,3227
1901,14/06/2021 , 15:15:00,7508,7508
1902,14/06/2021 , 15:30:00,8163,8163
1903,14/06/2021 , 15:45:00,11830,11830
1904,14/06/2021 , 16:00:00,4038,4038
1905,14/06/2021 , 16:15:00,2057,2057
1906,14/06/2021 , 16:30:00,1218,1218
1907,14/06/2021 , 16:45:00,714,714
1908,14/06/2021 , 17:00:00,443,443
1909,14/06/2021 , 17:15:00,612,612
1910,14/06/2021 , 17:30:00,702,702
1911,14/06/2021 , 17:45:00,819,819
1912,14/06/2021 , 18:00:00,568,568
1913,14/06/2021 , 18:15:00,388,388
1914,14/06/2021 , 18:30:00,256,256
1915,14/06/2021 , 18:45:00,406,406
1916,14/06/2021 , 19:00:00,392,392
1917,14/06/2021 , 19:15:00,314,314
1918,14/06/2021 , 19:30:00,203,203
1919,14/06/2021 , 19:45:00,122,122
1920,14/06/2021 , 20:00:00,71,71
1921,14/06/2021 , 20:15:00,45,45
1922,14/06/2021 , 20:30:00,48,48
1923,14/06/2021 , 20:45:00,28,28
1924,14/06/2021 , 21:00:00,7,7
1925,14/06/2021 , 21:15:00,1,1
1926,14/06/2021 , 21:30:00,0,0
1927,14/06/2021 , 21:45:00,0,0
1928,14/06/2021 , 22:00:00,0,0
1929,14/06/2021 , 22:15:00,0,0
1930,14/06/2021 , 22:30:00,0,0
1931,14/06/2021 , 22:45:00,0,0
1932,14/06/2021 , 23:00:00,0,0
1933,14/06/2021 , 23:15:00,0,0
1934,14/06/2021 , 23:30:00,0,0
1935,14/06/2021 , 23:45:00,0,0
1936,14/06/2021 , 24:00:00,0,0
1937,15/06/2021 , 00:15:00,0,0
1938,15/06/2021 , 00:30:00,0,0
1939,15/06/2021 , 00:45:00,0,0
1940,15/06/2021 , 01:00:00,0,0
1941,15/06/2021 , 01:15:00,0,0
1942,15/06/2021 , 01:30:00,0,0
1943,15/06/2021 , 01:45:00,0,0
1944,15/06/2021 , 02:00:00,0,0
1945,15/06/2021 , 02:15:00,0,0
1946,15/06/2021 , 02:30:00,0,0
1947,15/06/2021 , 02:45:00,0,0
1948,15/06/2021 , 03:00:00,0,0
1949,15/06/2021 , 03:15:00,0,0
1950,15/06/2021 , 03:30:00,0,0
1951,15/06/2021 , 03:45:00,0,0
1952,15/06/2021 , 04:00:00,0,0
1953,15/06/2021 , 04:15:00,0,0
1954,15/06/2021 , 04:30:00,0,0
1955,15/06/2021 , 04:45:00,0,0
1956,15/06/2021 , 05:00:00,0,0
1957,15/06/2021 , 05:15:00,4,4
1958,15/06/2021 , 05:30:00,15,15
1959,15/06/2021 , 05:45:00,30,30
1960,15/06/2021 , 06:00:00,47,47
1961,15/06/2021 , 06:15:00,65,65
1962,15/06/2021 , 06:30:00,99,99
1963,15/06/2021 , 06:45:00,150,150
1964,15/06/2021 , 07:00:00,201,201
1965,15/06/2021 , 07:15:00,330,330
1966,15/06/2021 , 07:30:00,433,433
1967,15/06/2021 , 07:45:00,465,465
1968,15/06/2021 , 08:00:00,349,349
1969,15/06/2021 , 08:15:00,409,409
1970,15/06/2021 , 08:30:00,610,610
1971,15/06/2021 , 08:45:00,281,281
1972,15/06/2021 , 09:00:00,526,526
1973,15/06/2021 , 09:15:00,806,806
1974,15/06/2021 , 09:30:00,1115,1115
1975,15/06/2021 , 09:45:00,1173,1173
1976,15/06/2021 , 10:00:00,1598,1598
1977,15/06/2021 , 10:15:00,1855,1855
1978,15/06/2021 , 10:30:00,1711,1711
1979,15/06/2021 , 10:45:00,1909,1909
1980,15/06/2021 , 11:00:00,2320,2320
1981,15/06/2021 , 11:15:00,2596,2596
1982,15/06/2021 , 11:30:00,2680,2680
1983,15/06/2021 , 11:45:00,2169,2169
1984,15/06/2021 , 12:00:00,4121,4121
1985,15/06/2021 , 12:15:00,4661,4661
1986,15/06/2021 , 12:30:00,5022,5022
1987,15/06/2021 , 12:45:00,5277,5277
1988,15/06/2021 , 13:00:00,5833,5833
1989,15/06/2021 , 13:15:00,6447,6447
1990,15/06/2021 , 13:30:00,7204,7204
1991,15/06/2021 , 13:45:00,7794,7794
1992,15/06/2021 , 14:00:00,8540,8540
1993,15/06/2021 , 14:15:00,13434,13434
1994,15/06/2021 , 14:30:00,17571,17571
1995,15/06/2021 , 14:45:00,17904,17904
1996,15/06/2021 , 15:00:00,17600,17600
1997,15/06/2021 , 15:15:00,18060,18060
1998,15/06/2021 , 15:30:00,18832,18832
1999,15/06/2021 , 15:45:00,19202,19202
2000,15/06/2021 , 16:00:00,11672,11672
2001,15/06/2021 , 16:15:00,9416,9416
2002,15/06/2021 , 16:30:00,5718,5718
2003,15/06/2021 , 16:45:00,5556,5556
2004,15/06/2021 , 17:00:00,4090,4090
2005,15/06/2021 , 17:15:00,3386,3386
2006,15/06/2021 , 17:30:00,2474,2474
2007,15/06/2021 , 17:45:00,1644,1644
2008,15/06/2021 , 18:00:00,1147,1147
2009,15/06/2021 , 18:15:00,1304,1304
2010,15/06/2021 , 18:30:00,521,521
2011,15/06/2021 , 18:45:00,642,642
2012,15/06/2021 , 19:00:00,524,524
2013,15/06/2021 , 19:15:00,353,353
2014,15/06/2021 , 19:30:00,197,197
2015,15/06/2021 , 19:45:00,199,199
2016,15/06/2021 , 20:00:00,85,85
2017,15/06/2021 , 20:15:00,72,72
2018,15/06/2021 , 20:30:00,51,51
2019,15/06/2021 , 20:45:00,24,24
2020,15/06/2021 , 21:00:00,10,10
2021,15/06/2021 , 21:15:00,2,2
2022,15/06/2021 , 21:30:00,1,1
2023,15/06/2021 , 21:45:00,0,0
2024,15/06/2021 , 22:00:00,0,0
2025,15/06/2021 , 22:15:00,0,0
2026,15/06/2021 , 22:30:00,0,0
2027,15/06/2021 , 22:45:00,0,0
2028,15/06/2021 , 23:00:00,0,0
2029,15/06/2021 , 23:15:00,0,0
2030,15/06/2021 , 23:30:00,0,0
2031,15/06/2021 , 23:45:00,0,0
2032,15/06/2021 , 24:00:00,0,0
2033,16/06/2021 , 00:15:00,0,0
2034,16/06/2021 , 00:30:00,0,0
2035,16/06/2021 , 00:45:00,0,0
2036,16/06/2021 , 01:00:00,0,0
2037,16/06/2021 , 01:15:00,0,0
2038,16/06/2021 , 01:30:00,0,0
2039,16/06/2021 , 01:45:00,0,0
2040,16/06/2021 , 02:00:00,0,0
2041,16/06/2021 , 02:15:00,0,0
2042,16/06/2021 , 02:30:00,0,0
2043,16/06/2021 , 02:45:00,0,0
2044,16/06/2021 , 03:00:00,0,0
2045,16/06/2021 , 03:15:00,0,0
2046,16/06/2021 , 03:30:00,0,0
2047,16/06/2021 , 03:45:00,0,0
2048,16/06/2021 , 04:00:00,0,0
2049,16/06/2021 , 04:15:00,0,0
2050,16/06/2021 , 04:30:00,0,0
2051,16/06/2021 , 04:45:00,0,0
2052,16/06/2021 , 05:00:00,0,0
2053,16/06/2021 , 05:15:00,5,5
2054,16/06/2021 , 05:30:00,10,10
2055,16/06/2021 , 05:45:00,18,18
2056,16/06/2021 , 06:00:00,29,29
2057,16/06/2021 , 06:15:00,50,50
2058,16/06/2021 , 06:30:00,85,85
2059,16/06/2021 , 06:45:00,96,96
2060,16/06/2021 , 07:00:00,151,151
2061,16/06/2021 , 07:15:00,214,214
2062,16/06/2021 , 07:30:00,265,265
2063,16/06/2021 , 07:45:00,309,309
2064,16/06/2021 , 08:00:00,354,354
2065,16/06/2021 , 08:15:00,518,518
2066,16/06/2021 , 08:30:00,763,763
2067,16/06/2021 , 08:45:00,817,817
2068,16/06/2021 , 09:00:00,845,845
2069,16/06/2021 , 09:15:00,974,974
2070,16/06/2021 , 09:30:00,1101,1101
2071,16/06/2021 , 09:45:00,1440,1440
2072,16/06/2021 , 10:00:00,1601,1601
2073,16/06/2021 , 10:15:00,1583,1583
2074,16/06/2021 , 10:30:00,1743,1743
2075,16/06/2021 , 10:45:00,2030,2030
2076,16/06/2021 , 11:00:00,2378,2378
2077,16/06/2021 , 11:15:00,2754,2754
2078,16/06/2021 , 11:30:00,2736,2736
2079,16/06/2021 , 11:45:00,3317,3317
2080,16/06/2021 , 12:00:00,3137,3137
2081,16/06/2021 , 12:15:00,3780,3780
2082,16/06/2021 , 12:30:00,3539,3539
2083,16/06/2021 , 12:45:00,4280,4280
2084,16/06/2021 , 13:00:00,4524,4524
2085,16/06/2021 , 13:15:00,4825,4825
2086,16/06/2021 , 13:30:00,5709,5709
2087,16/06/2021 , 13:45:00,5799,5799
2088,16/06/2021 , 14:00:00,6041,6041
2089,16/06/2021 , 14:15:00,6592,6592
2090,16/06/2021 , 14:30:00,7062,7062
2091,16/06/2021 , 14:45:00,7458,7458
2092,16/06/2021 , 15:00:00,7975,7975
2093,16/06/2021 , 15:15:00,8672,8672
2094,16/06/2021 , 15:30:00,9819,9819
2095,16/06/2021 , 15:45:00,14522,14522
2096,16/06/2021 , 16:00:00,15767,15767
2097,16/06/2021 , 16:15:00,13281,13281
2098,16/06/2021 , 16:30:00,8461,8461
2099,16/06/2021 , 16:45:00,6959,6959
2100,16/06/2021 , 17:00:00,5735,5735
2101,16/06/2021 , 17:15:00,4625,4625
2102,16/06/2021 , 17:30:00,3537,3537
2103,16/06/2021 , 17:45:00,2837,2837
2104,16/06/2021 , 18:00:00,2229,2229
2105,16/06/2021 , 18:15:00,1464,1464
2106,16/06/2021 , 18:30:00,1030,1030
2107,16/06/2021 , 18:45:00,819,819
2108,16/06/2021 , 19:00:00,587,587
2109,16/06/2021 , 19:15:00,367,367
2110,16/06/2021 , 19:30:00,251,251
2111,16/06/2021 , 19:45:00,174,174
2112,16/06/2021 , 20:00:00,114,114
2113,16/06/2021 , 20:15:00,71,71
2114,16/06/2021 , 20:30:00,43,43
2115,16/06/2021 , 20:45:00,25,25
2116,16/06/2021 , 21:00:00,14,14
2117,16/06/2021 , 21:15:00,5,5
2118,16/06/2021 , 21:30:00,1,1
2119,16/06/2021 , 21:45:00,0,0
2120,16/06/2021 , 22:00:00,0,0
2121,16/06/2021 , 22:15:00,0,0
2122,16/06/2021 , 22:30:00,0,0
2123,16/06/2021 , 22:45:00,0,0
2124,16/06/2021 , 23:00:00,0,0
2125,16/06/2021 , 23:15:00,0,0
2126,16/06/2021 , 23:30:00,0,0
2127,16/06/2021 , 23:45:00,0,0
2128,16/06/2021 , 24:00:00,0,0
2129,17/06/2021 , 00:15:00,0,0
2130,17/06/2021 , 00:30:00,0,0
2131,17/06/2021 , 00:45:00,0,0
2132,17/06/2021 , 01:00:00,0,0
2133,17/06/2021 , 01:15:00,0,0
2134,17/06/2021 , 01:30:00,0,0
2135,17/06/2021 , 01:45:00,0,0
2136,17/06/2021 , 02:00:00,0,0
2137,17/06/2021 , 02:15:00,0,0
2138,17/06/2021 , 02:30:00,0,0
2139,17/06/2021 , 02:45:00,0,0
2140,17/06/2021 , 03:00:00,0,0
2141,17/06/2021 , 03:15:00,0,0
2142,17/06/2021 , 03:30:00,0,0
2143,17/06/2021 , 03:45:00,0,0
2144,17/06/2021 , 04:00:00,0,0
2145,17/06/2021 , 04:15:00,0,0
2146,17/06/2021 , 04:30:00,0,0
2147,17/06/2021 , 04:45:00,0,0
2148,17/06/2021 , 05:00:00,0,0
2149,17/06/2021 , 05:15:00,8,8
2150,17/06/2021 , 05:30:00,24,24
2151,17/06/2021 , 05:45:00,53,53
2152,17/06/2021 , 06:00:00,85,85
2153,17/06/2021 , 06:15:00,108,108
2154,17/06/2021 , 06:30:00,139,139
2155,17/06/2021 , 06:45:00,214,214
2156,17/06/2021 , 07:00:00,309,309
2157,17/06/2021 , 07:15:00,383,383
2158,17/06/2021 , 07:30:00,444,444
2159,17/06/2021 , 07:45:00,525,525
2160,17/06/2021 , 08:00:00,590,590
2161,17/06/2021 , 08:15:00,632,632
2162,17/06/2021 , 08:30:00,768,768
2163,17/06/2021 , 08:45:00,907,907
2164,17/06/2021 , 09:00:00,1014,1014
2165,17/06/2021 , 09:15:00,1101,1101
2166,17/06/2021 , 09:30:00,1287,1287
2167,17/06/2021 , 09:45:00,1406,1406
2168,17/06/2021 , 10:00:00,1477,1477
2169,17/06/2021 , 10:15:00,1538,1538
2170,17/06/2021 , 10:30:00,1692,1692
2171,17/06/2021 , 10:45:00,1816,1816
2172,17/06/2021 , 11:00:00,1783,1783
2173,17/06/2021 , 11:15:00,1863,1863
2174,17/06/2021 , 11:30:00,2123,2123
2175,17/06/2021 , 11:45:00,1800,1800
2176,17/06/2021 , 12:00:00,2643,2643
2177,17/06/2021 , 12:15:00,3146,3146
2178,17/06/2021 , 12:30:00,3459,3459
2179,17/06/2021 , 12:45:00,3597,3597
2180,17/06/2021 , 13:00:00,3765,3765
2181,17/06/2021 , 13:15:00,3927,3927
2182,17/06/2021 , 13:30:00,4091,4091
2183,17/06/2021 , 13:45:00,4174,4174
2184,17/06/2021 , 14:00:00,4190,4190
2185,17/06/2021 , 14:15:00,4439,4439
2186,17/06/2021 , 14:30:00,4520,4520
2187,17/06/2021 , 14:45:00,4584,4584
2188,17/06/2021 , 15:00:00,4730,4730
2189,17/06/2021 , 15:15:00,4848,4848
2190,17/06/2021 , 15:30:00,4990,4990
2191,17/06/2021 , 15:45:00,5049,5049
2192,17/06/2021 , 16:00:00,5018,5018
2193,17/06/2021 , 16:15:00,4666,4666
2194,17/06/2021 , 16:30:00,4664,4664
2195,17/06/2021 , 16:45:00,4404,4404
2196,17/06/2021 , 17:00:00,4096,4096
2197,17/06/2021 , 17:15:00,3676,3676
2198,17/06/2021 , 17:30:00,3261,3261
2199,17/06/2021 , 17:45:00,2786,2786
2200,17/06/2021 , 18:00:00,2303,2303
2201,17/06/2021 , 18:15:00,1881,1881
2202,17/06/2021 , 18:30:00,1457,1457
2203,17/06/2021 , 18:45:00,838,838
2204,17/06/2021 , 19:00:00,668,668
2205,17/06/2021 , 19:15:00,550,550
2206,17/06/2021 , 19:30:00,393,393
2207,17/06/2021 , 19:45:00,280,280
2208,17/06/2021 , 20:00:00,19,19
2209,17/06/2021 , 20:15:00,11,11
2210,17/06/2021 , 20:30:00,5,5
2211,17/06/2021 , 20:45:00,2,2
2212,17/06/2021 , 21:00:00,0,0
2213,17/06/2021 , 21:15:00,0,0
2214,17/06/2021 , 21:30:00,0,0
2215,17/06/2021 , 21:45:00,0,0
2216,17/06/2021 , 22:00:00,0,0
2217,17/06/2021 , 22:15:00,0,0
2218,17/06/2021 , 22:30:00,0,0
2219,17/06/2021 , 22:45:00,0,0
2220,17/06/2021 , 23:00:00,0,0
2221,17/06/2021 , 23:15:00,0,0
2222,17/06/2021 , 23:30:00,0,0
2223,17/06/2021 , 23:45:00,0,0
2224,17/06/2021 , 24:00:00,0,0
2225,18/06/2021 , 00:15:00,0,0
2226,18/06/2021 , 00:30:00,0,0
2227,18/06/2021 , 00:45:00,0,0
2228,18/06/2021 , 01:00:00,0,0
2229,18/06/2021 , 01:15:00,0,0
2230,18/06/2021 , 01:30:00,0,0
2231,18/06/2021 , 01:45:00,0,0
2232,18/06/2021 , 02:00:00,0,0
2233,18/06/2021 , 02:15:00,0,0
2234,18/06/2021 , 02:30:00,0,0
2235,18/06/2021 , 02:45:00,0,0
2236,18/06/2021 , 03:00:00,0,0
2237,18/06/2021 , 03:15:00,0,0
2238,18/06/2021 , 03:30:00,0,0
2239,18/06/2021 , 03:45:00,0,0
2240,18/06/2021 , 04:00:00,0,0
2241,18/06/2021 , 04:15:00,0,0
2242,18/06/2021 , 04:30:00,0,0
2243,18/06/2021 , 04:45:00,0,0
2244,18/06/2021 , 05:00:00,0,0
2245,18/06/2021 , 05:15:00,6,6
2246,18/06/2021 , 05:30:00,20,20
2247,18/06/2021 , 05:45:00,39,39
2248,18/06/2021 , 06:00:00,74,74
2249,18/06/2021 , 06:15:00,117,117
2250,18/06/2021 , 06:30:00,172,172
2251,18/06/2021 , 06:45:00,246,246
2252,18/06/2021 , 07:00:00,331,331
2253,18/06/2021 , 07:15:00,377,377
2254,18/06/2021 , 07:30:00,502,502
2255,18/06/2021 , 07:45:00,538,538
2256,18/06/2021 , 08:00:00,440,440
2257,18/06/2021 , 08:15:00,446,446
2258,18/06/2021 , 08:30:00,614,614
2259,18/06/2021 , 08:45:00,1066,1066
2260,18/06/2021 , 09:00:00,801,801
2261,18/06/2021 , 09:15:00,1115,1115
2262,18/06/2021 , 09:30:00,1321,1321
2263,18/06/2021 , 09:45:00,1396,1396
2264,18/06/2021 , 10:00:00,1391,1391
2265,18/06/2021 , 10:15:00,1569,1569
2266,18/06/2021 , 10:30:00,1634,1634
2267,18/06/2021 , 10:45:00,1703,1703
2268,18/06/2021 , 11:00:00,1955,1955
2269,18/06/2021 , 11:15:00,2103,2103
2270,18/06/2021 , 11:30:00,2110,2110
2271,18/06/2021 , 11:45:00,2206,2206
2272,18/06/2021 , 12:00:00,2250,2250
2273,18/06/2021 , 12:15:00,2338,2338
2274,18/06/2021 , 12:30:00,2303,2303
2275,18/06/2021 , 12:45:00,2359,2359
2276,18/06/2021 , 13:00:00,2615,2615
2277,18/06/2021 , 13:15:00,2670,2670
2278,18/06/2021 , 13:30:00,2764,2764
2279,18/06/2021 , 13:45:00,2812,2812
2280,18/06/2021 , 14:00:00,2879,2879
2281,18/06/2021 , 14:15:00,2938,2938
2282,18/06/2021 , 14:30:00,2970,2970
2283,18/06/2021 , 14:45:00,2698,2698
2284,18/06/2021 , 15:00:00,2434,2434
2285,18/06/2021 , 15:15:00,2558,2558
2286,18/06/2021 , 15:30:00,2827,2827
2287,18/06/2021 , 15:45:00,2876,2876
2288,18/06/2021 , 16:00:00,2612,2612
2289,18/06/2021 , 16:15:00,2730,2730
2290,18/06/2021 , 16:30:00,2559,2559
2291,18/06/2021 , 16:45:00,2338,2338
2292,18/06/2021 , 17:00:00,1855,1855
2293,18/06/2021 , 17:15:00,2032,2032
2294,18/06/2021 , 17:30:00,1780,1780
2295,18/06/2021 , 17:45:00,1365,1365
2296,18/06/2021 , 18:00:00,1359,1359
2297,18/06/2021 , 18:15:00,1209,1209
2298,18/06/2021 , 18:30:00,1041,1041
2299,18/06/2021 , 18:45:00,913,913
2300,18/06/2021 , 19:00:00,525,525
2301,18/06/2021 , 19:15:00,390,390
2302,18/06/2021 , 19:30:00,314,314
2303,18/06/2021 , 19:45:00,203,203
2304,18/06/2021 , 20:00:00,144,144
2305,18/06/2021 , 20:15:00,110,110
2306,18/06/2021 , 20:30:00,80,80
2307,18/06/2021 , 20:45:00,46,46
2308,18/06/2021 , 21:00:00,23,23
2309,18/06/2021 , 21:15:00,9,9
2310,18/06/2021 , 21:30:00,1,1
2311,18/06/2021 , 21:45:00,0,0
2312,18/06/2021 , 22:00:00,0,0
2313,18/06/2021 , 22:15:00,0,0
2314,18/06/2021 , 22:30:00,0,0
2315,18/06/2021 , 22:45:00,0,0
2316,18/06/2021 , 23:00:00,0,0
2317,18/06/2021 , 23:15:00,0,0
2318,18/06/2021 , 23:30:00,0,0
2319,18/06/2021 , 23:45:00,0,0
2320,18/06/2021 , 24:00:00,0,0
2321,19/06/2021 , 00:15:00,0,0
2322,19/06/2021 , 00:30:00,0,0
2323,19/06/2021 , 00:45:00,0,0
2324,19/06/2021 , 01:00:00,0,0
2325,19/06/2021 , 01:15:00,0,0
2326,19/06/2021 , 01:30:00,0,0
2327,19/06/2021 , 01:45:00,0,0
2328,19/06/2021 , 02:00:00,0,0
2329,19/06/2021 , 02:15:00,0,0
2330,19/06/2021 , 02:30:00,0,0
2331,19/06/2021 , 02:45:00,0,0
2332,19/06/2021 , 03:00:00,0,0
2333,19/06/2021 , 03:15:00,0,0
2334,19/06/2021 , 03:30:00,0,0
2335,19/06/2021 , 03:45:00,0,0
2336,19/06/2021 , 04:00:00,0,0
2337,19/06/2021 , 04:15:00,0,0
2338,19/06/2021 , 04:30:00,0,0
2339,19/06/2021 , 04:45:00,0,0
2340,19/06/2021 , 05:00:00,0,0
2341,19/06/2021 , 05:15:00,6,6
2342,19/06/2021 , 05:30:00,19,19
2343,19/06/2021 , 05:45:00,44,44
2344,19/06/2021 , 06:00:00,76,76
2345,19/06/2021 , 06:15:00,110,110
2346,19/06/2021 , 06:30:00,152,152
2347,19/06/2021 , 06:45:00,196,196
2348,19/06/2021 , 07:00:00,220,220
2349,19/06/2021 , 07:15:00,369,369
2350,19/06/2021 , 07:30:00,462,462
2351,19/06/2021 , 07:45:00,394,394
2352,19/06/2021 , 08:00:00,443,443
2353,19/06/2021 , 08:15:00,387,387
2354,19/06/2021 , 08:30:00,440,440
2355,19/06/2021 , 08:45:00,425,425
2356,19/06/2021 , 09:00:00,704,704
2357,19/06/2021 , 09:15:00,822,822
2358,19/06/2021 , 09:30:00,741,741
2359,19/06/2021 , 09:45:00,941,941
2360,19/06/2021 , 10:00:00,1045,1045
2361,19/06/2021 , 10:15:00,986,986
2362,19/06/2021 , 10:30:00,1098,1098
2363,19/06/2021 , 10:45:00,953,953
2364,19/06/2021 , 11:00:00,1167,1167
2365,19/06/2021 , 11:15:00,1061,1061
2366,19/06/2021 , 11:30:00,1038,1038
2367,19/06/2021 , 11:45:00,941,941
2368,19/06/2021 , 12:00:00,832,832
2369,19/06/2021 , 12:15:00,928,928
2370,19/06/2021 , 12:30:00,1468,1468
2371,19/06/2021 , 12:45:00,1878,1878
2372,19/06/2021 , 13:00:00,2206,2206
2373,19/06/2021 , 13:15:00,2253,2253
2374,19/06/2021 , 13:30:00,2259,2259
2375,19/06/2021 , 13:45:00,2309,2309
2376,19/06/2021 , 14:00:00,2341,2341
2377,19/06/2021 , 14:15:00,2157,2157
2378,19/06/2021 , 14:30:00,2183,2183
2379,19/06/2021 , 14:45:00,1996,1996
2380,19/06/2021 , 15:00:00,1916,1916
2381,19/06/2021 , 15:15:00,1835,1835
2382,19/06/2021 , 15:30:00,1357,1357
2383,19/06/2021 , 15:45:00,1566,1566
2384,19/06/2021 , 16:00:00,1497,1497
2385,19/06/2021 , 16:15:00,1426,1426
2386,19/06/2021 , 16:30:00,1498,1498
2387,19/06/2021 , 16:45:00,1598,1598
2388,19/06/2021 , 17:00:00,1660,1660
2389,19/06/2021 , 17:15:00,1170,1170
2390,19/06/2021 , 17:30:00,987,987
2391,19/06/2021 , 17:45:00,891,891
2392,19/06/2021 , 18:00:00,708,708
2393,19/06/2021 , 18:15:00,527,527
2394,19/06/2021 , 18:30:00,436,436
2395,19/06/2021 , 18:45:00,435,435
2396,19/06/2021 , 19:00:00,345,345
2397,19/06/2021 , 19:15:00,274,274
2398,19/06/2021 , 19:30:00,198,198
2399,19/06/2021 , 19:45:00,156,156
2400,19/06/2021 , 20:00:00,107,107
2401,19/06/2021 , 20:15:00,68,68
2402,19/06/2021 , 20:30:00,50,50
2403,19/06/2021 , 20:45:00,30,30
2404,19/06/2021 , 21:00:00,17,17
2405,19/06/2021 , 21:15:00,8,8
2406,19/06/2021 , 21:30:00,3,3
2407,19/06/2021 , 21:45:00,0,0
2408,19/06/2021 , 22:00:00,0,0
2409,19/06/2021 , 22:15:00,0,0
2410,19/06/2021 , 22:30:00,0,0
2411,19/06/2021 , 22:45:00,0,0
2412,19/06/2021 , 23:00:00,0,0
2413,19/06/2021 , 23:15:00,0,0
2414,19/06/2021 , 23:30:00,0,0
2415,19/06/2021 , 23:45:00,0,0
2416,19/06/2021 , 24:00:00,0,0
2417,20/06/2021 , 00:15:00,0,0
2418,20/06/2021 , 00:30:00,0,0
2419,20/06/2021 , 00:45:00,0,0
2420,20/06/2021 , 01:00:00,0,0
2421,20/06/2021 , 01:15:00,0,0
2422,20/06/2021 , 01:30:00,0,0
2423,20/06/2021 , 01:45:00,0,0
2424,20/06/2021 , 02:00:00,0,0
2425,20/06/2021 , 02:15:00,0,0
2426,20/06/2021 , 02:30:00,0,0
2427,20/06/2021 , 02:45:00,0,0
2428,20/06/2021 , 03:00:00,0,0
2429,20/06/2021 , 03:15:00,0,0
2430,20/06/2021 , 03:30:00,0,0
2431,20/06/2021 , 03:45:00,0,0
2432,20/06/2021 , 04:00:00,0,0
2433,20/06/2021 , 04:15:00,0,0
2434,20/06/2021 , 04:30:00,0,0
2435,20/06/2021 , 04:45:00,0,0
2436,20/06/2021 , 05:00:00,1,1
2437,20/06/2021 , 05:15:00,10,10
2438,20/06/2021 , 05:30:00,28,28
2439,20/06/2021 , 05:45:00,53,53
2440,20/06/2021 , 06:00:00,99,99
2441,20/06/2021 , 06:15:00,162,162
2442,20/06/2021 , 06:30:00,251,251
2443,20/06/2021 , 06:45:00,377,377
2444,20/06/2021 , 07:00:00,540,540
2445,20/06/2021 , 07:15:00,729,729
2446,20/06/2021 , 07:30:00,974,974
2447,20/06/2021 , 07:45:00,1258,1258
2448,20/06/2021 , 08:00:00,1579,1579
2449,20/06/2021 , 08:15:00,1939,1939
2450,20/06/2021 , 08:30:00,2236,2236
2451,20/06/2021 , 08:45:00,2536,2536
2452,20/06/2021 , 09:00:00,2801,2801
2453,20/06/2021 , 09:15:00,3013,3013
2454,20/06/2021 , 09:30:00,3138,3138
2455,20/06/2021 , 09:45:00,3119,3119
2456,20/06/2021 , 10:00:00,3188,3188
2457,20/06/2021 , 10:15:00,3160,3160
2458,20/06/2021 , 10:30:00,3038,3038
2459,20/06/2021 , 10:45:00,2952,2952
2460,20/06/2021 , 11:00:00,2861,2861
2461,20/06/2021 , 11:15:00,2593,2593
2462,20/06/2021 , 11:30:00,2329,2329
2463,20/06/2021 , 11:45:00,2159,2159
2464,20/06/2021 , 12:00:00,1915,1915
2465,20/06/2021 , 12:15:00,1857,1857
2466,20/06/2021 , 12:30:00,1641,1641
2467,20/06/2021 , 12:45:00,1307,1307
2468,20/06/2021 , 13:00:00,1016,1016
2469,20/06/2021 , 13:15:00,884,884
2470,20/06/2021 , 13:30:00,772,772
2471,20/06/2021 , 13:45:00,789,789
2472,20/06/2021 , 14:00:00,972,972
2473,20/06/2021 , 14:15:00,1062,1062
2474,20/06/2021 , 14:30:00,1078,1078
2475,20/06/2021 , 14:45:00,1092,1092
2476,20/06/2021 , 15:00:00,1054,1054
2477,20/06/2021 , 15:15:00,994,994
2478,20/06/2021 , 15:30:00,1017,1017
2479,20/06/2021 , 15:45:00,985,985
2480,20/06/2021 , 16:00:00,978,978
2481,20/06/2021 , 16:15:00,974,974
2482,20/06/2021 , 16:30:00,975,975
2483,20/06/2021 , 16:45:00,918,918
2484,20/06/2021 , 17:00:00,828,828
2485,20/06/2021 , 17:15:00,784,784
2486,20/06/2021 , 17:30:00,730,730
2487,20/06/2021 , 17:45:00,674,674
2488,20/06/2021 , 18:00:00,567,567
2489,20/06/2021 , 18:15:00,502,502
2490,20/06/2021 , 18:30:00,330,330
2491,20/06/2021 , 18:45:00,274,274
2492,20/06/2021 , 19:00:00,284,284
2493,20/06/2021 , 19:15:00,229,229
2494,20/06/2021 , 19:30:00,204,204
2495,20/06/2021 , 19:45:00,208,208
2496,20/06/2021 , 20:00:00,150,150
2497,20/06/2021 , 20:15:00,79,79
2498,20/06/2021 , 20:30:00,64,64
2499,20/06/2021 , 20:45:00,45,45
2500,20/06/2021 , 21:00:00,22,22
2501,20/06/2021 , 21:15:00,7,7
2502,20/06/2021 , 21:30:00,2,2
2503,20/06/2021 , 21:45:00,0,0
2504,20/06/2021 , 22:00:00,0,0
2505,20/06/2021 , 22:15:00,0,0
2506,20/06/2021 , 22:30:00,0,0
2507,20/06/2021 , 22:45:00,0,0
2508,20/06/2021 , 23:00:00,0,0
2509,20/06/2021 , 23:15:00,0,0
2510,20/06/2021 , 23:30:00,0,0
2511,20/06/2021 , 23:45:00,0,0
2512,20/06/2021 , 24:00:00,0,0
2513,21/06/2021 , 00:15:00,0,0
2514,21/06/2021 , 00:30:00,0,0
2515,21/06/2021 , 00:45:00,0,0
2516,21/06/2021 , 01:00:00,0,0
2517,21/06/2021 , 01:15:00,0,0
2518,21/06/2021 , 01:30:00,0,0
2519,21/06/2021 , 01:45:00,0,0
2520,21/06/2021 , 02:00:00,0,0
2521,21/06/2021 , 02:15:00,0,0
2522,21/06/2021 , 02:30:00,0,0
2523,21/06/2021 , 02:45:00,0,0
2524,21/06/2021 , 03:00:00,0,0
2525,21/06/2021 , 03:15:00,0,0
2526,21/06/2021 , 03:30:00,0,0
2527,21/06/2021 , 03:45:00,0,0
2528,21/06/2021 , 04:00:00,0,0
2529,21/06/2021 , 04:15:00,0,0
2530,21/06/2021 , 04:30:00,0,0
2531,21/06/2021 , 04:45:00,0,0
2532,21/06/2021 , 05:00:00,0,0
2533,21/06/2021 , 05:15:00,1,1
2534,21/06/2021 , 05:30:00,5,5
2535,21/06/2021 , 05:45:00,17,17
2536,21/06/2021 , 06:00:00,37,37
2537,21/06/2021 , 06:15:00,86,86
2538,21/06/2021 , 06:30:00,148,148
2539,21/06/2021 , 06:45:00,253,253
2540,21/06/2021 , 07:00:00,387,387
2541,21/06/2021 , 07:15:00,569,569
2542,21/06/2021 , 07:30:00,781,781
2543,21/06/2021 , 07:45:00,647,647
2544,21/06/2021 , 08:00:00,660,660
2545,21/06/2021 , 08:15:00,448,448
2546,21/06/2021 , 08:30:00,293,293
2547,21/06/2021 , 08:45:00,226,226
2548,21/06/2021 , 09:00:00,270,270
2549,21/06/2021 , 09:15:00,305,305
2550,21/06/2021 , 09:30:00,439,439
2551,21/06/2021 , 09:45:00,784,784
2552,21/06/2021 , 10:00:00,3050,3050
2553,21/06/2021 , 10:15:00,2586,2586
2554,21/06/2021 , 10:30:00,2346,2346
2555,21/06/2021 , 10:45:00,5379,5379
2556,21/06/2021 , 11:00:00,4756,4756
2557,21/06/2021 , 11:15:00,4603,4603
2558,21/06/2021 , 11:30:00,4275,4275
2559,21/06/2021 , 11:45:00,3631,3631
2560,21/06/2021 , 12:00:00,2375,2375
2561,21/06/2021 , 12:15:00,998,998
2562,21/06/2021 , 12:30:00,782,782
2563,21/06/2021 , 12:45:00,913,913
2564,21/06/2021 , 13:00:00,768,768
2565,21/06/2021 , 13:15:00,405,405
2566,21/06/2021 , 13:30:00,546,546
2567,21/06/2021 , 13:45:00,900,900
2568,21/06/2021 , 14:00:00,702,702
2569,21/06/2021 , 14:15:00,706,706
2570,21/06/2021 , 14:30:00,862,862
2571,21/06/2021 , 14:45:00,733,733
2572,21/06/2021 , 15:00:00,667,667
2573,21/06/2021 , 15:15:00,648,648
2574,21/06/2021 , 15:30:00,590,590
2575,21/06/2021 , 15:45:00,683,683
2576,21/06/2021 , 16:00:00,867,867
2577,21/06/2021 , 16:15:00,794,794
2578,21/06/2021 , 16:30:00,711,711
2579,21/06/2021 , 16:45:00,629,629
2580,21/06/2021 , 17:00:00,565,565
2581,21/06/2021 , 17:15:00,507,507
2582,21/06/2021 , 17:30:00,464,464
2583,21/06/2021 , 17:45:00,412,412
2584,21/06/2021 , 18:00:00,394,394
2585,21/06/2021 , 18:15:00,365,365
2586,21/06/2021 , 18:30:00,334,334
2587,21/06/2021 , 18:45:00,292,292
2588,21/06/2021 , 19:00:00,262,262
2589,21/06/2021 , 19:15:00,227,227
2590,21/06/2021 , 19:30:00,190,190
2591,21/06/2021 , 19:45:00,151,151
2592,21/06/2021 , 20:00:00,124,124
2593,21/06/2021 , 20:15:00,86,86
2594,21/06/2021 , 20:30:00,60,60
2595,21/06/2021 , 20:45:00,39,39
2596,21/06/2021 , 21:00:00,23,23
2597,21/06/2021 , 21:15:00,11,11
2598,21/06/2021 , 21:30:00,2,2
2599,21/06/2021 , 21:45:00,0,0
2600,21/06/2021 , 22:00:00,0,0
2601,21/06/2021 , 22:15:00,0,0
2602,21/06/2021 , 22:30:00,0,0
2603,21/06/2021 , 22:45:00,0,0
2604,21/06/2021 , 23:00:00,0,0
2605,21/06/2021 , 23:15:00,0,0
2606,21/06/2021 , 23:30:00,0,0
2607,21/06/2021 , 23:45:00,0,0
2608,21/06/2021 , 24:00:00,0,0
2609,22/06/2021 , 00:15:00,0,0
2610,22/06/2021 , 00:30:00,0,0
2611,22/06/2021 , 00:45:00,0,0
2612,22/06/2021 , 01:00:00,0,0
2613,22/06/2021 , 01:15:00,0,0
2614,22/06/2021 , 01:30:00,0,0
2615,22/06/2021 , 01:45:00,0,0
2616,22/06/2021 , 02:00:00,0,0
2617,22/06/2021 , 02:15:00,0,0
2618,22/06/2021 , 02:30:00,0,0
2619,22/06/2021 , 02:45:00,0,0
2620,22/06/2021 , 03:00:00,0,0
2621,22/06/2021 , 03:15:00,0,0
2622,22/06/2021 , 03:30:00,0,0
2623,22/06/2021 , 03:45:00,0,0
2624,22/06/2021 , 04:00:00,0,0
2625,22/06/2021 , 04:15:00,0,0
2626,22/06/2021 , 04:30:00,0,0
2627,22/06/2021 , 04:45:00,0,0
2628,22/06/2021 , 05:00:00,0,0
2629,22/06/2021 , 05:15:00,5,5
2630,22/06/2021 , 05:30:00,15,15
2631,22/06/2021 , 05:45:00,17,17
2632,22/06/2021 , 06:00:00,10,10
2633,22/06/2021 , 06:15:00,17,17
2634,22/06/2021 , 06:30:00,27,27
2635,22/06/2021 , 06:45:00,40,40
2636,22/06/2021 , 07:00:00,57,57
2637,22/06/2021 , 07:15:00,85,85
2638,22/06/2021 , 07:30:00,138,138
2639,22/06/2021 , 07:45:00,295,295
2640,22/06/2021 , 08:00:00,440,440
2641,22/06/2021 , 08:15:00,586,586
2642,22/06/2021 , 08:30:00,233,233
2643,22/06/2021 , 08:45:00,220,220
2644,22/06/2021 , 09:00:00,314,314
2645,22/06/2021 , 09:15:00,1040,1040
2646,22/06/2021 , 09:30:00,1557,1557
2647,22/06/2021 , 09:45:00,1457,1457
2648,22/06/2021 , 10:00:00,1190,1190
2649,22/06/2021 , 10:15:00,1055,1055
2650,22/06/2021 , 10:30:00,947,947
2651,22/06/2021 , 10:45:00,905,905
2652,22/06/2021 , 11:00:00,881,881
2653,22/06/2021 , 11:15:00,864,864
2654,22/06/2021 , 11:30:00,838,838
2655,22/06/2021 , 11:45:00,1455,1455
2656,22/06/2021 , 12:00:00,3787,3787
2657,22/06/2021 , 12:15:00,4128,4128
2658,22/06/2021 , 12:30:00,3301,3301
2659,22/06/2021 , 12:45:00,2623,2623
2660,22/06/2021 , 13:00:00,623,623
2661,22/06/2021 , 13:15:00,576,576
2662,22/06/2021 , 13:30:00,431,431
2663,22/06/2021 , 13:45:00,262,262
2664,22/06/2021 , 14:00:00,416,416
2665,22/06/2021 , 14:15:00,466,466
2666,22/06/2021 , 14:30:00,377,377
2667,22/06/2021 , 14:45:00,370,370
2668,22/06/2021 , 15:00:00,338,338
2669,22/06/2021 , 15:15:00,288,288
2670,22/06/2021 , 15:30:00,252,252
2671,22/06/2021 , 15:45:00,571,571
2672,22/06/2021 , 16:00:00,576,576
2673,22/06/2021 , 16:15:00,415,415
2674,22/06/2021 , 16:30:00,110,110
2675,22/06/2021 , 16:45:00,104,104
2676,22/06/2021 , 17:00:00,41,41
2677,22/06/2021 , 17:15:00,10,10
2678,22/06/2021 , 17:30:00,10,10
2679,22/06/2021 , 17:45:00,16,16
2680,22/06/2021 , 18:00:00,29,29
2681,22/06/2021 , 18:15:00,5,5
2682,22/06/2021 , 18:30:00,5,5
2683,22/06/2021 , 18:45:00,4,4
2684,22/06/2021 , 19:00:00,4,4
2685,22/06/2021 , 19:15:00,4,4
2686,22/06/2021 , 19:30:00,3,3
2687,22/06/2021 , 19:45:00,2,2
2688,22/06/2021 , 20:00:00,0,0
2689,22/06/2021 , 20:15:00,2,2
2690,22/06/2021 , 20:30:00,3,3
2691,22/06/2021 , 20:45:00,5,5
2692,22/06/2021 , 21:00:00,10,10
2693,22/06/2021 , 21:15:00,3,3
2694,22/06/2021 , 21:30:00,2,2
2695,22/06/2021 , 21:45:00,0,0
2696,22/06/2021 , 22:00:00,0,0
2697,22/06/2021 , 22:15:00,0,0
2698,22/06/2021 , 22:30:00,0,0
2699,22/06/2021 , 22:45:00,0,0
2700,22/06/2021 , 23:00:00,0,0
2701,22/06/2021 , 23:15:00,0,0
2702,22/06/2021 , 23:30:00,0,0
2703,22/06/2021 , 23:45:00,0,0
2704,22/06/2021 , 24:00:00,0,0
2705,23/06/2021 , 00:15:00,0,0
2706,23/06/2021 , 00:30:00,0,0
2707,23/06/2021 , 00:45:00,0,0
2708,23/06/2021 , 01:00:00,0,0
2709,23/06/2021 , 01:15:00,0,0
2710,23/06/2021 , 01:30:00,0,0
2711,23/06/2021 , 01:45:00,0,0
2712,23/06/2021 , 02:00:00,0,0
2713,23/06/2021 , 02:15:00,0,0
2714,23/06/2021 , 02:30:00,0,0
2715,23/06/2021 , 02:45:00,0,0
2716,23/06/2021 , 03:00:00,0,0
2717,23/06/2021 , 03:15:00,0,0
2718,23/06/2021 , 03:30:00,0,0
2719,23/06/2021 , 03:45:00,0,0
2720,23/06/2021 , 04:00:00,0,0
2721,23/06/2021 , 04:15:00,0,0
2722,23/06/2021 , 04:30:00,0,0
2723,23/06/2021 , 04:45:00,0,0
2724,23/06/2021 , 05:00:00,0,0
2725,23/06/2021 , 05:15:00,1,1
2726,23/06/2021 , 05:30:00,5,5
2727,23/06/2021 , 05:45:00,13,13
2728,23/06/2021 , 06:00:00,18,18
2729,23/06/2021 , 06:15:00,23,23
2730,23/06/2021 , 06:30:00,30,30
2731,23/06/2021 , 06:45:00,46,46
2732,23/06/2021 , 07:00:00,66,66
2733,23/06/2021 , 07:15:00,75,75
2734,23/06/2021 , 07:30:00,94,94
2735,23/06/2021 , 07:45:00,127,127
2736,23/06/2021 , 08:00:00,222,222
2737,23/06/2021 , 08:15:00,269,269
2738,23/06/2021 , 08:30:00,286,286
2739,23/06/2021 , 08:45:00,166,166
2740,23/06/2021 , 09:00:00,116,116
2741,23/06/2021 , 09:15:00,192,192
2742,23/06/2021 , 09:30:00,269,269
2743,23/06/2021 , 09:45:00,564,564
2744,23/06/2021 , 10:00:00,997,997
2745,23/06/2021 , 10:15:00,1125,1125
2746,23/06/2021 , 10:30:00,1138,1138
2747,23/06/2021 , 10:45:00,1219,1219
2748,23/06/2021 , 11:00:00,1292,1292
2749,23/06/2021 , 11:15:00,1322,1322
2750,23/06/2021 , 11:30:00,1348,1348
2751,23/06/2021 , 11:45:00,1227,1227
2752,23/06/2021 , 12:00:00,1137,1137
2753,23/06/2021 , 12:15:00,1220,1220
2754,23/06/2021 , 12:30:00,1361,1361
2755,23/06/2021 , 12:45:00,1640,1640
2756,23/06/2021 , 13:00:00,880,880
2757,23/06/2021 , 13:15:00,733,733
2758,23/06/2021 , 13:30:00,1299,1299
2759,23/06/2021 , 13:45:00,2078,2078
2760,23/06/2021 , 14:00:00,1639,1639
2761,23/06/2021 , 14:15:00,1788,1788
2762,23/06/2021 , 14:30:00,1787,1787
2763,23/06/2021 , 14:45:00,857,857
2764,23/06/2021 , 15:00:00,370,370
2765,23/06/2021 , 15:15:00,399,399
2766,23/06/2021 , 15:30:00,478,478
2767,23/06/2021 , 15:45:00,1165,1165
2768,23/06/2021 , 16:00:00,1072,1072
2769,23/06/2021 , 16:15:00,908,908
2770,23/06/2021 , 16:30:00,804,804
2771,23/06/2021 , 16:45:00,494,494
2772,23/06/2021 , 17:00:00,152,152
2773,23/06/2021 , 17:15:00,22,22
2774,23/06/2021 , 17:30:00,12,12
2775,23/06/2021 , 17:45:00,9,9
2776,23/06/2021 , 18:00:00,3,3
2777,23/06/2021 , 18:15:00,0,0
2778,23/06/2021 , 18:30:00,1,1
2779,23/06/2021 , 18:45:00,0,0
2780,23/06/2021 , 19:00:00,0,0
2781,23/06/2021 , 19:15:00,0,0
2782,23/06/2021 , 19:30:00,0,0
2783,23/06/2021 , 19:45:00,0,0
2784,23/06/2021 , 20:00:00,2,2
2785,23/06/2021 , 20:15:00,6,6
2786,23/06/2021 , 20:30:00,10,10
2787,23/06/2021 , 20:45:00,8,8
2788,23/06/2021 , 21:00:00,5,5
2789,23/06/2021 , 21:15:00,2,2
2790,23/06/2021 , 21:30:00,0,0
2791,23/06/2021 , 21:45:00,0,0
2792,23/06/2021 , 22:00:00,0,0
2793,23/06/2021 , 22:15:00,0,0
2794,23/06/2021 , 22:30:00,0,0
2795,23/06/2021 , 22:45:00,0,0
2796,23/06/2021 , 23:00:00,0,0
2797,23/06/2021 , 23:15:00,0,0
2798,23/06/2021 , 23:30:00,0,0
2799,23/06/2021 , 23:45:00,0,0
2800,23/06/2021 , 24:00:00,0,0
2801,24/06/2021 , 00:15:00,0,0
2802,24/06/2021 , 00:30:00,0,0
2803,24/06/2021 , 00:45:00,0,0
2804,24/06/2021 , 01:00:00,0,0
2805,24/06/2021 , 01:15:00,0,0
2806,24/06/2021 , 01:30:00,0,0
2807,24/06/2021 , 01:45:00,0,0
2808,24/06/2021 , 02:00:00,0,0
2809,24/06/2021 , 02:15:00,0,0
2810,24/06/2021 , 02:30:00,0,0
2811,24/06/2021 , 02:45:00,0,0
2812,24/06/2021 , 03:00:00,0,0
2813,24/06/2021 , 03:15:00,0,0
2814,24/06/2021 , 03:30:00,0,0
2815,24/06/2021 , 03:45:00,0,0
2816,24/06/2021 , 04:00:00,0,0
2817,24/06/2021 , 04:15:00,0,0
2818,24/06/2021 , 04:30:00,0,0
2819,24/06/2021 , 04:45:00,0,0
2820,24/06/2021 , 05:00:00,0,0
2821,24/06/2021 , 05:15:00,0,0
2822,24/06/2021 , 05:30:00,3,3
2823,24/06/2021 , 05:45:00,9,9
2824,24/06/2021 , 06:00:00,18,18
2825,24/06/2021 , 06:15:00,34,34
2826,24/06/2021 , 06:30:00,50,50
2827,24/06/2021 , 06:45:00,60,60
2828,24/06/2021 , 07:00:00,53,53
2829,24/06/2021 , 07:15:00,90,90
2830,24/06/2021 , 07:30:00,91,91
2831,24/06/2021 , 07:45:00,143,143
2832,24/06/2021 , 08:00:00,136,136
2833,24/06/2021 , 08:15:00,163,163
2834,24/06/2021 , 08:30:00,329,329
2835,24/06/2021 , 08:45:00,340,340
2836,24/06/2021 , 09:00:00,598,598
2837,24/06/2021 , 09:15:00,621,621
2838,24/06/2021 , 09:30:00,645,645
2839,24/06/2021 , 09:45:00,471,471
2840,24/06/2021 , 10:00:00,505,505
2841,24/06/2021 , 10:15:00,1546,1546
2842,24/06/2021 , 10:30:00,1695,1695
2843,24/06/2021 , 10:45:00,1409,1409
2844,24/06/2021 , 11:00:00,1218,1218
2845,24/06/2021 , 11:15:00,1023,1023
2846,24/06/2021 , 11:30:00,792,792
2847,24/06/2021 , 11:45:00,681,681
2848,24/06/2021 , 12:00:00,630,630
2849,24/06/2021 , 12:15:00,5882,5882
2850,24/06/2021 , 12:30:00,3353,3353
2851,24/06/2021 , 12:45:00,3430,3430
2852,24/06/2021 , 13:00:00,12311,12311
2853,24/06/2021 , 13:15:00,3836,3836
2854,24/06/2021 , 13:30:00,20,20
2855,24/06/2021 , 13:45:00,20,20
2856,24/06/2021 , 14:00:00,20,20
2857,24/06/2021 , 14:15:00,20,20
2858,24/06/2021 , 14:30:00,20,20
2859,24/06/2021 , 14:45:00,20,20
2860,24/06/2021 , 15:00:00,19,19
2861,24/06/2021 , 15:15:00,19,19
2862,24/06/2021 , 15:30:00,16,16
2863,24/06/2021 , 15:45:00,14,14
2864,24/06/2021 , 16:00:00,15,15
2865,24/06/2021 , 16:15:00,14,14
2866,24/06/2021 , 16:30:00,15,15
2867,24/06/2021 , 16:45:00,14,14
2868,24/06/2021 , 17:00:00,14,14
2869,24/06/2021 , 17:15:00,14,14
2870,24/06/2021 , 17:30:00,10,10
2871,24/06/2021 , 17:45:00,4,4
2872,24/06/2021 , 18:00:00,4,4
2873,24/06/2021 , 18:15:00,3,3
2874,24/06/2021 , 18:30:00,3,3
2875,24/06/2021 , 18:45:00,3,3
2876,24/06/2021 , 19:00:00,4,4
2877,24/06/2021 , 19:15:00,2,2
2878,24/06/2021 , 19:30:00,1,1
2879,24/06/2021 , 19:45:00,4,4
2880,24/06/2021 , 20:00:00,2,2
2881,24/06/2021 , 20:15:00,1,1
2882,24/06/2021 , 20:30:00,0,0
2883,24/06/2021 , 20:45:00,0,0
2884,24/06/2021 , 21:00:00,0,0
2885,24/06/2021 , 21:15:00,0,0
2886,24/06/2021 , 21:30:00,0,0
2887,24/06/2021 , 21:45:00,0,0
2888,24/06/2021 , 22:00:00,0,0
2889,24/06/2021 , 22:15:00,0,0
2890,24/06/2021 , 22:30:00,0,0
2891,24/06/2021 , 22:45:00,0,0
2892,24/06/2021 , 23:00:00,0,0
2893,24/06/2021 , 23:15:00,0,0
2894,24/06/2021 , 23:30:00,0,0
2895,24/06/2021 , 23:45:00,0,0
2896,24/06/2021 , 24:00:00,0,0
2897,25/06/2021 , 00:15:00,0,0
2898,25/06/2021 , 00:30:00,0,0
2899,25/06/2021 , 00:45:00,0,0
2900,25/06/2021 , 01:00:00,0,0
2901,25/06/2021 , 01:15:00,0,0
2902,25/06/2021 , 01:30:00,0,0
2903,25/06/2021 , 01:45:00,0,0
2904,25/06/2021 , 02:00:00,0,0
2905,25/06/2021 , 02:15:00,0,0
2906,25/06/2021 , 02:30:00,0,0
2907,25/06/2021 , 02:45:00,0,0
2908,25/06/2021 , 03:00:00,0,0
2909,25/06/2021 , 03:15:00,0,0
2910,25/06/2021 , 03:30:00,0,0
2911,25/06/2021 , 03:45:00,0,0
2912,25/06/2021 , 04:00:00,0,0
2913,25/06/2021 , 04:15:00,0,0
2914,25/06/2021 , 04:30:00,0,0
2915,25/06/2021 , 04:45:00,0,0
2916,25/06/2021 , 05:00:00,0,0
2917,25/06/2021 , 05:15:00,0,0
2918,25/06/2021 , 05:30:00,0,0
2919,25/06/2021 , 05:45:00,0,0
2920,25/06/2021 , 06:00:00,0,0
2921,25/06/2021 , 06:15:00,0,0
2922,25/06/2021 , 06:30:00,0,0
2923,25/06/2021 , 06:45:00,0,0
2924,25/06/2021 , 07:00:00,0,0
2925,25/06/2021 , 07:15:00,1,1
2926,25/06/2021 , 07:30:00,3,3
2927,25/06/2021 , 07:45:00,2,2
2928,25/06/2021 , 08:00:00,1,1
2929,25/06/2021 , 08:15:00,2,2
2930,25/06/2021 , 08:30:00,4,4
2931,25/06/2021 , 08:45:00,12,12
2932,25/06/2021 , 09:00:00,12,12
2933,25/06/2021 , 09:15:00,12,12
2934,25/06/2021 , 09:30:00,13,13
2935,25/06/2021 , 09:45:00,13,13
2936,25/06/2021 , 10:00:00,13,13
2937,25/06/2021 , 10:15:00,13,13
2938,25/06/2021 , 10:30:00,14,14
2939,25/06/2021 , 10:45:00,14,14
2940,25/06/2021 , 11:00:00,13,13
2941,25/06/2021 , 11:15:00,15,15
2942,25/06/2021 , 11:30:00,14,14
2943,25/06/2021 , 11:45:00,2728,2728
2944,25/06/2021 , 12:00:00,4367,4367
2945,25/06/2021 , 12:15:00,214,214
2946,25/06/2021 , 12:30:00,195,195
2947,25/06/2021 , 12:45:00,181,181
2948,25/06/2021 , 13:00:00,172,172
2949,25/06/2021 , 13:15:00,163,163
2950,25/06/2021 , 13:30:00,291,291
2951,25/06/2021 , 13:45:00,655,655
2952,25/06/2021 , 14:00:00,1572,1572
2953,25/06/2021 , 14:15:00,1375,1375
2954,25/06/2021 , 14:30:00,333,333
