Site Name ,INTERPRETIVE
Site Number ,1
Logger ,Integrating Light Sensor
Logger Serial Number ,14728


Scan No ,Date and Time,       Integrating Light,        ,
        ,        ,RAW VALUE ,CALIBRATED VALUE,

1,25/05/2021 , 20:15:00,133,133
2,25/05/2021 , 20:30:00,130,130
3,25/05/2021 , 20:45:00,140,140
4,25/05/2021 , 21:00:00,140,140
5,25/05/2021 , 21:15:00,145,145
6,25/05/2021 , 21:30:00,156,156
7,25/05/2021 , 21:45:00,153,153
8,25/05/2021 , 22:00:00,172,172
9,25/05/2021 , 22:15:00,133,133
10,25/05/2021 , 22:30:00,103,103
11,25/05/2021 , 22:45:00,105,105
12,25/05/2021 , 23:00:00,73,73
13,25/05/2021 , 23:15:00,1,1
14,25/05/2021 , 23:30:00,0,0
15,25/05/2021 , 23:45:00,0,0
16,25/05/2021 , 24:00:00,0,0
17,26/05/2021 , 00:15:00,0,0
18,26/05/2021 , 00:30:00,0,0
19,26/05/2021 , 00:45:00,0,0
20,26/05/2021 , 01:00:00,0,0
21,26/05/2021 , 01:15:00,0,0
22,26/05/2021 , 01:30:00,0,0
23,26/05/2021 , 01:45:00,0,0
24,26/05/2021 , 02:00:00,0,0
25,26/05/2021 , 02:15:00,0,0
26,26/05/2021 , 02:30:00,0,0
27,26/05/2021 , 02:45:00,0,0
28,26/05/2021 , 03:00:00,0,0
29,26/05/2021 , 03:15:00,0,0
30,26/05/2021 , 03:30:00,0,0
31,26/05/2021 , 03:45:00,0,0
32,26/05/2021 , 04:00:00,0,0
33,26/05/2021 , 04:15:00,0,0
34,26/05/2021 , 04:30:00,0,0
35,26/05/2021 , 04:45:00,0,0
36,26/05/2021 , 05:00:00,0,0
37,26/05/2021 , 05:15:00,0,0
38,26/05/2021 , 05:30:00,0,0
39,26/05/2021 , 05:45:00,0,0
40,26/05/2021 , 06:00:00,0,0
41,26/05/2021 , 06:15:00,0,0
42,26/05/2021 , 06:30:00,0,0
43,26/05/2021 , 06:45:00,0,0
44,26/05/2021 , 07:00:00,0,0
45,26/05/2021 , 07:15:00,1,1
46,26/05/2021 , 07:30:00,1,1
47,26/05/2021 , 07:45:00,33,33
48,26/05/2021 , 08:00:00,42,42
49,26/05/2021 , 08:15:00,40,40
50,26/05/2021 , 08:30:00,38,38
51,26/05/2021 , 08:45:00,37,37
52,26/05/2021 , 09:00:00,14,14
53,26/05/2021 , 09:15:00,2,2
54,26/05/2021 , 09:30:00,4,4
55,26/05/2021 , 09:45:00,5,5
56,26/05/2021 , 10:00:00,3,3
57,26/05/2021 , 10:15:00,3,3
58,26/05/2021 , 10:30:00,3,3
59,26/05/2021 , 10:45:00,25,25
60,26/05/2021 , 11:00:00,4,4
61,26/05/2021 , 11:15:00,4,4
62,26/05/2021 , 11:30:00,10,10
63,26/05/2021 , 11:45:00,9,9
64,26/05/2021 , 12:00:00,7,7
65,26/05/2021 , 12:15:00,6,6
66,26/05/2021 , 12:30:00,7,7
67,26/05/2021 , 12:45:00,8,8
68,26/05/2021 , 13:00:00,6,6
69,26/05/2021 , 13:15:00,6,6
70,26/05/2021 , 13:30:00,6,6
71,26/05/2021 , 13:45:00,6,6
72,26/05/2021 , 14:00:00,6,6
73,26/05/2021 , 14:15:00,6,6
74,26/05/2021 , 14:30:00,140,140
75,26/05/2021 , 14:45:00,103,103
76,26/05/2021 , 15:00:00,96,96
77,26/05/2021 , 15:15:00,93,93
78,26/05/2021 , 15:30:00,254,254
79,26/05/2021 , 15:45:00,253,253
80,26/05/2021 , 16:00:00,100,100
81,26/05/2021 , 16:15:00,89,89
82,26/05/2021 , 16:30:00,20,20
83,26/05/2021 , 16:45:00,100,100
84,26/05/2021 , 17:00:00,99,99
85,26/05/2021 , 17:15:00,99,99
86,26/05/2021 , 17:30:00,103,103
87,26/05/2021 , 17:45:00,102,102
88,26/05/2021 , 18:00:00,100,100
89,26/05/2021 , 18:15:00,25,25
90,26/05/2021 , 18:30:00,2,2
91,26/05/2021 , 18:45:00,1,1
92,26/05/2021 , 19:00:00,0,0
93,26/05/2021 , 19:15:00,1,1
94,26/05/2021 , 19:30:00,0,0
95,26/05/2021 , 19:45:00,47,47
96,26/05/2021 , 20:00:00,110,110
97,26/05/2021 , 20:15:00,0,0
98,26/05/2021 , 20:30:00,0,0
99,26/05/2021 , 20:45:00,0,0
100,26/05/2021 , 21:00:00,0,0
101,26/05/2021 , 21:15:00,0,0
102,26/05/2021 , 21:30:00,0,0
103,26/05/2021 , 21:45:00,0,0
104,26/05/2021 , 22:00:00,0,0
105,26/05/2021 , 22:15:00,0,0
106,26/05/2021 , 22:30:00,0,0
107,26/05/2021 , 22:45:00,0,0
108,26/05/2021 , 23:00:00,0,0
109,26/05/2021 , 23:15:00,0,0
110,26/05/2021 , 23:30:00,0,0
111,26/05/2021 , 23:45:00,0,0
112,26/05/2021 , 24:00:00,0,0
113,27/05/2021 , 00:15:00,0,0
114,27/05/2021 , 00:30:00,0,0
115,27/05/2021 , 00:45:00,0,0
116,27/05/2021 , 01:00:00,0,0
117,27/05/2021 , 01:15:00,0,0
118,27/05/2021 , 01:30:00,0,0
119,27/05/2021 , 01:45:00,0,0
120,27/05/2021 , 02:00:00,0,0
121,27/05/2021 , 02:15:00,0,0
122,27/05/2021 , 02:30:00,0,0
123,27/05/2021 , 02:45:00,0,0
124,27/05/2021 , 03:00:00,0,0
125,27/05/2021 , 03:15:00,0,0
126,27/05/2021 , 03:30:00,0,0
127,27/05/2021 , 03:45:00,0,0
128,27/05/2021 , 04:00:00,0,0
129,27/05/2021 , 04:15:00,0,0
130,27/05/2021 , 04:30:00,0,0
131,27/05/2021 , 04:45:00,0,0
132,27/05/2021 , 05:00:00,0,0
133,27/05/2021 , 05:15:00,0,0
134,27/05/2021 , 05:30:00,0,0
135,27/05/2021 , 05:45:00,0,0
136,27/05/2021 , 06:00:00,0,0
137,27/05/2021 , 06:15:00,0,0
138,27/05/2021 , 06:30:00,0,0
139,27/05/2021 , 06:45:00,0,0
140,27/05/2021 , 07:00:00,0,0
141,27/05/2021 , 07:15:00,0,0
142,27/05/2021 , 07:30:00,0,0
143,27/05/2021 , 07:45:00,0,0
144,27/05/2021 , 08:00:00,17,17
145,27/05/2021 , 08:15:00,58,58
146,27/05/2021 , 08:30:00,56,56
147,27/05/2021 , 08:45:00,53,53
148,27/05/2021 , 09:00:00,52,52
149,27/05/2021 , 09:15:00,51,51
150,27/05/2021 , 09:30:00,54,54
151,27/05/2021 , 09:45:00,47,47
152,27/05/2021 , 10:00:00,0,0
153,27/05/2021 , 10:15:00,0,0
154,27/05/2021 , 10:30:00,0,0
155,27/05/2021 , 10:45:00,0,0
156,27/05/2021 , 11:00:00,0,0
157,27/05/2021 , 11:15:00,0,0
158,27/05/2021 , 11:30:00,6,6
159,27/05/2021 , 11:45:00,12,12
160,27/05/2021 , 12:00:00,11,11
161,27/05/2021 , 12:15:00,56,56
162,27/05/2021 , 12:30:00,62,62
163,27/05/2021 , 12:45:00,65,65
164,27/05/2021 , 13:00:00,59,59
165,27/05/2021 , 13:15:00,63,63
166,27/05/2021 , 13:30:00,60,60
167,27/05/2021 , 13:45:00,189,189
168,27/05/2021 , 14:00:00,61,61
169,27/05/2021 , 14:15:00,67,67
170,27/05/2021 , 14:30:00,57,57
171,27/05/2021 , 14:45:00,36,36
172,27/05/2021 , 15:00:00,23,23
173,27/05/2021 , 15:15:00,23,23
174,27/05/2021 , 15:30:00,23,23
175,27/05/2021 , 15:45:00,20,20
176,27/05/2021 , 16:00:00,21,21
177,27/05/2021 , 16:15:00,21,21
178,27/05/2021 , 16:30:00,22,22
179,27/05/2021 , 16:45:00,26,26
180,27/05/2021 , 17:00:00,10,10
181,27/05/2021 , 17:15:00,69,69
182,27/05/2021 , 17:30:00,121,121
183,27/05/2021 , 17:45:00,106,106
184,27/05/2021 , 18:00:00,126,126
185,27/05/2021 , 18:15:00,50,50
186,27/05/2021 , 18:30:00,34,34
187,27/05/2021 , 18:45:00,52,52
188,27/05/2021 , 19:00:00,37,37
189,27/05/2021 , 19:15:00,18,18
190,27/05/2021 , 19:30:00,4,4
191,27/05/2021 , 19:45:00,3,3
192,27/05/2021 , 20:00:00,2,2
193,27/05/2021 , 20:15:00,0,0
194,27/05/2021 , 20:30:00,0,0
195,27/05/2021 , 20:45:00,0,0
196,27/05/2021 , 21:00:00,0,0
197,27/05/2021 , 21:15:00,0,0
198,27/05/2021 , 21:30:00,0,0
199,27/05/2021 , 21:45:00,0,0
200,27/05/2021 , 22:00:00,0,0
201,27/05/2021 , 22:15:00,0,0
202,27/05/2021 , 22:30:00,0,0
203,27/05/2021 , 22:45:00,0,0
204,27/05/2021 , 23:00:00,0,0
205,27/05/2021 , 23:15:00,0,0
206,27/05/2021 , 23:30:00,0,0
207,27/05/2021 , 23:45:00,0,0
208,27/05/2021 , 24:00:00,0,0
209,28/05/2021 , 00:15:00,0,0
210,28/05/2021 , 00:30:00,0,0
211,28/05/2021 , 00:45:00,0,0
212,28/05/2021 , 01:00:00,0,0
213,28/05/2021 , 01:15:00,0,0
214,28/05/2021 , 01:30:00,0,0
215,28/05/2021 , 01:45:00,0,0
216,28/05/2021 , 02:00:00,0,0
217,28/05/2021 , 02:15:00,0,0
218,28/05/2021 , 02:30:00,0,0
219,28/05/2021 , 02:45:00,0,0
220,28/05/2021 , 03:00:00,0,0
221,28/05/2021 , 03:15:00,0,0
222,28/05/2021 , 03:30:00,0,0
223,28/05/2021 , 03:45:00,0,0
224,28/05/2021 , 04:00:00,0,0
225,28/05/2021 , 04:15:00,0,0
226,28/05/2021 , 04:30:00,0,0
227,28/05/2021 , 04:45:00,0,0
228,28/05/2021 , 05:00:00,0,0
229,28/05/2021 , 05:15:00,0,0
230,28/05/2021 , 05:30:00,0,0
231,28/05/2021 , 05:45:00,0,0
232,28/05/2021 , 06:00:00,0,0
233,28/05/2021 , 06:15:00,1,1
234,28/05/2021 , 06:30:00,1,1
235,28/05/2021 , 06:45:00,3,3
236,28/05/2021 , 07:00:00,5,5
237,28/05/2021 , 07:15:00,7,7
238,28/05/2021 , 07:30:00,11,11
239,28/05/2021 , 07:45:00,11,11
240,28/05/2021 , 08:00:00,15,15
241,28/05/2021 , 08:15:00,18,18
242,28/05/2021 , 08:30:00,20,20
243,28/05/2021 , 08:45:00,22,22
244,28/05/2021 , 09:00:00,25,25
245,28/05/2021 , 09:15:00,21,21
246,28/05/2021 , 09:30:00,21,21
247,28/05/2021 , 09:45:00,22,22
248,28/05/2021 , 10:00:00,30,30
249,28/05/2021 , 10:15:00,32,32
250,28/05/2021 , 10:30:00,32,32
251,28/05/2021 , 10:45:00,40,40
252,28/05/2021 , 11:00:00,3744,3744
253,28/05/2021 , 11:15:00,5960,5960
254,28/05/2021 , 11:30:00,9620,9620
255,28/05/2021 , 11:45:00,9273,9273
256,28/05/2021 , 12:00:00,7117,7117
257,28/05/2021 , 12:15:00,5454,5454
258,28/05/2021 , 12:30:00,6474,6474
259,28/05/2021 , 12:45:00,8102,8102
260,28/05/2021 , 13:00:00,7933,7933
261,28/05/2021 , 13:15:00,17742,17742
262,28/05/2021 , 13:30:00,42550,42550
263,28/05/2021 , 13:45:00,40741,40741
264,28/05/2021 , 14:00:00,40305,40305
265,28/05/2021 , 14:15:00,35601,35601
266,28/05/2021 , 14:30:00,36345,36345
267,28/05/2021 , 14:45:00,36267,36267
268,28/05/2021 , 15:00:00,35880,35880
269,28/05/2021 , 15:15:00,27995,27995
270,28/05/2021 , 15:30:00,8112,8112
271,28/05/2021 , 15:45:00,5799,5799
272,28/05/2021 , 16:00:00,2724,2724
273,28/05/2021 , 16:15:00,3345,3345
274,28/05/2021 , 16:30:00,4143,4143
275,28/05/2021 , 16:45:00,4639,4639
276,28/05/2021 , 17:00:00,3560,3560
277,28/05/2021 , 17:15:00,1389,1389
278,28/05/2021 , 17:30:00,259,259
279,28/05/2021 , 17:45:00,217,217
280,28/05/2021 , 18:00:00,162,162
281,28/05/2021 , 18:15:00,124,124
282,28/05/2021 , 18:30:00,80,80
283,28/05/2021 , 18:45:00,98,98
284,28/05/2021 , 19:00:00,209,209
285,28/05/2021 , 19:15:00,212,212
286,28/05/2021 , 19:30:00,171,171
287,28/05/2021 , 19:45:00,136,136
288,28/05/2021 , 20:00:00,116,116
289,28/05/2021 , 20:15:00,82,82
290,28/05/2021 , 20:30:00,49,49
291,28/05/2021 , 20:45:00,30,30
292,28/05/2021 , 21:00:00,14,14
293,28/05/2021 , 21:15:00,3,3
294,28/05/2021 , 21:30:00,0,0
295,28/05/2021 , 21:45:00,0,0
296,28/05/2021 , 22:00:00,0,0
297,28/05/2021 , 22:15:00,0,0
298,28/05/2021 , 22:30:00,0,0
299,28/05/2021 , 22:45:00,0,0
300,28/05/2021 , 23:00:00,0,0
301,28/05/2021 , 23:15:00,0,0
302,28/05/2021 , 23:30:00,0,0
303,28/05/2021 , 23:45:00,0,0
304,28/05/2021 , 24:00:00,0,0
305,29/05/2021 , 00:15:00,0,0
306,29/05/2021 , 00:30:00,0,0
307,29/05/2021 , 00:45:00,0,0
308,29/05/2021 , 01:00:00,0,0
309,29/05/2021 , 01:15:00,0,0
310,29/05/2021 , 01:30:00,0,0
311,29/05/2021 , 01:45:00,0,0
312,29/05/2021 , 02:00:00,0,0
313,29/05/2021 , 02:15:00,0,0
314,29/05/2021 , 02:30:00,0,0
315,29/05/2021 , 02:45:00,0,0
316,29/05/2021 , 03:00:00,0,0
317,29/05/2021 , 03:15:00,0,0
318,29/05/2021 , 03:30:00,0,0
319,29/05/2021 , 03:45:00,0,0
320,29/05/2021 , 04:00:00,0,0
321,29/05/2021 , 04:15:00,0,0
322,29/05/2021 , 04:30:00,0,0
323,29/05/2021 , 04:45:00,0,0
324,29/05/2021 , 05:00:00,0,0
325,29/05/2021 , 05:15:00,4,4
326,29/05/2021 , 05:30:00,15,15
327,29/05/2021 , 05:45:00,33,33
328,29/05/2021 , 06:00:00,60,60
329,29/05/2021 , 06:15:00,92,92
330,29/05/2021 , 06:30:00,123,123
331,29/05/2021 , 06:45:00,172,172
332,29/05/2021 , 07:00:00,226,226
333,29/05/2021 , 07:15:00,289,289
334,29/05/2021 , 07:30:00,374,374
335,29/05/2021 , 07:45:00,500,500
336,29/05/2021 , 08:00:00,589,589
337,29/05/2021 , 08:15:00,803,803
338,29/05/2021 , 08:30:00,1015,1015
339,29/05/2021 , 08:45:00,1186,1186
340,29/05/2021 , 09:00:00,1070,1070
341,29/05/2021 , 09:15:00,1746,1746
342,29/05/2021 , 09:30:00,2260,2260
343,29/05/2021 , 09:45:00,2441,2441
344,29/05/2021 , 10:00:00,3163,3163
345,29/05/2021 , 10:15:00,2966,2966
346,29/05/2021 , 10:30:00,3149,3149
347,29/05/2021 , 10:45:00,3713,3713
348,29/05/2021 , 11:00:00,5004,5004
349,29/05/2021 , 11:15:00,6622,6622
350,29/05/2021 , 11:30:00,7322,7322
351,29/05/2021 , 11:45:00,9935,9935
352,29/05/2021 , 12:00:00,13874,13874
353,29/05/2021 , 12:15:00,12572,12572
354,29/05/2021 , 12:30:00,14054,14054
355,29/05/2021 , 12:45:00,18095,18095
356,29/05/2021 , 13:00:00,20746,20746
357,29/05/2021 , 13:15:00,20856,20856
358,29/05/2021 , 13:30:00,31729,31729
359,29/05/2021 , 13:45:00,37178,37178
360,29/05/2021 , 14:00:00,38540,38540
361,29/05/2021 , 14:15:00,38709,38709
362,29/05/2021 , 14:30:00,38191,38191
363,29/05/2021 , 14:45:00,37484,37484
364,29/05/2021 , 15:00:00,36638,36638
365,29/05/2021 , 15:15:00,35646,35646
366,29/05/2021 , 15:30:00,34569,34569
367,29/05/2021 , 15:45:00,33272,33272
368,29/05/2021 , 16:00:00,19470,19470
369,29/05/2021 , 16:15:00,8044,8044
370,29/05/2021 , 16:30:00,4432,4432
371,29/05/2021 , 16:45:00,3013,3013
372,29/05/2021 , 17:00:00,4023,4023
373,29/05/2021 , 17:15:00,4926,4926
374,29/05/2021 , 17:30:00,4410,4410
375,29/05/2021 , 17:45:00,3310,3310
376,29/05/2021 , 18:00:00,2261,2261
377,29/05/2021 , 18:15:00,1947,1947
378,29/05/2021 , 18:30:00,1524,1524
379,29/05/2021 , 18:45:00,1283,1283
380,29/05/2021 , 19:00:00,932,932
381,29/05/2021 , 19:15:00,736,736
382,29/05/2021 , 19:30:00,533,533
383,29/05/2021 , 19:45:00,372,372
384,29/05/2021 , 20:00:00,167,167
385,29/05/2021 , 20:15:00,83,83
386,29/05/2021 , 20:30:00,85,85
387,29/05/2021 , 20:45:00,28,28
388,29/05/2021 , 21:00:00,5,5
389,29/05/2021 , 21:15:00,0,0
390,29/05/2021 , 21:30:00,0,0
391,29/05/2021 , 21:45:00,0,0
392,29/05/2021 , 22:00:00,0,0
393,29/05/2021 , 22:15:00,0,0
394,29/05/2021 , 22:30:00,0,0
395,29/05/2021 , 22:45:00,0,0
396,29/05/2021 , 23:00:00,0,0
397,29/05/2021 , 23:15:00,0,0
398,29/05/2021 , 23:30:00,0,0
399,29/05/2021 , 23:45:00,0,0
400,29/05/2021 , 24:00:00,0,0
401,30/05/2021 , 00:15:00,0,0
402,30/05/2021 , 00:30:00,0,0
403,30/05/2021 , 00:45:00,0,0
404,30/05/2021 , 01:00:00,0,0
405,30/05/2021 , 01:15:00,0,0
406,30/05/2021 , 01:30:00,0,0
407,30/05/2021 , 01:45:00,0,0
408,30/05/2021 , 02:00:00,0,0
409,30/05/2021 , 02:15:00,0,0
410,30/05/2021 , 02:30:00,0,0
411,30/05/2021 , 02:45:00,0,0
412,30/05/2021 , 03:00:00,0,0
413,30/05/2021 , 03:15:00,0,0
414,30/05/2021 , 03:30:00,0,0
415,30/05/2021 , 03:45:00,0,0
416,30/05/2021 , 04:00:00,0,0
417,30/05/2021 , 04:15:00,0,0
418,30/05/2021 , 04:30:00,0,0
419,30/05/2021 , 04:45:00,0,0
420,30/05/2021 , 05:00:00,0,0
421,30/05/2021 , 05:15:00,0,0
422,30/05/2021 , 05:30:00,7,7
423,30/05/2021 , 05:45:00,17,17
424,30/05/2021 , 06:00:00,31,31
425,30/05/2021 , 06:15:00,42,42
426,30/05/2021 , 06:30:00,52,52
427,30/05/2021 , 06:45:00,42,42
428,30/05/2021 , 07:00:00,51,51
429,30/05/2021 , 07:15:00,76,76
430,30/05/2021 , 07:30:00,308,308
431,30/05/2021 , 07:45:00,369,369
432,30/05/2021 , 08:00:00,438,438
433,30/05/2021 , 08:15:00,493,493
434,30/05/2021 , 08:30:00,585,585
435,30/05/2021 , 08:45:00,463,463
436,30/05/2021 , 09:00:00,410,410
437,30/05/2021 , 09:15:00,286,286
438,30/05/2021 , 09:30:00,390,390
439,30/05/2021 , 09:45:00,510,510
440,30/05/2021 , 10:00:00,857,857
441,30/05/2021 , 10:15:00,202,202
442,30/05/2021 , 10:30:00,20,20
443,30/05/2021 , 10:45:00,29,29
444,30/05/2021 , 11:00:00,29,29
445,30/05/2021 , 11:15:00,24,24
446,30/05/2021 , 11:30:00,15,15
447,30/05/2021 , 11:45:00,10,10
448,30/05/2021 , 12:00:00,13,13
449,30/05/2021 , 12:15:00,19,19
450,30/05/2021 , 12:30:00,25,25
451,30/05/2021 , 12:45:00,35,35
452,30/05/2021 , 13:00:00,65,65
453,30/05/2021 , 13:15:00,67,67
454,30/05/2021 , 13:30:00,73,73
455,30/05/2021 , 13:45:00,86,86
456,30/05/2021 , 14:00:00,164,164
457,30/05/2021 , 14:15:00,197,197
458,30/05/2021 , 14:30:00,241,241
459,30/05/2021 , 14:45:00,456,456
460,30/05/2021 , 15:00:00,663,663
461,30/05/2021 , 15:15:00,808,808
462,30/05/2021 , 15:30:00,833,833
463,30/05/2021 , 15:45:00,764,764
464,30/05/2021 , 16:00:00,877,877
465,30/05/2021 , 16:15:00,884,884
466,30/05/2021 , 16:30:00,637,637
467,30/05/2021 , 16:45:00,284,284
468,30/05/2021 , 17:00:00,168,168
469,30/05/2021 , 17:15:00,174,174
470,30/05/2021 , 17:30:00,75,75
471,30/05/2021 , 17:45:00,33,33
472,30/05/2021 , 18:00:00,40,40
473,30/05/2021 , 18:15:00,32,32
474,30/05/2021 , 18:30:00,27,27
475,30/05/2021 , 18:45:00,19,19
476,30/05/2021 , 19:00:00,26,26
477,30/05/2021 , 19:15:00,50,50
478,30/05/2021 , 19:30:00,31,31
479,30/05/2021 , 19:45:00,6,6
480,30/05/2021 , 20:00:00,1,1
481,30/05/2021 , 20:15:00,0,0
482,30/05/2021 , 20:30:00,0,0
483,30/05/2021 , 20:45:00,0,0
484,30/05/2021 , 21:00:00,0,0
485,30/05/2021 , 21:15:00,0,0
486,30/05/2021 , 21:30:00,0,0
487,30/05/2021 , 21:45:00,0,0
488,30/05/2021 , 22:00:00,0,0
489,30/05/2021 , 22:15:00,0,0
490,30/05/2021 , 22:30:00,0,0
491,30/05/2021 , 22:45:00,0,0
492,30/05/2021 , 23:00:00,0,0
493,30/05/2021 , 23:15:00,0,0
494,30/05/2021 , 23:30:00,0,0
495,30/05/2021 , 23:45:00,0,0
496,30/05/2021 , 24:00:00,0,0
497,31/05/2021 , 00:15:00,0,0
498,31/05/2021 , 00:30:00,0,0
499,31/05/2021 , 00:45:00,0,0
500,31/05/2021 , 01:00:00,0,0
501,31/05/2021 , 01:15:00,0,0
502,31/05/2021 , 01:30:00,0,0
503,31/05/2021 , 01:45:00,0,0
504,31/05/2021 , 02:00:00,0,0
505,31/05/2021 , 02:15:00,0,0
506,31/05/2021 , 02:30:00,0,0
507,31/05/2021 , 02:45:00,0,0
508,31/05/2021 , 03:00:00,0,0
509,31/05/2021 , 03:15:00,0,0
510,31/05/2021 , 03:30:00,0,0
511,31/05/2021 , 03:45:00,0,0
512,31/05/2021 , 04:00:00,0,0
513,31/05/2021 , 04:15:00,0,0
514,31/05/2021 , 04:30:00,0,0
515,31/05/2021 , 04:45:00,0,0
516,31/05/2021 , 05:00:00,0,0
517,31/05/2021 , 05:15:00,0,0
518,31/05/2021 , 05:30:00,0,0
519,31/05/2021 , 05:45:00,1,1
520,31/05/2021 , 06:00:00,2,2
521,31/05/2021 , 06:15:00,4,4
522,31/05/2021 , 06:30:00,5,5
523,31/05/2021 , 06:45:00,4,4
524,31/05/2021 , 07:00:00,7,7
525,31/05/2021 , 07:15:00,14,14
526,31/05/2021 , 07:30:00,14,14
527,31/05/2021 , 07:45:00,15,15
528,31/05/2021 , 08:00:00,15,15
529,31/05/2021 , 08:15:00,19,19
530,31/05/2021 , 08:30:00,40,40
531,31/05/2021 , 08:45:00,27,27
532,31/05/2021 , 09:00:00,45,45
533,31/05/2021 , 09:15:00,28,28
534,31/05/2021 , 09:30:00,30,30
535,31/05/2021 , 09:45:00,32,32
536,31/05/2021 , 10:00:00,31,31
537,31/05/2021 , 10:15:00,43,43
538,31/05/2021 , 10:30:00,47,47
539,31/05/2021 , 10:45:00,48,48
540,31/05/2021 , 11:00:00,78,78
541,31/05/2021 , 11:15:00,192,192
542,31/05/2021 , 11:30:00,540,540
543,31/05/2021 , 11:45:00,996,996
544,31/05/2021 , 12:00:00,883,883
545,31/05/2021 , 12:15:00,842,842
546,31/05/2021 , 12:30:00,700,700
547,31/05/2021 , 12:45:00,230,230
548,31/05/2021 , 13:00:00,243,243
549,31/05/2021 , 13:15:00,334,334
550,31/05/2021 , 13:30:00,506,506
551,31/05/2021 , 13:45:00,553,553
552,31/05/2021 , 14:00:00,627,627
553,31/05/2021 , 14:15:00,661,661
554,31/05/2021 , 14:30:00,535,535
555,31/05/2021 , 14:45:00,414,414
556,31/05/2021 , 15:00:00,357,357
557,31/05/2021 , 15:15:00,373,373
558,31/05/2021 , 15:30:00,782,782
559,31/05/2021 , 15:45:00,1216,1216
560,31/05/2021 , 16:00:00,1337,1337
561,31/05/2021 , 16:15:00,1954,1954
562,31/05/2021 , 16:30:00,1444,1444
563,31/05/2021 , 16:45:00,842,842
564,31/05/2021 , 17:00:00,1782,1782
565,31/05/2021 , 17:15:00,710,710
566,31/05/2021 , 17:30:00,226,226
567,31/05/2021 , 17:45:00,151,151
568,31/05/2021 , 18:00:00,587,587
569,31/05/2021 , 18:15:00,407,407
570,31/05/2021 , 18:30:00,121,121
571,31/05/2021 , 18:45:00,156,156
572,31/05/2021 , 19:00:00,38,38
573,31/05/2021 , 19:15:00,46,46
574,31/05/2021 , 19:30:00,60,60
575,31/05/2021 , 19:45:00,14,14
576,31/05/2021 , 20:00:00,8,8
577,31/05/2021 , 20:15:00,4,4
578,31/05/2021 , 20:30:00,3,3
579,31/05/2021 , 20:45:00,1,1
580,31/05/2021 , 21:00:00,0,0
581,31/05/2021 , 21:15:00,0,0
582,31/05/2021 , 21:30:00,0,0
583,31/05/2021 , 21:45:00,0,0
584,31/05/2021 , 22:00:00,0,0
585,31/05/2021 , 22:15:00,0,0
586,31/05/2021 , 22:30:00,0,0
587,31/05/2021 , 22:45:00,0,0
588,31/05/2021 , 23:00:00,0,0
589,31/05/2021 , 23:15:00,0,0
590,31/05/2021 , 23:30:00,0,0
591,31/05/2021 , 23:45:00,0,0
592,31/05/2021 , 24:00:00,0,0
593,01/06/2021 , 00:15:00,0,0
594,01/06/2021 , 00:30:00,0,0
595,01/06/2021 , 00:45:00,0,0
596,01/06/2021 , 01:00:00,0,0
597,01/06/2021 , 01:15:00,0,0
598,01/06/2021 , 01:30:00,0,0
599,01/06/2021 , 01:45:00,0,0
600,01/06/2021 , 02:00:00,0,0
601,01/06/2021 , 02:15:00,0,0
602,01/06/2021 , 02:30:00,0,0
603,01/06/2021 , 02:45:00,0,0
604,01/06/2021 , 03:00:00,0,0
605,01/06/2021 , 03:15:00,0,0
606,01/06/2021 , 03:30:00,0,0
607,01/06/2021 , 03:45:00,0,0
608,01/06/2021 , 04:00:00,0,0
609,01/06/2021 , 04:15:00,0,0
610,01/06/2021 , 04:30:00,0,0
611,01/06/2021 , 04:45:00,0,0
612,01/06/2021 , 05:00:00,0,0
613,01/06/2021 , 05:15:00,4,4
614,01/06/2021 , 05:30:00,16,16
615,01/06/2021 , 05:45:00,34,34
616,01/06/2021 , 06:00:00,57,57
617,01/06/2021 , 06:15:00,84,84
618,01/06/2021 , 06:30:00,118,118
619,01/06/2021 , 06:45:00,177,177
620,01/06/2021 , 07:00:00,219,219
621,01/06/2021 , 07:15:00,295,295
622,01/06/2021 , 07:30:00,350,350
623,01/06/2021 , 07:45:00,419,419
624,01/06/2021 , 08:00:00,505,505
625,01/06/2021 , 08:15:00,592,592
626,01/06/2021 , 08:30:00,699,699
627,01/06/2021 , 08:45:00,737,737
628,01/06/2021 , 09:00:00,834,834
629,01/06/2021 , 09:15:00,979,979
630,01/06/2021 , 09:30:00,1061,1061
631,01/06/2021 , 09:45:00,1173,1173
632,01/06/2021 , 10:00:00,1278,1278
633,01/06/2021 , 10:15:00,1455,1455
634,01/06/2021 , 10:30:00,1834,1834
635,01/06/2021 , 10:45:00,2034,2034
636,01/06/2021 , 11:00:00,2218,2218
637,01/06/2021 , 11:15:00,2426,2426
638,01/06/2021 , 11:30:00,2564,2564
639,01/06/2021 , 11:45:00,2751,2751
640,01/06/2021 , 12:00:00,2786,2786
641,01/06/2021 , 12:15:00,2474,2474
642,01/06/2021 , 12:30:00,2049,2049
643,01/06/2021 , 12:45:00,1242,1242
644,01/06/2021 , 13:00:00,1034,1034
645,01/06/2021 , 13:15:00,1605,1605
646,01/06/2021 , 13:30:00,1839,1839
647,01/06/2021 , 13:45:00,1617,1617
648,01/06/2021 , 14:00:00,2244,2244
649,01/06/2021 , 14:15:00,4628,4628
650,01/06/2021 , 14:30:00,5976,5976
651,01/06/2021 , 14:45:00,5892,5892
652,01/06/2021 , 15:00:00,7130,7130
653,01/06/2021 , 15:15:00,4702,4702
654,01/06/2021 , 15:30:00,1858,1858
655,01/06/2021 , 15:45:00,459,459
656,01/06/2021 , 16:00:00,451,451
657,01/06/2021 , 16:15:00,475,475
658,01/06/2021 , 16:30:00,575,575
659,01/06/2021 , 16:45:00,708,708
660,01/06/2021 , 17:00:00,836,836
661,01/06/2021 , 17:15:00,1070,1070
662,01/06/2021 , 17:30:00,2005,2005
663,01/06/2021 , 17:45:00,1190,1190
664,01/06/2021 , 18:00:00,837,837
665,01/06/2021 , 18:15:00,646,646
666,01/06/2021 , 18:30:00,465,465
667,01/06/2021 , 18:45:00,432,432
668,01/06/2021 , 19:00:00,474,474
669,01/06/2021 , 19:15:00,735,735
670,01/06/2021 , 19:30:00,315,315
671,01/06/2021 , 19:45:00,109,109
672,01/06/2021 , 20:00:00,35,35
673,01/06/2021 , 20:15:00,24,24
674,01/06/2021 , 20:30:00,13,13
675,01/06/2021 , 20:45:00,8,8
676,01/06/2021 , 21:00:00,3,3
677,01/06/2021 , 21:15:00,1,1
678,01/06/2021 , 21:30:00,0,0
679,01/06/2021 , 21:45:00,0,0
680,01/06/2021 , 22:00:00,0,0
681,01/06/2021 , 22:15:00,0,0
682,01/06/2021 , 22:30:00,0,0
683,01/06/2021 , 22:45:00,0,0
684,01/06/2021 , 23:00:00,0,0
685,01/06/2021 , 23:15:00,0,0
686,01/06/2021 , 23:30:00,0,0
687,01/06/2021 , 23:45:00,0,0
688,01/06/2021 , 24:00:00,0,0
689,02/06/2021 , 00:15:00,0,0
690,02/06/2021 , 00:30:00,0,0
691,02/06/2021 , 00:45:00,0,0
692,02/06/2021 , 01:00:00,0,0
693,02/06/2021 , 01:15:00,0,0
694,02/06/2021 , 01:30:00,0,0
695,02/06/2021 , 01:45:00,0,0
696,02/06/2021 , 02:00:00,0,0
697,02/06/2021 , 02:15:00,0,0
698,02/06/2021 , 02:30:00,0,0
699,02/06/2021 , 02:45:00,0,0
700,02/06/2021 , 03:00:00,0,0
701,02/06/2021 , 03:15:00,0,0
702,02/06/2021 , 03:30:00,0,0
703,02/06/2021 , 03:45:00,0,0
704,02/06/2021 , 04:00:00,0,0
705,02/06/2021 , 04:15:00,0,0
706,02/06/2021 , 04:30:00,0,0
707,02/06/2021 , 04:45:00,0,0
708,02/06/2021 , 05:00:00,0,0
709,02/06/2021 , 05:15:00,0,0
710,02/06/2021 , 05:30:00,5,5
711,02/06/2021 , 05:45:00,8,8
712,02/06/2021 , 06:00:00,15,15
713,02/06/2021 , 06:15:00,24,24
714,02/06/2021 , 06:30:00,41,41
715,02/06/2021 , 06:45:00,60,60
716,02/06/2021 , 07:00:00,96,96
717,02/06/2021 , 07:15:00,170,170
718,02/06/2021 , 07:30:00,163,163
719,02/06/2021 , 07:45:00,241,241
720,02/06/2021 , 08:00:00,395,395
721,02/06/2021 , 08:15:00,514,514
722,02/06/2021 , 08:30:00,502,502
723,02/06/2021 , 08:45:00,545,545
724,02/06/2021 , 09:00:00,437,437
725,02/06/2021 , 09:15:00,459,459
726,02/06/2021 , 09:30:00,578,578
727,02/06/2021 , 09:45:00,654,654
728,02/06/2021 , 10:00:00,577,577
729,02/06/2021 , 10:15:00,563,563
730,02/06/2021 , 10:30:00,543,543
731,02/06/2021 , 10:45:00,559,559
732,02/06/2021 , 11:00:00,599,599
733,02/06/2021 , 11:15:00,675,675
734,02/06/2021 , 11:30:00,827,827
735,02/06/2021 , 11:45:00,945,945
736,02/06/2021 , 12:00:00,933,933
737,02/06/2021 , 12:15:00,1028,1028
738,02/06/2021 , 12:30:00,1097,1097
739,02/06/2021 , 12:45:00,1141,1141
740,02/06/2021 , 13:00:00,1115,1115
741,02/06/2021 , 13:15:00,1025,1025
742,02/06/2021 , 13:30:00,1111,1111
743,02/06/2021 , 13:45:00,1111,1111
744,02/06/2021 , 14:00:00,1292,1292
745,02/06/2021 , 14:15:00,1584,1584
746,02/06/2021 , 14:30:00,2364,2364
747,02/06/2021 , 14:45:00,2383,2383
748,02/06/2021 , 15:00:00,2505,2505
749,02/06/2021 , 15:15:00,1903,1903
750,02/06/2021 , 15:30:00,1694,1694
751,02/06/2021 , 15:45:00,1114,1114
752,02/06/2021 , 16:00:00,578,578
753,02/06/2021 , 16:15:00,498,498
754,02/06/2021 , 16:30:00,567,567
755,02/06/2021 , 16:45:00,554,554
756,02/06/2021 , 17:00:00,467,467
757,02/06/2021 , 17:15:00,395,395
758,02/06/2021 , 17:30:00,388,388
759,02/06/2021 , 17:45:00,352,352
760,02/06/2021 , 18:00:00,297,297
761,02/06/2021 , 18:15:00,216,216
762,02/06/2021 , 18:30:00,149,149
763,02/06/2021 , 18:45:00,100,100
764,02/06/2021 , 19:00:00,90,90
765,02/06/2021 , 19:15:00,32,32
766,02/06/2021 , 19:30:00,58,58
767,02/06/2021 , 19:45:00,53,53
768,02/06/2021 , 20:00:00,27,27
769,02/06/2021 , 20:15:00,18,18
770,02/06/2021 , 20:30:00,14,14
771,02/06/2021 , 20:45:00,7,7
772,02/06/2021 , 21:00:00,2,2
773,02/06/2021 , 21:15:00,0,0
774,02/06/2021 , 21:30:00,0,0
775,02/06/2021 , 21:45:00,0,0
776,02/06/2021 , 22:00:00,0,0
777,02/06/2021 , 22:15:00,0,0
778,02/06/2021 , 22:30:00,0,0
779,02/06/2021 , 22:45:00,0,0
780,02/06/2021 , 23:00:00,0,0
781,02/06/2021 , 23:15:00,0,0
782,02/06/2021 , 23:30:00,0,0
783,02/06/2021 , 23:45:00,0,0
784,02/06/2021 , 24:00:00,0,0
785,03/06/2021 , 00:15:00,0,0
786,03/06/2021 , 00:30:00,0,0
787,03/06/2021 , 00:45:00,0,0
788,03/06/2021 , 01:00:00,0,0
789,03/06/2021 , 01:15:00,0,0
790,03/06/2021 , 01:30:00,0,0
791,03/06/2021 , 01:45:00,0,0
792,03/06/2021 , 02:00:00,0,0
793,03/06/2021 , 02:15:00,0,0
794,03/06/2021 , 02:30:00,0,0
795,03/06/2021 , 02:45:00,0,0
796,03/06/2021 , 03:00:00,0,0
797,03/06/2021 , 03:15:00,0,0
798,03/06/2021 , 03:30:00,0,0
799,03/06/2021 , 03:45:00,0,0
800,03/06/2021 , 04:00:00,0,0
801,03/06/2021 , 04:15:00,0,0
802,03/06/2021 , 04:30:00,0,0
803,03/06/2021 , 04:45:00,0,0
804,03/06/2021 , 05:00:00,0,0
805,03/06/2021 , 05:15:00,0,0
806,03/06/2021 , 05:30:00,0,0
807,03/06/2021 , 05:45:00,2,2
808,03/06/2021 , 06:00:00,6,6
809,03/06/2021 , 06:15:00,11,11
810,03/06/2021 , 06:30:00,25,25
811,03/06/2021 , 06:45:00,22,22
812,03/06/2021 , 07:00:00,34,34
813,03/06/2021 , 07:15:00,40,40
814,03/06/2021 , 07:30:00,59,59
815,03/06/2021 , 07:45:00,61,61
816,03/06/2021 , 08:00:00,78,78
817,03/06/2021 , 08:15:00,81,81
818,03/06/2021 , 08:30:00,69,69
819,03/06/2021 , 08:45:00,117,117
820,03/06/2021 , 09:00:00,183,183
821,03/06/2021 , 09:15:00,271,271
822,03/06/2021 , 09:30:00,371,371
823,03/06/2021 , 09:45:00,416,416
824,03/06/2021 , 10:00:00,308,308
825,03/06/2021 , 10:15:00,375,375
826,03/06/2021 , 10:30:00,265,265
827,03/06/2021 , 10:45:00,350,350
828,03/06/2021 , 11:00:00,409,409
829,03/06/2021 , 11:15:00,388,388
830,03/06/2021 , 11:30:00,392,392
831,03/06/2021 , 11:45:00,429,429
832,03/06/2021 , 12:00:00,493,493
833,03/06/2021 , 12:15:00,387,387
834,03/06/2021 , 12:30:00,408,408
835,03/06/2021 , 12:45:00,380,380
836,03/06/2021 , 13:00:00,396,396
837,03/06/2021 , 13:15:00,236,236
838,03/06/2021 , 13:30:00,218,218
839,03/06/2021 , 13:45:00,222,222
840,03/06/2021 , 14:00:00,352,352
841,03/06/2021 , 14:15:00,316,316
842,03/06/2021 , 14:30:00,367,367
843,03/06/2021 , 14:45:00,399,399
844,03/06/2021 , 15:00:00,420,420
845,03/06/2021 , 15:15:00,342,342
846,03/06/2021 , 15:30:00,335,335
847,03/06/2021 , 15:45:00,316,316
848,03/06/2021 , 16:00:00,334,334
849,03/06/2021 , 16:15:00,317,317
850,03/06/2021 , 16:30:00,283,283
851,03/06/2021 , 16:45:00,274,274
852,03/06/2021 , 17:00:00,211,211
853,03/06/2021 , 17:15:00,190,190
854,03/06/2021 , 17:30:00,164,164
855,03/06/2021 , 17:45:00,153,153
856,03/06/2021 , 18:00:00,134,134
857,03/06/2021 , 18:15:00,113,113
858,03/06/2021 , 18:30:00,93,93
859,03/06/2021 , 18:45:00,79,79
860,03/06/2021 , 19:00:00,71,71
861,03/06/2021 , 19:15:00,56,56
862,03/06/2021 , 19:30:00,47,47
863,03/06/2021 , 19:45:00,34,34
864,03/06/2021 , 20:00:00,23,23
865,03/06/2021 , 20:15:00,24,24
866,03/06/2021 , 20:30:00,16,16
867,03/06/2021 , 20:45:00,8,8
868,03/06/2021 , 21:00:00,3,3
869,03/06/2021 , 21:15:00,0,0
870,03/06/2021 , 21:30:00,0,0
871,03/06/2021 , 21:45:00,0,0
872,03/06/2021 , 22:00:00,0,0
873,03/06/2021 , 22:15:00,0,0
874,03/06/2021 , 22:30:00,0,0
875,03/06/2021 , 22:45:00,0,0
876,03/06/2021 , 23:00:00,0,0
877,03/06/2021 , 23:15:00,0,0
878,03/06/2021 , 23:30:00,0,0
879,03/06/2021 , 23:45:00,0,0
880,03/06/2021 , 24:00:00,0,0
881,04/06/2021 , 00:15:00,0,0
882,04/06/2021 , 00:30:00,0,0
883,04/06/2021 , 00:45:00,0,0
884,04/06/2021 , 01:00:00,0,0
885,04/06/2021 , 01:15:00,0,0
886,04/06/2021 , 01:30:00,0,0
887,04/06/2021 , 01:45:00,0,0
888,04/06/2021 , 02:00:00,0,0
889,04/06/2021 , 02:15:00,0,0
890,04/06/2021 , 02:30:00,0,0
891,04/06/2021 , 02:45:00,0,0
892,04/06/2021 , 03:00:00,0,0
893,04/06/2021 , 03:15:00,0,0
894,04/06/2021 , 03:30:00,0,0
895,04/06/2021 , 03:45:00,0,0
896,04/06/2021 , 04:00:00,0,0
897,04/06/2021 , 04:15:00,0,0
898,04/06/2021 , 04:30:00,0,0
899,04/06/2021 , 04:45:00,0,0
900,04/06/2021 , 05:00:00,0,0
901,04/06/2021 , 05:15:00,0,0
902,04/06/2021 , 05:30:00,0,0
903,04/06/2021 , 05:45:00,0,0
904,04/06/2021 , 06:00:00,0,0
905,04/06/2021 , 06:15:00,1,1
906,04/06/2021 , 06:30:00,2,2
907,04/06/2021 , 06:45:00,6,6
908,04/06/2021 , 07:00:00,5,5
909,04/06/2021 , 07:15:00,10,10
910,04/06/2021 , 07:30:00,14,14
911,04/06/2021 , 07:45:00,16,16
912,04/06/2021 , 08:00:00,25,25
913,04/06/2021 , 08:15:00,32,32
914,04/06/2021 , 08:30:00,40,40
915,04/06/2021 , 08:45:00,52,52
916,04/06/2021 , 09:00:00,55,55
917,04/06/2021 , 09:15:00,65,65
918,04/06/2021 , 09:30:00,81,81
919,04/06/2021 , 09:45:00,84,84
920,04/06/2021 , 10:00:00,76,76
921,04/06/2021 , 10:15:00,73,73
922,04/06/2021 , 10:30:00,75,75
923,04/06/2021 , 10:45:00,177,177
924,04/06/2021 , 11:00:00,214,214
925,04/06/2021 , 11:15:00,257,257
926,04/06/2021 , 11:30:00,388,388
927,04/06/2021 , 11:45:00,327,327
928,04/06/2021 , 12:00:00,511,511
929,04/06/2021 , 12:15:00,247,247
930,04/06/2021 , 12:30:00,337,337
931,04/06/2021 , 12:45:00,487,487
932,04/06/2021 , 13:00:00,461,461
933,04/06/2021 , 13:15:00,483,483
934,04/06/2021 , 13:30:00,261,261
935,04/06/2021 , 13:45:00,366,366
936,04/06/2021 , 14:00:00,329,329
937,04/06/2021 , 14:15:00,285,285
938,04/06/2021 , 14:30:00,215,215
939,04/06/2021 , 14:45:00,217,217
940,04/06/2021 , 15:00:00,158,158
941,04/06/2021 , 15:15:00,215,215
942,04/06/2021 , 15:30:00,178,178
943,04/06/2021 , 15:45:00,136,136
944,04/06/2021 , 16:00:00,99,99
945,04/06/2021 , 16:15:00,139,139
946,04/06/2021 , 16:30:00,199,199
947,04/06/2021 , 16:45:00,189,189
948,04/06/2021 , 17:00:00,143,143
949,04/06/2021 , 17:15:00,169,169
950,04/06/2021 , 17:30:00,217,217
951,04/06/2021 , 17:45:00,357,357
952,04/06/2021 , 18:00:00,188,188
953,04/06/2021 , 18:15:00,230,230
954,04/06/2021 , 18:30:00,143,143
955,04/06/2021 , 18:45:00,135,135
956,04/06/2021 , 19:00:00,165,165
957,04/06/2021 , 19:15:00,118,118
958,04/06/2021 , 19:30:00,87,87
959,04/06/2021 , 19:45:00,64,64
960,04/06/2021 , 20:00:00,22,22
961,04/06/2021 , 20:15:00,13,13
962,04/06/2021 , 20:30:00,9,9
963,04/06/2021 , 20:45:00,7,7
964,04/06/2021 , 21:00:00,2,2
965,04/06/2021 , 21:15:00,0,0
966,04/06/2021 , 21:30:00,0,0
967,04/06/2021 , 21:45:00,0,0
968,04/06/2021 , 22:00:00,0,0
969,04/06/2021 , 22:15:00,0,0
970,04/06/2021 , 22:30:00,0,0
971,04/06/2021 , 22:45:00,0,0
972,04/06/2021 , 23:00:00,0,0
973,04/06/2021 , 23:15:00,0,0
974,04/06/2021 , 23:30:00,0,0
975,04/06/2021 , 23:45:00,0,0
976,04/06/2021 , 24:00:00,0,0
977,05/06/2021 , 00:15:00,0,0
978,05/06/2021 , 00:30:00,0,0
979,05/06/2021 , 00:45:00,0,0
980,05/06/2021 , 01:00:00,0,0
981,05/06/2021 , 01:15:00,0,0
982,05/06/2021 , 01:30:00,0,0
983,05/06/2021 , 01:45:00,0,0
984,05/06/2021 , 02:00:00,0,0
985,05/06/2021 , 02:15:00,0,0
986,05/06/2021 , 02:30:00,0,0
987,05/06/2021 , 02:45:00,0,0
988,05/06/2021 , 03:00:00,0,0
989,05/06/2021 , 03:15:00,0,0
990,05/06/2021 , 03:30:00,0,0
991,05/06/2021 , 03:45:00,0,0
992,05/06/2021 , 04:00:00,0,0
993,05/06/2021 , 04:15:00,0,0
994,05/06/2021 , 04:30:00,0,0
995,05/06/2021 , 04:45:00,0,0
996,05/06/2021 , 05:00:00,0,0
997,05/06/2021 , 05:15:00,0,0
998,05/06/2021 , 05:30:00,0,0
999,05/06/2021 , 05:45:00,0,0
1000,05/06/2021 , 06:00:00,3,3
1001,05/06/2021 , 06:15:00,3,3
1002,05/06/2021 , 06:30:00,7,7
1003,05/06/2021 , 06:45:00,11,11
1004,05/06/2021 , 07:00:00,10,10
1005,05/06/2021 , 07:15:00,8,8
1006,05/06/2021 , 07:30:00,20,20
1007,05/06/2021 , 07:45:00,35,35
1008,05/06/2021 , 08:00:00,28,28
1009,05/06/2021 , 08:15:00,40,40
1010,05/06/2021 , 08:30:00,40,40
1011,05/06/2021 , 08:45:00,63,63
1012,05/06/2021 , 09:00:00,154,154
1013,05/06/2021 , 09:15:00,126,126
1014,05/06/2021 , 09:30:00,306,306
1015,05/06/2021 , 09:45:00,657,657
1016,05/06/2021 , 10:00:00,843,843
1017,05/06/2021 , 10:15:00,399,399
1018,05/06/2021 , 10:30:00,527,527
1019,05/06/2021 , 10:45:00,465,465
1020,05/06/2021 , 11:00:00,233,233
1021,05/06/2021 , 11:15:00,333,333
1022,05/06/2021 , 11:30:00,461,461
1023,05/06/2021 , 11:45:00,471,471
1024,05/06/2021 , 12:00:00,364,364
1025,05/06/2021 , 12:15:00,301,301
1026,05/06/2021 , 12:30:00,492,492
1027,05/06/2021 , 12:45:00,347,347
1028,05/06/2021 , 13:00:00,359,359
1029,05/06/2021 , 13:15:00,435,435
1030,05/06/2021 , 13:30:00,574,574
1031,05/06/2021 , 13:45:00,469,469
1032,05/06/2021 , 14:00:00,312,312
1033,05/06/2021 , 14:15:00,219,219
1034,05/06/2021 , 14:30:00,260,260
1035,05/06/2021 , 14:45:00,388,388
1036,05/06/2021 , 15:00:00,323,323
1037,05/06/2021 , 15:15:00,343,343
1038,05/06/2021 , 15:30:00,446,446
1039,05/06/2021 , 15:45:00,577,577
1040,05/06/2021 , 16:00:00,507,507
1041,05/06/2021 , 16:15:00,391,391
1042,05/06/2021 , 16:30:00,181,181
1043,05/06/2021 , 16:45:00,111,111
1044,05/06/2021 , 17:00:00,106,106
1045,05/06/2021 , 17:15:00,86,86
1046,05/06/2021 , 17:30:00,65,65
1047,05/06/2021 , 17:45:00,49,49
1048,05/06/2021 , 18:00:00,22,22
1049,05/06/2021 , 18:15:00,12,12
1050,05/06/2021 , 18:30:00,11,11
1051,05/06/2021 , 18:45:00,6,6
1052,05/06/2021 , 19:00:00,4,4
1053,05/06/2021 , 19:15:00,3,3
1054,05/06/2021 , 19:30:00,5,5
1055,05/06/2021 , 19:45:00,7,7
1056,05/06/2021 , 20:00:00,6,6
1057,05/06/2021 , 20:15:00,4,4
1058,05/06/2021 , 20:30:00,3,3
1059,05/06/2021 , 20:45:00,1,1
1060,05/06/2021 , 21:00:00,0,0
1061,05/06/2021 , 21:15:00,0,0
1062,05/06/2021 , 21:30:00,0,0
1063,05/06/2021 , 21:45:00,0,0
1064,05/06/2021 , 22:00:00,0,0
1065,05/06/2021 , 22:15:00,0,0
1066,05/06/2021 , 22:30:00,0,0
1067,05/06/2021 , 22:45:00,0,0
1068,05/06/2021 , 23:00:00,0,0
1069,05/06/2021 , 23:15:00,0,0
1070,05/06/2021 , 23:30:00,0,0
1071,05/06/2021 , 23:45:00,0,0
1072,05/06/2021 , 24:00:00,0,0
1073,06/06/2021 , 00:15:00,0,0
1074,06/06/2021 , 00:30:00,0,0
1075,06/06/2021 , 00:45:00,0,0
1076,06/06/2021 , 01:00:00,0,0
1077,06/06/2021 , 01:15:00,0,0
1078,06/06/2021 , 01:30:00,0,0
1079,06/06/2021 , 01:45:00,0,0
1080,06/06/2021 , 02:00:00,0,0
1081,06/06/2021 , 02:15:00,0,0
1082,06/06/2021 , 02:30:00,0,0
1083,06/06/2021 , 02:45:00,0,0
1084,06/06/2021 , 03:00:00,0,0
1085,06/06/2021 , 03:15:00,0,0
1086,06/06/2021 , 03:30:00,0,0
1087,06/06/2021 , 03:45:00,0,0
1088,06/06/2021 , 04:00:00,0,0
1089,06/06/2021 , 04:15:00,0,0
1090,06/06/2021 , 04:30:00,0,0
1091,06/06/2021 , 04:45:00,0,0
1092,06/06/2021 , 05:00:00,0,0
1093,06/06/2021 , 05:15:00,0,0
1094,06/06/2021 , 05:30:00,4,4
1095,06/06/2021 , 05:45:00,6,6
1096,06/06/2021 , 06:00:00,7,7
1097,06/06/2021 , 06:15:00,10,10
1098,06/06/2021 , 06:30:00,13,13
1099,06/06/2021 , 06:45:00,20,20
1100,06/06/2021 , 07:00:00,24,24
1101,06/06/2021 , 07:15:00,24,24
1102,06/06/2021 , 07:30:00,25,25
1103,06/06/2021 , 07:45:00,30,30
1104,06/06/2021 , 08:00:00,42,42
1105,06/06/2021 , 08:15:00,47,47
1106,06/06/2021 , 08:30:00,73,73
1107,06/06/2021 , 08:45:00,102,102
1108,06/06/2021 , 09:00:00,144,144
1109,06/06/2021 , 09:15:00,157,157
1110,06/06/2021 , 09:30:00,255,255
1111,06/06/2021 , 09:45:00,258,258
1112,06/06/2021 , 10:00:00,319,319
1113,06/06/2021 , 10:15:00,324,324
1114,06/06/2021 , 10:30:00,389,389
1115,06/06/2021 , 10:45:00,334,334
1116,06/06/2021 , 11:00:00,253,253
1117,06/06/2021 , 11:15:00,299,299
1118,06/06/2021 , 11:30:00,306,306
1119,06/06/2021 , 11:45:00,287,287
1120,06/06/2021 , 12:00:00,361,361
1121,06/06/2021 , 12:15:00,414,414
1122,06/06/2021 , 12:30:00,468,468
1123,06/06/2021 , 12:45:00,488,488
1124,06/06/2021 , 13:00:00,445,445
1125,06/06/2021 , 13:15:00,525,525
1126,06/06/2021 , 13:30:00,436,436
1127,06/06/2021 , 13:45:00,245,245
1128,06/06/2021 , 14:00:00,470,470
1129,06/06/2021 , 14:15:00,452,452
1130,06/06/2021 , 14:30:00,764,764
1131,06/06/2021 , 14:45:00,565,565
1132,06/06/2021 , 15:00:00,516,516
1133,06/06/2021 , 15:15:00,474,474
1134,06/06/2021 , 15:30:00,305,305
1135,06/06/2021 , 15:45:00,218,218
1136,06/06/2021 , 16:00:00,268,268
1137,06/06/2021 , 16:15:00,313,313
1138,06/06/2021 , 16:30:00,323,323
1139,06/06/2021 , 16:45:00,392,392
1140,06/06/2021 , 17:00:00,237,237
1141,06/06/2021 , 17:15:00,229,229
1142,06/06/2021 , 17:30:00,120,120
1143,06/06/2021 , 17:45:00,201,201
1144,06/06/2021 , 18:00:00,378,378
1145,06/06/2021 , 18:15:00,401,401
1146,06/06/2021 , 18:30:00,231,231
1147,06/06/2021 , 18:45:00,85,85
1148,06/06/2021 , 19:00:00,80,80
1149,06/06/2021 , 19:15:00,60,60
1150,06/06/2021 , 19:30:00,94,94
1151,06/06/2021 , 19:45:00,85,85
1152,06/06/2021 , 20:00:00,32,32
1153,06/06/2021 , 20:15:00,10,10
1154,06/06/2021 , 20:30:00,16,16
1155,06/06/2021 , 20:45:00,18,18
1156,06/06/2021 , 21:00:00,9,9
1157,06/06/2021 , 21:15:00,2,2
1158,06/06/2021 , 21:30:00,0,0
1159,06/06/2021 , 21:45:00,0,0
1160,06/06/2021 , 22:00:00,0,0
1161,06/06/2021 , 22:15:00,0,0
1162,06/06/2021 , 22:30:00,0,0
1163,06/06/2021 , 22:45:00,0,0
1164,06/06/2021 , 23:00:00,0,0
1165,06/06/2021 , 23:15:00,0,0
1166,06/06/2021 , 23:30:00,0,0
1167,06/06/2021 , 23:45:00,0,0
1168,06/06/2021 , 24:00:00,0,0
1169,07/06/2021 , 00:15:00,0,0
1170,07/06/2021 , 00:30:00,0,0
1171,07/06/2021 , 00:45:00,0,0
1172,07/06/2021 , 01:00:00,0,0
1173,07/06/2021 , 01:15:00,0,0
1174,07/06/2021 , 01:30:00,0,0
1175,07/06/2021 , 01:45:00,0,0
1176,07/06/2021 , 02:00:00,0,0
1177,07/06/2021 , 02:15:00,0,0
1178,07/06/2021 , 02:30:00,0,0
1179,07/06/2021 , 02:45:00,0,0
1180,07/06/2021 , 03:00:00,0,0
1181,07/06/2021 , 03:15:00,0,0
1182,07/06/2021 , 03:30:00,0,0
1183,07/06/2021 , 03:45:00,0,0
1184,07/06/2021 , 04:00:00,0,0
1185,07/06/2021 , 04:15:00,0,0
1186,07/06/2021 , 04:30:00,0,0
1187,07/06/2021 , 04:45:00,0,0
1188,07/06/2021 , 05:00:00,0,0
1189,07/06/2021 , 05:15:00,1,1
1190,07/06/2021 , 05:30:00,9,9
1191,07/06/2021 , 05:45:00,23,23
1192,07/06/2021 , 06:00:00,34,34
1193,07/06/2021 , 06:15:00,43,43
1194,07/06/2021 , 06:30:00,61,61
1195,07/06/2021 , 06:45:00,77,77
1196,07/06/2021 , 07:00:00,81,81
1197,07/06/2021 , 07:15:00,124,124
1198,07/06/2021 , 07:30:00,144,144
1199,07/06/2021 , 07:45:00,261,261
1200,07/06/2021 , 08:00:00,403,403
1201,07/06/2021 , 08:15:00,355,355
1202,07/06/2021 , 08:30:00,259,259
1203,07/06/2021 , 08:45:00,263,263
1204,07/06/2021 , 09:00:00,192,192
1205,07/06/2021 , 09:15:00,313,313
1206,07/06/2021 , 09:30:00,378,378
1207,07/06/2021 , 09:45:00,808,808
1208,07/06/2021 , 10:00:00,1038,1038
1209,07/06/2021 , 10:15:00,628,628
1210,07/06/2021 , 10:30:00,620,620
1211,07/06/2021 , 10:45:00,514,514
1212,07/06/2021 , 11:00:00,651,651
1213,07/06/2021 , 11:15:00,423,423
1214,07/06/2021 , 11:30:00,660,660
1215,07/06/2021 , 11:45:00,792,792
1216,07/06/2021 , 12:00:00,1299,1299
1217,07/06/2021 , 12:15:00,1615,1615
1218,07/06/2021 , 12:30:00,2765,2765
1219,07/06/2021 , 12:45:00,1307,1307
1220,07/06/2021 , 13:00:00,1332,1332
1221,07/06/2021 , 13:15:00,2816,2816
1222,07/06/2021 , 13:30:00,3763,3763
1223,07/06/2021 , 13:45:00,1376,1376
1224,07/06/2021 , 14:00:00,1454,1454
1225,07/06/2021 , 14:15:00,1764,1764
1226,07/06/2021 , 14:30:00,2518,2518
1227,07/06/2021 , 14:45:00,2111,2111
1228,07/06/2021 , 15:00:00,1605,1605
1229,07/06/2021 , 15:15:00,1917,1917
1230,07/06/2021 , 15:30:00,488,488
1231,07/06/2021 , 15:45:00,449,449
1232,07/06/2021 , 16:00:00,1390,1390
1233,07/06/2021 , 16:15:00,1319,1319
1234,07/06/2021 , 16:30:00,1222,1222
1235,07/06/2021 , 16:45:00,1121,1121
1236,07/06/2021 , 17:00:00,912,912
1237,07/06/2021 , 17:15:00,853,853
1238,07/06/2021 , 17:30:00,761,761
1239,07/06/2021 , 17:45:00,648,648
1240,07/06/2021 , 18:00:00,508,508
1241,07/06/2021 , 18:15:00,536,536
1242,07/06/2021 , 18:30:00,477,477
1243,07/06/2021 , 18:45:00,399,399
1244,07/06/2021 , 19:00:00,357,357
1245,07/06/2021 , 19:15:00,295,295
1246,07/06/2021 , 19:30:00,244,244
1247,07/06/2021 , 19:45:00,188,188
1248,07/06/2021 , 20:00:00,131,131
1249,07/06/2021 , 20:15:00,102,102
1250,07/06/2021 , 20:30:00,65,65
1251,07/06/2021 , 20:45:00,40,40
1252,07/06/2021 , 21:00:00,19,19
1253,07/06/2021 , 21:15:00,6,6
1254,07/06/2021 , 21:30:00,1,1
1255,07/06/2021 , 21:45:00,0,0
1256,07/06/2021 , 22:00:00,0,0
1257,07/06/2021 , 22:15:00,0,0
1258,07/06/2021 , 22:30:00,0,0
1259,07/06/2021 , 22:45:00,0,0
1260,07/06/2021 , 23:00:00,0,0
1261,07/06/2021 , 23:15:00,0,0
1262,07/06/2021 , 23:30:00,0,0
1263,07/06/2021 , 23:45:00,0,0
1264,07/06/2021 , 24:00:00,0,0
1265,08/06/2021 , 00:15:00,0,0
1266,08/06/2021 , 00:30:00,0,0
1267,08/06/2021 , 00:45:00,0,0
1268,08/06/2021 , 01:00:00,0,0
1269,08/06/2021 , 01:15:00,0,0
1270,08/06/2021 , 01:30:00,0,0
1271,08/06/2021 , 01:45:00,0,0
1272,08/06/2021 , 02:00:00,0,0
1273,08/06/2021 , 02:15:00,0,0
1274,08/06/2021 , 02:30:00,0,0
1275,08/06/2021 , 02:45:00,0,0
1276,08/06/2021 , 03:00:00,0,0
1277,08/06/2021 , 03:15:00,0,0
1278,08/06/2021 , 03:30:00,0,0
1279,08/06/2021 , 03:45:00,0,0
1280,08/06/2021 , 04:00:00,0,0
1281,08/06/2021 , 04:15:00,0,0
1282,08/06/2021 , 04:30:00,0,0
1283,08/06/2021 , 04:45:00,0,0
1284,08/06/2021 , 05:00:00,0,0
1285,08/06/2021 , 05:15:00,3,3
1286,08/06/2021 , 05:30:00,10,10
1287,08/06/2021 , 05:45:00,23,23
1288,08/06/2021 , 06:00:00,43,43
1289,08/06/2021 , 06:15:00,55,55
1290,08/06/2021 , 06:30:00,75,75
1291,08/06/2021 , 06:45:00,104,104
1292,08/06/2021 , 07:00:00,88,88
1293,08/06/2021 , 07:15:00,93,93
1294,08/06/2021 , 07:30:00,126,126
1295,08/06/2021 , 07:45:00,170,170
1296,08/06/2021 , 08:00:00,170,170
1297,08/06/2021 , 08:15:00,163,163
1298,08/06/2021 , 08:30:00,135,135
1299,08/06/2021 , 08:45:00,258,258
1300,08/06/2021 , 09:00:00,372,372
1301,08/06/2021 , 09:15:00,402,402
1302,08/06/2021 , 09:30:00,469,469
1303,08/06/2021 , 09:45:00,488,488
1304,08/06/2021 , 10:00:00,498,498
1305,08/06/2021 , 10:15:00,519,519
1306,08/06/2021 , 10:30:00,1369,1369
1307,08/06/2021 , 10:45:00,3617,3617
1308,08/06/2021 , 11:00:00,3311,3311
1309,08/06/2021 , 11:15:00,5217,5217
1310,08/06/2021 , 11:30:00,5691,5691
1311,08/06/2021 , 11:45:00,5457,5457
1312,08/06/2021 , 12:00:00,2457,2457
1313,08/06/2021 , 12:15:00,766,766
1314,08/06/2021 , 12:30:00,785,785
1315,08/06/2021 , 12:45:00,1150,1150
1316,08/06/2021 , 13:00:00,4060,4060
1317,08/06/2021 , 13:15:00,2653,2653
1318,08/06/2021 , 13:30:00,1376,1376
1319,08/06/2021 , 13:45:00,1877,1877
1320,08/06/2021 , 14:00:00,1630,1630
1321,08/06/2021 , 14:15:00,1436,1436
1322,08/06/2021 , 14:30:00,1861,1861
1323,08/06/2021 , 14:45:00,1780,1780
1324,08/06/2021 , 15:00:00,1639,1639
1325,08/06/2021 , 15:15:00,1447,1447
1326,08/06/2021 , 15:30:00,1370,1370
1327,08/06/2021 , 15:45:00,1362,1362
1328,08/06/2021 , 16:00:00,1101,1101
1329,08/06/2021 , 16:15:00,996,996
1330,08/06/2021 , 16:30:00,799,799
1331,08/06/2021 , 16:45:00,754,754
1332,08/06/2021 , 17:00:00,658,658
1333,08/06/2021 , 17:15:00,566,566
1334,08/06/2021 , 17:30:00,464,464
1335,08/06/2021 , 17:45:00,408,408
1336,08/06/2021 , 18:00:00,360,360
1337,08/06/2021 , 18:15:00,267,267
1338,08/06/2021 , 18:30:00,315,315
1339,08/06/2021 , 18:45:00,287,287
1340,08/06/2021 , 19:00:00,245,245
1341,08/06/2021 , 19:15:00,204,204
1342,08/06/2021 , 19:30:00,160,160
1343,08/06/2021 , 19:45:00,132,132
1344,08/06/2021 , 20:00:00,112,112
1345,08/06/2021 , 20:15:00,76,76
1346,08/06/2021 , 20:30:00,44,44
1347,08/06/2021 , 20:45:00,26,26
1348,08/06/2021 , 21:00:00,14,14
1349,08/06/2021 , 21:15:00,5,5
1350,08/06/2021 , 21:30:00,1,1
1351,08/06/2021 , 21:45:00,0,0
1352,08/06/2021 , 22:00:00,0,0
1353,08/06/2021 , 22:15:00,0,0
1354,08/06/2021 , 22:30:00,0,0
1355,08/06/2021 , 22:45:00,0,0
1356,08/06/2021 , 23:00:00,0,0
1357,08/06/2021 , 23:15:00,0,0
1358,08/06/2021 , 23:30:00,0,0
1359,08/06/2021 , 23:45:00,0,0
1360,08/06/2021 , 24:00:00,0,0
1361,09/06/2021 , 00:15:00,0,0
1362,09/06/2021 , 00:30:00,0,0
1363,09/06/2021 , 00:45:00,0,0
1364,09/06/2021 , 01:00:00,0,0
1365,09/06/2021 , 01:15:00,0,0
1366,09/06/2021 , 01:30:00,0,0
1367,09/06/2021 , 01:45:00,0,0
1368,09/06/2021 , 02:00:00,0,0
1369,09/06/2021 , 02:15:00,0,0
1370,09/06/2021 , 02:30:00,0,0
1371,09/06/2021 , 02:45:00,0,0
1372,09/06/2021 , 03:00:00,0,0
1373,09/06/2021 , 03:15:00,0,0
1374,09/06/2021 , 03:30:00,0,0
1375,09/06/2021 , 03:45:00,0,0
1376,09/06/2021 , 04:00:00,0,0
1377,09/06/2021 , 04:15:00,0,0
1378,09/06/2021 , 04:30:00,0,0
1379,09/06/2021 , 04:45:00,0,0
1380,09/06/2021 , 05:00:00,0,0
1381,09/06/2021 , 05:15:00,2,2
1382,09/06/2021 , 05:30:00,11,11
1383,09/06/2021 , 05:45:00,24,24
1384,09/06/2021 , 06:00:00,47,47
1385,09/06/2021 , 06:15:00,75,75
1386,09/06/2021 , 06:30:00,106,106
1387,09/06/2021 , 06:45:00,138,138
1388,09/06/2021 , 07:00:00,215,215
1389,09/06/2021 , 07:15:00,264,264
1390,09/06/2021 , 07:30:00,294,294
1391,09/06/2021 , 07:45:00,324,324
1392,09/06/2021 , 08:00:00,283,283
1393,09/06/2021 , 08:15:00,456,456
1394,09/06/2021 , 08:30:00,526,526
1395,09/06/2021 , 08:45:00,646,646
1396,09/06/2021 , 09:00:00,664,664
1397,09/06/2021 , 09:15:00,391,391
1398,09/06/2021 , 09:30:00,787,787
1399,09/06/2021 , 09:45:00,2304,2304
1400,09/06/2021 , 10:00:00,3373,3373
1401,09/06/2021 , 10:15:00,1047,1047
1402,09/06/2021 , 10:30:00,1469,1469
1403,09/06/2021 , 10:45:00,3358,3358
1404,09/06/2021 , 11:00:00,4642,4642
1405,09/06/2021 , 11:15:00,2887,2887
1406,09/06/2021 , 11:30:00,7691,7691
1407,09/06/2021 , 11:45:00,5853,5853
1408,09/06/2021 , 12:00:00,8096,8096
1409,09/06/2021 , 12:15:00,5998,5998
1410,09/06/2021 , 12:30:00,5575,5575
1411,09/06/2021 , 12:45:00,3038,3038
1412,09/06/2021 , 13:00:00,2252,2252
1413,09/06/2021 , 13:15:00,4435,4435
1414,09/06/2021 , 13:30:00,5220,5220
1415,09/06/2021 , 13:45:00,5969,5969
1416,09/06/2021 , 14:00:00,5811,5811
1417,09/06/2021 , 14:15:00,2915,2915
1418,09/06/2021 , 14:30:00,4556,4556
1419,09/06/2021 , 14:45:00,4127,4127
1420,09/06/2021 , 15:00:00,2054,2054
1421,09/06/2021 , 15:15:00,1548,1548
1422,09/06/2021 , 15:30:00,1376,1376
1423,09/06/2021 , 15:45:00,1190,1190
1424,09/06/2021 , 16:00:00,1714,1714
1425,09/06/2021 , 16:15:00,1319,1319
1426,09/06/2021 , 16:30:00,1177,1177
1427,09/06/2021 , 16:45:00,892,892
1428,09/06/2021 , 17:00:00,703,703
1429,09/06/2021 , 17:15:00,685,685
1430,09/06/2021 , 17:30:00,656,656
1431,09/06/2021 , 17:45:00,642,642
1432,09/06/2021 , 18:00:00,470,470
1433,09/06/2021 , 18:15:00,396,396
1434,09/06/2021 , 18:30:00,297,297
1435,09/06/2021 , 18:45:00,193,193
1436,09/06/2021 , 19:00:00,147,147
1437,09/06/2021 , 19:15:00,171,171
1438,09/06/2021 , 19:30:00,139,139
1439,09/06/2021 , 19:45:00,127,127
1440,09/06/2021 , 20:00:00,98,98
1441,09/06/2021 , 20:15:00,78,78
1442,09/06/2021 , 20:30:00,46,46
1443,09/06/2021 , 20:45:00,29,29
1444,09/06/2021 , 21:00:00,15,15
1445,09/06/2021 , 21:15:00,4,4
1446,09/06/2021 , 21:30:00,0,0
1447,09/06/2021 , 21:45:00,0,0
1448,09/06/2021 , 22:00:00,0,0
1449,09/06/2021 , 22:15:00,0,0
1450,09/06/2021 , 22:30:00,0,0
1451,09/06/2021 , 22:45:00,0,0
1452,09/06/2021 , 23:00:00,0,0
1453,09/06/2021 , 23:15:00,0,0
1454,09/06/2021 , 23:30:00,0,0
1455,09/06/2021 , 23:45:00,0,0
1456,09/06/2021 , 24:00:00,0,0
1457,10/06/2021 , 00:15:00,0,0
1458,10/06/2021 , 00:30:00,0,0
1459,10/06/2021 , 00:45:00,0,0
1460,10/06/2021 , 01:00:00,0,0
1461,10/06/2021 , 01:15:00,0,0
1462,10/06/2021 , 01:30:00,0,0
1463,10/06/2021 , 01:45:00,0,0
1464,10/06/2021 , 02:00:00,0,0
1465,10/06/2021 , 02:15:00,0,0
1466,10/06/2021 , 02:30:00,0,0
1467,10/06/2021 , 02:45:00,0,0
1468,10/06/2021 , 03:00:00,0,0
1469,10/06/2021 , 03:15:00,0,0
1470,10/06/2021 , 03:30:00,0,0
1471,10/06/2021 , 03:45:00,0,0
1472,10/06/2021 , 04:00:00,0,0
1473,10/06/2021 , 04:15:00,0,0
1474,10/06/2021 , 04:30:00,0,0
1475,10/06/2021 , 04:45:00,0,0
1476,10/06/2021 , 05:00:00,0,0
1477,10/06/2021 , 05:15:00,2,2
1478,10/06/2021 , 05:30:00,8,8
1479,10/06/2021 , 05:45:00,18,18
1480,10/06/2021 , 06:00:00,29,29
1481,10/06/2021 , 06:15:00,44,44
1482,10/06/2021 , 06:30:00,81,81
1483,10/06/2021 , 06:45:00,111,111
1484,10/06/2021 , 07:00:00,88,88
1485,10/06/2021 , 07:15:00,108,108
1486,10/06/2021 , 07:30:00,186,186
1487,10/06/2021 , 07:45:00,212,212
1488,10/06/2021 , 08:00:00,248,248
1489,10/06/2021 , 08:15:00,325,325
1490,10/06/2021 , 08:30:00,445,445
1491,10/06/2021 , 08:45:00,507,507
1492,10/06/2021 , 09:00:00,645,645
1493,10/06/2021 , 09:15:00,651,651
1494,10/06/2021 , 09:30:00,710,710
1495,10/06/2021 , 09:45:00,530,530
1496,10/06/2021 , 10:00:00,331,331
1497,10/06/2021 , 10:15:00,249,249
1498,10/06/2021 , 10:30:00,555,555
1499,10/06/2021 , 10:45:00,665,665
1500,10/06/2021 , 11:00:00,1607,1607
1501,10/06/2021 , 11:15:00,1936,1936
1502,10/06/2021 , 11:30:00,3502,3502
1503,10/06/2021 , 11:45:00,1747,1747
1504,10/06/2021 , 12:00:00,9643,9643
1505,10/06/2021 , 12:15:00,6823,6823
1506,10/06/2021 , 12:30:00,10737,10737
1507,10/06/2021 , 12:45:00,13952,13952
1508,10/06/2021 , 13:00:00,10314,10314
1509,10/06/2021 , 13:15:00,10582,10582
1510,10/06/2021 , 13:30:00,2278,2278
1511,10/06/2021 , 13:45:00,2573,2573
1512,10/06/2021 , 14:00:00,2495,2495
1513,10/06/2021 , 14:15:00,2481,2481
1514,10/06/2021 , 14:30:00,3308,3308
1515,10/06/2021 , 14:45:00,5175,5175
1516,10/06/2021 , 15:00:00,5652,5652
1517,10/06/2021 , 15:15:00,4258,4258
1518,10/06/2021 , 15:30:00,4334,4334
1519,10/06/2021 , 15:45:00,2876,2876
1520,10/06/2021 , 16:00:00,3476,3476
1521,10/06/2021 , 16:15:00,3333,3333
1522,10/06/2021 , 16:30:00,2688,2688
1523,10/06/2021 , 16:45:00,2000,2000
1524,10/06/2021 , 17:00:00,1752,1752
1525,10/06/2021 , 17:15:00,1256,1256
1526,10/06/2021 , 17:30:00,613,613
1527,10/06/2021 , 17:45:00,482,482
1528,10/06/2021 , 18:00:00,426,426
1529,10/06/2021 , 18:15:00,505,505
1530,10/06/2021 , 18:30:00,337,337
1531,10/06/2021 , 18:45:00,544,544
1532,10/06/2021 , 19:00:00,532,532
1533,10/06/2021 , 19:15:00,349,349
1534,10/06/2021 , 19:30:00,250,250
1535,10/06/2021 , 19:45:00,198,198
1536,10/06/2021 , 20:00:00,163,163
1537,10/06/2021 , 20:15:00,100,100
1538,10/06/2021 , 20:30:00,63,63
1539,10/06/2021 , 20:45:00,29,29
1540,10/06/2021 , 21:00:00,12,12
1541,10/06/2021 , 21:15:00,6,6
1542,10/06/2021 , 21:30:00,1,1
1543,10/06/2021 , 21:45:00,0,0
1544,10/06/2021 , 22:00:00,0,0
1545,10/06/2021 , 22:15:00,0,0
1546,10/06/2021 , 22:30:00,0,0
1547,10/06/2021 , 22:45:00,0,0
1548,10/06/2021 , 23:00:00,0,0
1549,10/06/2021 , 23:15:00,0,0
1550,10/06/2021 , 23:30:00,0,0
1551,10/06/2021 , 23:45:00,0,0
1552,10/06/2021 , 24:00:00,0,0
1553,11/06/2021 , 00:15:00,0,0
1554,11/06/2021 , 00:30:00,0,0
1555,11/06/2021 , 00:45:00,0,0
1556,11/06/2021 , 01:00:00,0,0
1557,11/06/2021 , 01:15:00,0,0
1558,11/06/2021 , 01:30:00,0,0
1559,11/06/2021 , 01:45:00,0,0
1560,11/06/2021 , 02:00:00,0,0
1561,11/06/2021 , 02:15:00,0,0
1562,11/06/2021 , 02:30:00,0,0
1563,11/06/2021 , 02:45:00,0,0
1564,11/06/2021 , 03:00:00,0,0
1565,11/06/2021 , 03:15:00,0,0
1566,11/06/2021 , 03:30:00,0,0
1567,11/06/2021 , 03:45:00,0,0
1568,11/06/2021 , 04:00:00,0,0
1569,11/06/2021 , 04:15:00,0,0
1570,11/06/2021 , 04:30:00,0,0
1571,11/06/2021 , 04:45:00,0,0
1572,11/06/2021 , 05:00:00,0,0
1573,11/06/2021 , 05:15:00,2,2
1574,11/06/2021 , 05:30:00,6,6
1575,11/06/2021 , 05:45:00,13,13
1576,11/06/2021 , 06:00:00,45,45
1577,11/06/2021 , 06:15:00,77,77
1578,11/06/2021 , 06:30:00,92,92
1579,11/06/2021 , 06:45:00,131,131
1580,11/06/2021 , 07:00:00,193,193
1581,11/06/2021 , 07:15:00,218,218
1582,11/06/2021 , 07:30:00,291,291
1583,11/06/2021 , 07:45:00,385,385
1584,11/06/2021 , 08:00:00,489,489
1585,11/06/2021 , 08:15:00,495,495
1586,11/06/2021 , 08:30:00,492,492
1587,11/06/2021 , 08:45:00,893,893
1588,11/06/2021 , 09:00:00,1462,1462
1589,11/06/2021 , 09:15:00,1281,1281
1590,11/06/2021 , 09:30:00,1599,1599
1591,11/06/2021 , 09:45:00,2005,2005
1592,11/06/2021 , 10:00:00,1423,1423
1593,11/06/2021 , 10:15:00,1394,1394
1594,11/06/2021 , 10:30:00,2003,2003
1595,11/06/2021 , 10:45:00,4557,4557
1596,11/06/2021 , 11:00:00,3607,3607
1597,11/06/2021 , 11:15:00,2050,2050
1598,11/06/2021 , 11:30:00,1835,1835
1599,11/06/2021 , 11:45:00,2336,2336
1600,11/06/2021 , 12:00:00,1659,1659
1601,11/06/2021 , 12:15:00,1589,1589
1602,11/06/2021 , 12:30:00,2494,2494
1603,11/06/2021 , 12:45:00,2765,2765
1604,11/06/2021 , 13:00:00,2781,2781
1605,11/06/2021 , 13:15:00,3601,3601
1606,11/06/2021 , 13:30:00,2269,2269
1607,11/06/2021 , 13:45:00,1312,1312
1608,11/06/2021 , 14:00:00,1856,1856
1609,11/06/2021 , 14:15:00,2562,2562
1610,11/06/2021 , 14:30:00,1754,1754
1611,11/06/2021 , 14:45:00,1257,1257
1612,11/06/2021 , 15:00:00,1410,1410
1613,11/06/2021 , 15:15:00,3228,3228
1614,11/06/2021 , 15:30:00,3053,3053
1615,11/06/2021 , 15:45:00,2421,2421
1616,11/06/2021 , 16:00:00,1691,1691
1617,11/06/2021 , 16:15:00,1843,1843
1618,11/06/2021 , 16:30:00,1327,1327
1619,11/06/2021 , 16:45:00,1363,1363
1620,11/06/2021 , 17:00:00,2279,2279
1621,11/06/2021 , 17:15:00,1724,1724
1622,11/06/2021 , 17:30:00,1170,1170
1623,11/06/2021 , 17:45:00,975,975
1624,11/06/2021 , 18:00:00,768,768
1625,11/06/2021 , 18:15:00,446,446
1626,11/06/2021 , 18:30:00,424,424
1627,11/06/2021 , 18:45:00,397,397
1628,11/06/2021 , 19:00:00,351,351
1629,11/06/2021 , 19:15:00,235,235
1630,11/06/2021 , 19:30:00,221,221
1631,11/06/2021 , 19:45:00,212,212
1632,11/06/2021 , 20:00:00,160,160
1633,11/06/2021 , 20:15:00,80,80
1634,11/06/2021 , 20:30:00,31,31
1635,11/06/2021 , 20:45:00,17,17
1636,11/06/2021 , 21:00:00,12,12
1637,11/06/2021 , 21:15:00,4,4
1638,11/06/2021 , 21:30:00,1,1
1639,11/06/2021 , 21:45:00,0,0
1640,11/06/2021 , 22:00:00,0,0
1641,11/06/2021 , 22:15:00,0,0
1642,11/06/2021 , 22:30:00,0,0
1643,11/06/2021 , 22:45:00,0,0
1644,11/06/2021 , 23:00:00,0,0
1645,11/06/2021 , 23:15:00,0,0
1646,11/06/2021 , 23:30:00,0,0
1647,11/06/2021 , 23:45:00,0,0
1648,11/06/2021 , 24:00:00,0,0
1649,12/06/2021 , 00:15:00,0,0
1650,12/06/2021 , 00:30:00,0,0
1651,12/06/2021 , 00:45:00,0,0
1652,12/06/2021 , 01:00:00,0,0
1653,12/06/2021 , 01:15:00,0,0
1654,12/06/2021 , 01:30:00,0,0
1655,12/06/2021 , 01:45:00,0,0
1656,12/06/2021 , 02:00:00,0,0
1657,12/06/2021 , 02:15:00,0,0
1658,12/06/2021 , 02:30:00,0,0
1659,12/06/2021 , 02:45:00,0,0
1660,12/06/2021 , 03:00:00,0,0
1661,12/06/2021 , 03:15:00,0,0
1662,12/06/2021 , 03:30:00,0,0
1663,12/06/2021 , 03:45:00,0,0
1664,12/06/2021 , 04:00:00,0,0
1665,12/06/2021 , 04:15:00,0,0
1666,12/06/2021 , 04:30:00,0,0
1667,12/06/2021 , 04:45:00,0,0
1668,12/06/2021 , 05:00:00,0,0
1669,12/06/2021 , 05:15:00,6,6
1670,12/06/2021 , 05:30:00,16,16
1671,12/06/2021 , 05:45:00,30,30
1672,12/06/2021 , 06:00:00,54,54
1673,12/06/2021 , 06:15:00,77,77
1674,12/06/2021 , 06:30:00,124,124
1675,12/06/2021 , 06:45:00,153,153
1676,12/06/2021 , 07:00:00,197,197
1677,12/06/2021 , 07:15:00,143,143
1678,12/06/2021 , 07:30:00,242,242
1679,12/06/2021 , 07:45:00,370,370
1680,12/06/2021 , 08:00:00,577,577
1681,12/06/2021 , 08:15:00,501,501
1682,12/06/2021 , 08:30:00,850,850
1683,12/06/2021 , 08:45:00,1019,1019
1684,12/06/2021 , 09:00:00,1174,1174
1685,12/06/2021 , 09:15:00,1035,1035
1686,12/06/2021 , 09:30:00,1363,1363
1687,12/06/2021 , 09:45:00,1598,1598
1688,12/06/2021 , 10:00:00,2236,2236
1689,12/06/2021 , 10:15:00,2736,2736
1690,12/06/2021 , 10:30:00,2509,2509
1691,12/06/2021 , 10:45:00,3199,3199
1692,12/06/2021 , 11:00:00,3538,3538
1693,12/06/2021 , 11:15:00,2696,2696
1694,12/06/2021 , 11:30:00,2320,2320
1695,12/06/2021 , 11:45:00,1419,1419
1696,12/06/2021 , 12:00:00,1534,1534
1697,12/06/2021 , 12:15:00,2435,2435
1698,12/06/2021 , 12:30:00,4135,4135
1699,12/06/2021 , 12:45:00,5667,5667
1700,12/06/2021 , 13:00:00,5697,5697
1701,12/06/2021 , 13:15:00,10875,10875
1702,12/06/2021 , 13:30:00,12579,12579
1703,12/06/2021 , 13:45:00,9940,9940
1704,12/06/2021 , 14:00:00,8664,8664
1705,12/06/2021 , 14:15:00,7798,7798
1706,12/06/2021 , 14:30:00,4006,4006
1707,12/06/2021 , 14:45:00,1814,1814
1708,12/06/2021 , 15:00:00,2611,2611
1709,12/06/2021 , 15:15:00,2100,2100
1710,12/06/2021 , 15:30:00,2774,2774
1711,12/06/2021 , 15:45:00,2665,2665
1712,12/06/2021 , 16:00:00,3148,3148
1713,12/06/2021 , 16:15:00,2456,2456
1714,12/06/2021 , 16:30:00,2075,2075
1715,12/06/2021 , 16:45:00,1691,1691
1716,12/06/2021 , 17:00:00,1199,1199
1717,12/06/2021 , 17:15:00,931,931
1718,12/06/2021 , 17:30:00,710,710
1719,12/06/2021 , 17:45:00,552,552
1720,12/06/2021 , 18:00:00,469,469
1721,12/06/2021 , 18:15:00,387,387
1722,12/06/2021 , 18:30:00,344,344
1723,12/06/2021 , 18:45:00,253,253
1724,12/06/2021 , 19:00:00,207,207
1725,12/06/2021 , 19:15:00,156,156
1726,12/06/2021 , 19:30:00,119,119
1727,12/06/2021 , 19:45:00,70,70
1728,12/06/2021 , 20:00:00,46,46
1729,12/06/2021 , 20:15:00,40,40
1730,12/06/2021 , 20:30:00,36,36
1731,12/06/2021 , 20:45:00,17,17
1732,12/06/2021 , 21:00:00,4,4
1733,12/06/2021 , 21:15:00,2,2
1734,12/06/2021 , 21:30:00,0,0
1735,12/06/2021 , 21:45:00,0,0
1736,12/06/2021 , 22:00:00,0,0
1737,12/06/2021 , 22:15:00,0,0
1738,12/06/2021 , 22:30:00,0,0
1739,12/06/2021 , 22:45:00,0,0
1740,12/06/2021 , 23:00:00,0,0
1741,12/06/2021 , 23:15:00,0,0
1742,12/06/2021 , 23:30:00,0,0
1743,12/06/2021 , 23:45:00,0,0
1744,12/06/2021 , 24:00:00,0,0
1745,13/06/2021 , 00:15:00,0,0
1746,13/06/2021 , 00:30:00,0,0
1747,13/06/2021 , 00:45:00,0,0
1748,13/06/2021 , 01:00:00,0,0
1749,13/06/2021 , 01:15:00,0,0
1750,13/06/2021 , 01:30:00,0,0
1751,13/06/2021 , 01:45:00,0,0
1752,13/06/2021 , 02:00:00,0,0
1753,13/06/2021 , 02:15:00,0,0
1754,13/06/2021 , 02:30:00,0,0
1755,13/06/2021 , 02:45:00,0,0
1756,13/06/2021 , 03:00:00,0,0
1757,13/06/2021 , 03:15:00,0,0
1758,13/06/2021 , 03:30:00,0,0
1759,13/06/2021 , 03:45:00,0,0
1760,13/06/2021 , 04:00:00,0,0
1761,13/06/2021 , 04:15:00,0,0
1762,13/06/2021 , 04:30:00,0,0
1763,13/06/2021 , 04:45:00,0,0
1764,13/06/2021 , 05:00:00,0,0
1765,13/06/2021 , 05:15:00,0,0
1766,13/06/2021 , 05:30:00,3,3
1767,13/06/2021 , 05:45:00,11,11
1768,13/06/2021 , 06:00:00,14,14
1769,13/06/2021 , 06:15:00,14,14
1770,13/06/2021 , 06:30:00,30,30
1771,13/06/2021 , 06:45:00,36,36
1772,13/06/2021 , 07:00:00,62,62
1773,13/06/2021 , 07:15:00,112,112
1774,13/06/2021 , 07:30:00,110,110
1775,13/06/2021 , 07:45:00,134,134
1776,13/06/2021 , 08:00:00,141,141
1777,13/06/2021 , 08:15:00,229,229
1778,13/06/2021 , 08:30:00,237,237
1779,13/06/2021 , 08:45:00,319,319
1780,13/06/2021 , 09:00:00,295,295
1781,13/06/2021 , 09:15:00,285,285
1782,13/06/2021 , 09:30:00,203,203
1783,13/06/2021 , 09:45:00,180,180
1784,13/06/2021 , 10:00:00,306,306
1785,13/06/2021 , 10:15:00,303,303
1786,13/06/2021 , 10:30:00,282,282
1787,13/06/2021 , 10:45:00,490,490
1788,13/06/2021 , 11:00:00,682,682
1789,13/06/2021 , 11:15:00,1141,1141
1790,13/06/2021 , 11:30:00,1330,1330
1791,13/06/2021 , 11:45:00,1278,1278
1792,13/06/2021 , 12:00:00,621,621
1793,13/06/2021 , 12:15:00,885,885
1794,13/06/2021 , 12:30:00,1835,1835
1795,13/06/2021 , 12:45:00,2667,2667
1796,13/06/2021 , 13:00:00,3701,3701
1797,13/06/2021 , 13:15:00,2234,2234
1798,13/06/2021 , 13:30:00,2374,2374
1799,13/06/2021 , 13:45:00,2152,2152
1800,13/06/2021 , 14:00:00,1519,1519
1801,13/06/2021 , 14:15:00,1194,1194
1802,13/06/2021 , 14:30:00,913,913
1803,13/06/2021 , 14:45:00,1134,1134
1804,13/06/2021 , 15:00:00,1103,1103
1805,13/06/2021 , 15:15:00,811,811
1806,13/06/2021 , 15:30:00,755,755
1807,13/06/2021 , 15:45:00,829,829
1808,13/06/2021 , 16:00:00,683,683
1809,13/06/2021 , 16:15:00,672,672
1810,13/06/2021 , 16:30:00,733,733
1811,13/06/2021 , 16:45:00,674,674
1812,13/06/2021 , 17:00:00,575,575
1813,13/06/2021 , 17:15:00,434,434
1814,13/06/2021 , 17:30:00,437,437
1815,13/06/2021 , 17:45:00,363,363
1816,13/06/2021 , 18:00:00,289,289
1817,13/06/2021 , 18:15:00,209,209
1818,13/06/2021 , 18:30:00,205,205
1819,13/06/2021 , 18:45:00,207,207
1820,13/06/2021 , 19:00:00,160,160
1821,13/06/2021 , 19:15:00,148,148
1822,13/06/2021 , 19:30:00,112,112
1823,13/06/2021 , 19:45:00,112,112
1824,13/06/2021 , 20:00:00,103,103
1825,13/06/2021 , 20:15:00,73,73
1826,13/06/2021 , 20:30:00,35,35
1827,13/06/2021 , 20:45:00,36,36
1828,13/06/2021 , 21:00:00,37,37
1829,13/06/2021 , 21:15:00,15,15
1830,13/06/2021 , 21:30:00,1,1
1831,13/06/2021 , 21:45:00,0,0
1832,13/06/2021 , 22:00:00,0,0
1833,13/06/2021 , 22:15:00,0,0
1834,13/06/2021 , 22:30:00,0,0
1835,13/06/2021 , 22:45:00,0,0
1836,13/06/2021 , 23:00:00,0,0
1837,13/06/2021 , 23:15:00,0,0
1838,13/06/2021 , 23:30:00,0,0
1839,13/06/2021 , 23:45:00,0,0
1840,13/06/2021 , 24:00:00,0,0
1841,14/06/2021 , 00:15:00,0,0
1842,14/06/2021 , 00:30:00,0,0
1843,14/06/2021 , 00:45:00,0,0
1844,14/06/2021 , 01:00:00,0,0
1845,14/06/2021 , 01:15:00,0,0
1846,14/06/2021 , 01:30:00,0,0
1847,14/06/2021 , 01:45:00,0,0
1848,14/06/2021 , 02:00:00,0,0
1849,14/06/2021 , 02:15:00,0,0
1850,14/06/2021 , 02:30:00,0,0
1851,14/06/2021 , 02:45:00,0,0
1852,14/06/2021 , 03:00:00,0,0
1853,14/06/2021 , 03:15:00,0,0
1854,14/06/2021 , 03:30:00,0,0
1855,14/06/2021 , 03:45:00,0,0
1856,14/06/2021 , 04:00:00,0,0
1857,14/06/2021 , 04:15:00,0,0
1858,14/06/2021 , 04:30:00,0,0
1859,14/06/2021 , 04:45:00,0,0
1860,14/06/2021 , 05:00:00,0,0
1861,14/06/2021 , 05:15:00,1,1
1862,14/06/2021 , 05:30:00,4,4
1863,14/06/2021 , 05:45:00,10,10
1864,14/06/2021 , 06:00:00,23,23
1865,14/06/2021 , 06:15:00,33,33
1866,14/06/2021 , 06:30:00,18,18
1867,14/06/2021 , 06:45:00,41,41
1868,14/06/2021 , 07:00:00,105,105
1869,14/06/2021 , 07:15:00,139,139
1870,14/06/2021 , 07:30:00,331,331
1871,14/06/2021 , 07:45:00,431,431
1872,14/06/2021 , 08:00:00,304,304
1873,14/06/2021 , 08:15:00,322,322
1874,14/06/2021 , 08:30:00,417,417
1875,14/06/2021 , 08:45:00,469,469
1876,14/06/2021 , 09:00:00,550,550
1877,14/06/2021 , 09:15:00,918,918
1878,14/06/2021 , 09:30:00,998,998
1879,14/06/2021 , 09:45:00,1161,1161
1880,14/06/2021 , 10:00:00,610,610
1881,14/06/2021 , 10:15:00,657,657
1882,14/06/2021 , 10:30:00,899,899
1883,14/06/2021 , 10:45:00,508,508
1884,14/06/2021 , 11:00:00,883,883
1885,14/06/2021 , 11:15:00,721,721
1886,14/06/2021 , 11:30:00,697,697
1887,14/06/2021 , 11:45:00,681,681
1888,14/06/2021 , 12:00:00,599,599
1889,14/06/2021 , 12:15:00,827,827
1890,14/06/2021 , 12:30:00,1783,1783
1891,14/06/2021 , 12:45:00,776,776
1892,14/06/2021 , 13:00:00,599,599
1893,14/06/2021 , 13:15:00,1312,1312
1894,14/06/2021 , 13:30:00,4141,4141
1895,14/06/2021 , 13:45:00,3169,3169
1896,14/06/2021 , 14:00:00,4974,4974
1897,14/06/2021 , 14:15:00,3198,3198
1898,14/06/2021 , 14:30:00,2297,2297
1899,14/06/2021 , 14:45:00,2640,2640
1900,14/06/2021 , 15:00:00,3044,3044
1901,14/06/2021 , 15:15:00,2436,2436
1902,14/06/2021 , 15:30:00,1679,1679
1903,14/06/2021 , 15:45:00,1522,1522
1904,14/06/2021 , 16:00:00,1307,1307
1905,14/06/2021 , 16:15:00,1131,1131
1906,14/06/2021 , 16:30:00,803,803
1907,14/06/2021 , 16:45:00,572,572
1908,14/06/2021 , 17:00:00,701,701
1909,14/06/2021 , 17:15:00,1466,1466
1910,14/06/2021 , 17:30:00,963,963
1911,14/06/2021 , 17:45:00,1025,1025
1912,14/06/2021 , 18:00:00,656,656
1913,14/06/2021 , 18:15:00,705,705
1914,14/06/2021 , 18:30:00,571,571
1915,14/06/2021 , 18:45:00,1064,1064
1916,14/06/2021 , 19:00:00,471,471
1917,14/06/2021 , 19:15:00,554,554
1918,14/06/2021 , 19:30:00,620,620
1919,14/06/2021 , 19:45:00,419,419
1920,14/06/2021 , 20:00:00,236,236
1921,14/06/2021 , 20:15:00,195,195
1922,14/06/2021 , 20:30:00,103,103
1923,14/06/2021 , 20:45:00,61,61
1924,14/06/2021 , 21:00:00,26,26
1925,14/06/2021 , 21:15:00,12,12
1926,14/06/2021 , 21:30:00,2,2
1927,14/06/2021 , 21:45:00,1,1
1928,14/06/2021 , 22:00:00,0,0
1929,14/06/2021 , 22:15:00,0,0
1930,14/06/2021 , 22:30:00,0,0
1931,14/06/2021 , 22:45:00,0,0
1932,14/06/2021 , 23:00:00,0,0
1933,14/06/2021 , 23:15:00,0,0
1934,14/06/2021 , 23:30:00,0,0
1935,14/06/2021 , 23:45:00,0,0
1936,14/06/2021 , 24:00:00,0,0
1937,15/06/2021 , 00:15:00,0,0
1938,15/06/2021 , 00:30:00,0,0
1939,15/06/2021 , 00:45:00,0,0
1940,15/06/2021 , 01:00:00,0,0
1941,15/06/2021 , 01:15:00,0,0
1942,15/06/2021 , 01:30:00,0,0
1943,15/06/2021 , 01:45:00,0,0
1944,15/06/2021 , 02:00:00,0,0
1945,15/06/2021 , 02:15:00,0,0
1946,15/06/2021 , 02:30:00,0,0
1947,15/06/2021 , 02:45:00,0,0
1948,15/06/2021 , 03:00:00,0,0
1949,15/06/2021 , 03:15:00,0,0
1950,15/06/2021 , 03:30:00,0,0
1951,15/06/2021 , 03:45:00,0,0
1952,15/06/2021 , 04:00:00,0,0
1953,15/06/2021 , 04:15:00,0,0
1954,15/06/2021 , 04:30:00,0,0
1955,15/06/2021 , 04:45:00,0,0
1956,15/06/2021 , 05:00:00,0,0
1957,15/06/2021 , 05:15:00,6,6
1958,15/06/2021 , 05:30:00,19,19
1959,15/06/2021 , 05:45:00,37,37
1960,15/06/2021 , 06:00:00,57,57
1961,15/06/2021 , 06:15:00,87,87
1962,15/06/2021 , 06:30:00,136,136
1963,15/06/2021 , 06:45:00,239,239
1964,15/06/2021 , 07:00:00,283,283
1965,15/06/2021 , 07:15:00,322,322
1966,15/06/2021 , 07:30:00,452,452
1967,15/06/2021 , 07:45:00,539,539
1968,15/06/2021 , 08:00:00,358,358
1969,15/06/2021 , 08:15:00,557,557
1970,15/06/2021 , 08:30:00,991,991
1971,15/06/2021 , 08:45:00,805,805
1972,15/06/2021 , 09:00:00,840,840
1973,15/06/2021 , 09:15:00,700,700
1974,15/06/2021 , 09:30:00,1268,1268
1975,15/06/2021 , 09:45:00,1655,1655
1976,15/06/2021 , 10:00:00,1573,1573
1977,15/06/2021 , 10:15:00,1425,1425
1978,15/06/2021 , 10:30:00,1238,1238
1979,15/06/2021 , 10:45:00,1190,1190
1980,15/06/2021 , 11:00:00,685,685
1981,15/06/2021 , 11:15:00,775,775
1982,15/06/2021 , 11:30:00,1172,1172
1983,15/06/2021 , 11:45:00,1780,1780
1984,15/06/2021 , 12:00:00,3046,3046
1985,15/06/2021 , 12:15:00,1087,1087
1986,15/06/2021 , 12:30:00,1636,1636
1987,15/06/2021 , 12:45:00,3534,3534
1988,15/06/2021 , 13:00:00,3156,3156
1989,15/06/2021 , 13:15:00,3463,3463
1990,15/06/2021 , 13:30:00,3039,3039
1991,15/06/2021 , 13:45:00,1863,1863
1992,15/06/2021 , 14:00:00,3820,3820
1993,15/06/2021 , 14:15:00,7249,7249
1994,15/06/2021 , 14:30:00,7824,7824
1995,15/06/2021 , 14:45:00,7734,7734
1996,15/06/2021 , 15:00:00,4466,4466
1997,15/06/2021 , 15:15:00,1678,1678
1998,15/06/2021 , 15:30:00,971,971
1999,15/06/2021 , 15:45:00,768,768
2000,15/06/2021 , 16:00:00,1554,1554
2001,15/06/2021 , 16:15:00,2441,2441
2002,15/06/2021 , 16:30:00,2194,2194
2003,15/06/2021 , 16:45:00,3244,3244
2004,15/06/2021 , 17:00:00,3038,3038
2005,15/06/2021 , 17:15:00,2306,2306
2006,15/06/2021 , 17:30:00,1896,1896
2007,15/06/2021 , 17:45:00,1749,1749
2008,15/06/2021 , 18:00:00,859,859
2009,15/06/2021 , 18:15:00,961,961
2010,15/06/2021 , 18:30:00,1054,1054
2011,15/06/2021 , 18:45:00,1044,1044
2012,15/06/2021 , 19:00:00,801,801
2013,15/06/2021 , 19:15:00,729,729
2014,15/06/2021 , 19:30:00,367,367
2015,15/06/2021 , 19:45:00,249,249
2016,15/06/2021 , 20:00:00,177,177
2017,15/06/2021 , 20:15:00,101,101
2018,15/06/2021 , 20:30:00,55,55
2019,15/06/2021 , 20:45:00,37,37
2020,15/06/2021 , 21:00:00,22,22
2021,15/06/2021 , 21:15:00,10,10
2022,15/06/2021 , 21:30:00,2,2
2023,15/06/2021 , 21:45:00,0,0
2024,15/06/2021 , 22:00:00,0,0
2025,15/06/2021 , 22:15:00,0,0
2026,15/06/2021 , 22:30:00,0,0
2027,15/06/2021 , 22:45:00,0,0
2028,15/06/2021 , 23:00:00,0,0
2029,15/06/2021 , 23:15:00,0,0
2030,15/06/2021 , 23:30:00,0,0
2031,15/06/2021 , 23:45:00,0,0
2032,15/06/2021 , 24:00:00,0,0
2033,16/06/2021 , 00:15:00,0,0
2034,16/06/2021 , 00:30:00,0,0
2035,16/06/2021 , 00:45:00,0,0
2036,16/06/2021 , 01:00:00,0,0
2037,16/06/2021 , 01:15:00,0,0
2038,16/06/2021 , 01:30:00,0,0
2039,16/06/2021 , 01:45:00,0,0
2040,16/06/2021 , 02:00:00,0,0
2041,16/06/2021 , 02:15:00,0,0
2042,16/06/2021 , 02:30:00,0,0
2043,16/06/2021 , 02:45:00,0,0
2044,16/06/2021 , 03:00:00,0,0
2045,16/06/2021 , 03:15:00,0,0
2046,16/06/2021 , 03:30:00,0,0
2047,16/06/2021 , 03:45:00,0,0
2048,16/06/2021 , 04:00:00,0,0
2049,16/06/2021 , 04:15:00,0,0
2050,16/06/2021 , 04:30:00,0,0
2051,16/06/2021 , 04:45:00,0,0
2052,16/06/2021 , 05:00:00,0,0
2053,16/06/2021 , 05:15:00,5,5
2054,16/06/2021 , 05:30:00,11,11
2055,16/06/2021 , 05:45:00,21,21
2056,16/06/2021 , 06:00:00,28,28
2057,16/06/2021 , 06:15:00,46,46
2058,16/06/2021 , 06:30:00,81,81
2059,16/06/2021 , 06:45:00,100,100
2060,16/06/2021 , 07:00:00,120,120
2061,16/06/2021 , 07:15:00,194,194
2062,16/06/2021 , 07:30:00,248,248
2063,16/06/2021 , 07:45:00,358,358
2064,16/06/2021 , 08:00:00,446,446
2065,16/06/2021 , 08:15:00,629,629
2066,16/06/2021 , 08:30:00,850,850
2067,16/06/2021 , 08:45:00,983,983
2068,16/06/2021 , 09:00:00,1084,1084
2069,16/06/2021 , 09:15:00,1190,1190
2070,16/06/2021 , 09:30:00,1414,1414
2071,16/06/2021 , 09:45:00,1541,1541
2072,16/06/2021 , 10:00:00,1554,1554
2073,16/06/2021 , 10:15:00,1676,1676
2074,16/06/2021 , 10:30:00,1702,1702
2075,16/06/2021 , 10:45:00,1809,1809
2076,16/06/2021 , 11:00:00,1683,1683
2077,16/06/2021 , 11:15:00,1624,1624
2078,16/06/2021 , 11:30:00,1790,1790
2079,16/06/2021 , 11:45:00,1589,1589
2080,16/06/2021 , 12:00:00,1613,1613
2081,16/06/2021 , 12:15:00,1608,1608
2082,16/06/2021 , 12:30:00,2012,2012
2083,16/06/2021 , 12:45:00,1654,1654
2084,16/06/2021 , 13:00:00,1953,1953
2085,16/06/2021 , 13:15:00,1814,1814
2086,16/06/2021 , 13:30:00,2322,2322
2087,16/06/2021 , 13:45:00,2866,2866
2088,16/06/2021 , 14:00:00,4473,4473
2089,16/06/2021 , 14:15:00,4978,4978
2090,16/06/2021 , 14:30:00,5380,5380
2091,16/06/2021 , 14:45:00,5289,5289
2092,16/06/2021 , 15:00:00,3564,3564
2093,16/06/2021 , 15:15:00,2011,2011
2094,16/06/2021 , 15:30:00,1830,1830
2095,16/06/2021 , 15:45:00,2563,2563
2096,16/06/2021 , 16:00:00,1514,1514
2097,16/06/2021 , 16:15:00,2710,2710
2098,16/06/2021 , 16:30:00,2999,2999
2099,16/06/2021 , 16:45:00,2702,2702
2100,16/06/2021 , 17:00:00,2701,2701
2101,16/06/2021 , 17:15:00,1795,1795
2102,16/06/2021 , 17:30:00,1595,1595
2103,16/06/2021 , 17:45:00,1227,1227
2104,16/06/2021 , 18:00:00,1295,1295
2105,16/06/2021 , 18:15:00,1195,1195
2106,16/06/2021 , 18:30:00,882,882
2107,16/06/2021 , 18:45:00,670,670
2108,16/06/2021 , 19:00:00,536,536
2109,16/06/2021 , 19:15:00,419,419
2110,16/06/2021 , 19:30:00,328,328
2111,16/06/2021 , 19:45:00,242,242
2112,16/06/2021 , 20:00:00,172,172
2113,16/06/2021 , 20:15:00,125,125
2114,16/06/2021 , 20:30:00,81,81
2115,16/06/2021 , 20:45:00,48,48
2116,16/06/2021 , 21:00:00,21,21
2117,16/06/2021 , 21:15:00,9,9
2118,16/06/2021 , 21:30:00,1,1
2119,16/06/2021 , 21:45:00,0,0
2120,16/06/2021 , 22:00:00,0,0
2121,16/06/2021 , 22:15:00,0,0
2122,16/06/2021 , 22:30:00,0,0
2123,16/06/2021 , 22:45:00,0,0
2124,16/06/2021 , 23:00:00,0,0
2125,16/06/2021 , 23:15:00,0,0
2126,16/06/2021 , 23:30:00,0,0
2127,16/06/2021 , 23:45:00,0,0
2128,16/06/2021 , 24:00:00,0,0
2129,17/06/2021 , 00:15:00,0,0
2130,17/06/2021 , 00:30:00,0,0
2131,17/06/2021 , 00:45:00,0,0
2132,17/06/2021 , 01:00:00,0,0
2133,17/06/2021 , 01:15:00,0,0
2134,17/06/2021 , 01:30:00,0,0
2135,17/06/2021 , 01:45:00,0,0
2136,17/06/2021 , 02:00:00,0,0
2137,17/06/2021 , 02:15:00,0,0
2138,17/06/2021 , 02:30:00,0,0
2139,17/06/2021 , 02:45:00,0,0
2140,17/06/2021 , 03:00:00,0,0
2141,17/06/2021 , 03:15:00,0,0
2142,17/06/2021 , 03:30:00,0,0
2143,17/06/2021 , 03:45:00,0,0
2144,17/06/2021 , 04:00:00,0,0
2145,17/06/2021 , 04:15:00,0,0
2146,17/06/2021 , 04:30:00,0,0
2147,17/06/2021 , 04:45:00,0,0
2148,17/06/2021 , 05:00:00,0,0
2149,17/06/2021 , 05:15:00,5,5
2150,17/06/2021 , 05:30:00,15,15
2151,17/06/2021 , 05:45:00,36,36
2152,17/06/2021 , 06:00:00,58,58
2153,17/06/2021 , 06:15:00,70,70
2154,17/06/2021 , 06:30:00,95,95
2155,17/06/2021 , 06:45:00,142,142
2156,17/06/2021 , 07:00:00,195,195
2157,17/06/2021 , 07:15:00,226,226
2158,17/06/2021 , 07:30:00,283,283
2159,17/06/2021 , 07:45:00,360,360
2160,17/06/2021 , 08:00:00,439,439
2161,17/06/2021 , 08:15:00,540,540
2162,17/06/2021 , 08:30:00,631,631
2163,17/06/2021 , 08:45:00,730,730
2164,17/06/2021 , 09:00:00,850,850
2165,17/06/2021 , 09:15:00,932,932
2166,17/06/2021 , 09:30:00,986,986
2167,17/06/2021 , 09:45:00,1144,1144
2168,17/06/2021 , 10:00:00,1371,1371
2169,17/06/2021 , 10:15:00,1534,1534
2170,17/06/2021 , 10:30:00,1699,1699
2171,17/06/2021 , 10:45:00,1877,1877
2172,17/06/2021 , 11:00:00,2028,2028
2173,17/06/2021 , 11:15:00,2225,2225
2174,17/06/2021 , 11:30:00,2047,2047
2175,17/06/2021 , 11:45:00,2534,2534
2176,17/06/2021 , 12:00:00,2669,2669
2177,17/06/2021 , 12:15:00,2754,2754
2178,17/06/2021 , 12:30:00,2655,2655
2179,17/06/2021 , 12:45:00,2506,2506
2180,17/06/2021 , 13:00:00,2531,2531
2181,17/06/2021 , 13:15:00,2451,2451
2182,17/06/2021 , 13:30:00,2508,2508
2183,17/06/2021 , 13:45:00,2588,2588
2184,17/06/2021 , 14:00:00,2730,2730
2185,17/06/2021 , 14:15:00,2547,2547
2186,17/06/2021 , 14:30:00,2344,2344
2187,17/06/2021 , 14:45:00,2063,2063
2188,17/06/2021 , 15:00:00,2294,2294
2189,17/06/2021 , 15:15:00,2505,2505
2190,17/06/2021 , 15:30:00,2898,2898
2191,17/06/2021 , 15:45:00,2706,2706
2192,17/06/2021 , 16:00:00,3069,3069
2193,17/06/2021 , 16:15:00,2871,2871
2194,17/06/2021 , 16:30:00,2517,2517
2195,17/06/2021 , 16:45:00,3213,3213
2196,17/06/2021 , 17:00:00,2424,2424
2197,17/06/2021 , 17:15:00,1093,1093
2198,17/06/2021 , 17:30:00,973,973
2199,17/06/2021 , 17:45:00,758,758
2200,17/06/2021 , 18:00:00,546,546
2201,17/06/2021 , 18:15:00,469,469
2202,17/06/2021 , 18:30:00,403,403
2203,17/06/2021 , 18:45:00,328,328
2204,17/06/2021 , 19:00:00,288,288
2205,17/06/2021 , 19:15:00,275,275
2206,17/06/2021 , 19:30:00,194,194
2207,17/06/2021 , 19:45:00,169,169
2208,17/06/2021 , 20:00:00,122,122
2209,17/06/2021 , 20:15:00,82,82
2210,17/06/2021 , 20:30:00,55,55
2211,17/06/2021 , 20:45:00,27,27
2212,17/06/2021 , 21:00:00,17,17
2213,17/06/2021 , 21:15:00,7,7
2214,17/06/2021 , 21:30:00,1,1
2215,17/06/2021 , 21:45:00,0,0
2216,17/06/2021 , 22:00:00,0,0
2217,17/06/2021 , 22:15:00,0,0
2218,17/06/2021 , 22:30:00,0,0
2219,17/06/2021 , 22:45:00,0,0
2220,17/06/2021 , 23:00:00,0,0
2221,17/06/2021 , 23:15:00,0,0
2222,17/06/2021 , 23:30:00,0,0
2223,17/06/2021 , 23:45:00,0,0
2224,17/06/2021 , 24:00:00,0,0
2225,18/06/2021 , 00:15:00,0,0
2226,18/06/2021 , 00:30:00,0,0
2227,18/06/2021 , 00:45:00,0,0
2228,18/06/2021 , 01:00:00,0,0
2229,18/06/2021 , 01:15:00,0,0
2230,18/06/2021 , 01:30:00,0,0
2231,18/06/2021 , 01:45:00,0,0
2232,18/06/2021 , 02:00:00,0,0
2233,18/06/2021 , 02:15:00,0,0
2234,18/06/2021 , 02:30:00,0,0
2235,18/06/2021 , 02:45:00,0,0
2236,18/06/2021 , 03:00:00,0,0
2237,18/06/2021 , 03:15:00,0,0
2238,18/06/2021 , 03:30:00,0,0
2239,18/06/2021 , 03:45:00,0,0
2240,18/06/2021 , 04:00:00,0,0
2241,18/06/2021 , 04:15:00,0,0
2242,18/06/2021 , 04:30:00,0,0
2243,18/06/2021 , 04:45:00,0,0
2244,18/06/2021 , 05:00:00,0,0
2245,18/06/2021 , 05:15:00,3,3
2246,18/06/2021 , 05:30:00,14,14
2247,18/06/2021 , 05:45:00,27,27
2248,18/06/2021 , 06:00:00,42,42
2249,18/06/2021 , 06:15:00,66,66
2250,18/06/2021 , 06:30:00,108,108
2251,18/06/2021 , 06:45:00,158,158
2252,18/06/2021 , 07:00:00,211,211
2253,18/06/2021 , 07:15:00,271,271
2254,18/06/2021 , 07:30:00,338,338
2255,18/06/2021 , 07:45:00,468,468
2256,18/06/2021 , 08:00:00,397,397
2257,18/06/2021 , 08:15:00,414,414
2258,18/06/2021 , 08:30:00,374,374
2259,18/06/2021 , 08:45:00,531,531
2260,18/06/2021 , 09:00:00,860,860
2261,18/06/2021 , 09:15:00,707,707
2262,18/06/2021 , 09:30:00,589,589
2263,18/06/2021 , 09:45:00,655,655
2264,18/06/2021 , 10:00:00,740,740
2265,18/06/2021 , 10:15:00,757,757
2266,18/06/2021 , 10:30:00,783,783
2267,18/06/2021 , 10:45:00,963,963
2268,18/06/2021 , 11:00:00,1065,1065
2269,18/06/2021 , 11:15:00,1013,1013
2270,18/06/2021 , 11:30:00,1044,1044
2271,18/06/2021 , 11:45:00,1174,1174
2272,18/06/2021 , 12:00:00,1379,1379
2273,18/06/2021 , 12:15:00,1392,1392
2274,18/06/2021 , 12:30:00,1348,1348
2275,18/06/2021 , 12:45:00,1282,1282
2276,18/06/2021 , 13:00:00,1407,1407
2277,18/06/2021 , 13:15:00,1546,1546
2278,18/06/2021 , 13:30:00,1739,1739
2279,18/06/2021 , 13:45:00,1755,1755
2280,18/06/2021 , 14:00:00,1709,1709
2281,18/06/2021 , 14:15:00,1601,1601
2282,18/06/2021 , 14:30:00,1435,1435
2283,18/06/2021 , 14:45:00,1244,1244
2284,18/06/2021 , 15:00:00,1133,1133
2285,18/06/2021 , 15:15:00,1015,1015
2286,18/06/2021 , 15:30:00,1083,1083
2287,18/06/2021 , 15:45:00,1015,1015
2288,18/06/2021 , 16:00:00,860,860
2289,18/06/2021 , 16:15:00,891,891
2290,18/06/2021 , 16:30:00,850,850
2291,18/06/2021 , 16:45:00,799,799
2292,18/06/2021 , 17:00:00,752,752
2293,18/06/2021 , 17:15:00,917,917
2294,18/06/2021 , 17:30:00,776,776
2295,18/06/2021 , 17:45:00,662,662
2296,18/06/2021 , 18:00:00,576,576
2297,18/06/2021 , 18:15:00,515,515
2298,18/06/2021 , 18:30:00,470,470
2299,18/06/2021 , 18:45:00,271,271
2300,18/06/2021 , 19:00:00,197,197
2301,18/06/2021 , 19:15:00,137,137
2302,18/06/2021 , 19:30:00,101,101
2303,18/06/2021 , 19:45:00,64,64
2304,18/06/2021 , 20:00:00,63,63
2305,18/06/2021 , 20:15:00,70,70
2306,18/06/2021 , 20:30:00,45,45
2307,18/06/2021 , 20:45:00,30,30
2308,18/06/2021 , 21:00:00,15,15
2309,18/06/2021 , 21:15:00,5,5
2310,18/06/2021 , 21:30:00,1,1
2311,18/06/2021 , 21:45:00,0,0
2312,18/06/2021 , 22:00:00,0,0
2313,18/06/2021 , 22:15:00,0,0
2314,18/06/2021 , 22:30:00,0,0
2315,18/06/2021 , 22:45:00,0,0
2316,18/06/2021 , 23:00:00,0,0
2317,18/06/2021 , 23:15:00,0,0
2318,18/06/2021 , 23:30:00,0,0
2319,18/06/2021 , 23:45:00,0,0
2320,18/06/2021 , 24:00:00,0,0
2321,19/06/2021 , 00:15:00,0,0
2322,19/06/2021 , 00:30:00,0,0
2323,19/06/2021 , 00:45:00,0,0
2324,19/06/2021 , 01:00:00,0,0
2325,19/06/2021 , 01:15:00,0,0
2326,19/06/2021 , 01:30:00,0,0
2327,19/06/2021 , 01:45:00,0,0
2328,19/06/2021 , 02:00:00,0,0
2329,19/06/2021 , 02:15:00,0,0
2330,19/06/2021 , 02:30:00,0,0
2331,19/06/2021 , 02:45:00,0,0
2332,19/06/2021 , 03:00:00,0,0
2333,19/06/2021 , 03:15:00,0,0
2334,19/06/2021 , 03:30:00,0,0
2335,19/06/2021 , 03:45:00,0,0
2336,19/06/2021 , 04:00:00,0,0
2337,19/06/2021 , 04:15:00,0,0
2338,19/06/2021 , 04:30:00,0,0
2339,19/06/2021 , 04:45:00,0,0
2340,19/06/2021 , 05:00:00,0,0
2341,19/06/2021 , 05:15:00,1,1
2342,19/06/2021 , 05:30:00,5,5
2343,19/06/2021 , 05:45:00,11,11
2344,19/06/2021 , 06:00:00,23,23
2345,19/06/2021 , 06:15:00,42,42
2346,19/06/2021 , 06:30:00,60,60
2347,19/06/2021 , 06:45:00,63,63
2348,19/06/2021 , 07:00:00,77,77
2349,19/06/2021 , 07:15:00,100,100
2350,19/06/2021 , 07:30:00,116,116
2351,19/06/2021 , 07:45:00,128,128
2352,19/06/2021 , 08:00:00,158,158
2353,19/06/2021 , 08:15:00,169,169
2354,19/06/2021 , 08:30:00,230,230
2355,19/06/2021 , 08:45:00,394,394
2356,19/06/2021 , 09:00:00,364,364
2357,19/06/2021 , 09:15:00,175,175
2358,19/06/2021 , 09:30:00,161,161
2359,19/06/2021 , 09:45:00,160,160
2360,19/06/2021 , 10:00:00,214,214
2361,19/06/2021 , 10:15:00,273,273
2362,19/06/2021 , 10:30:00,398,398
2363,19/06/2021 , 10:45:00,456,456
2364,19/06/2021 , 11:00:00,264,264
2365,19/06/2021 , 11:15:00,292,292
2366,19/06/2021 , 11:30:00,318,318
2367,19/06/2021 , 11:45:00,374,374
2368,19/06/2021 , 12:00:00,343,343
2369,19/06/2021 , 12:15:00,451,451
2370,19/06/2021 , 12:30:00,649,649
2371,19/06/2021 , 12:45:00,748,748
2372,19/06/2021 , 13:00:00,941,941
2373,19/06/2021 , 13:15:00,835,835
2374,19/06/2021 , 13:30:00,751,751
2375,19/06/2021 , 13:45:00,731,731
2376,19/06/2021 , 14:00:00,744,744
2377,19/06/2021 , 14:15:00,709,709
2378,19/06/2021 , 14:30:00,656,656
2379,19/06/2021 , 14:45:00,649,649
2380,19/06/2021 , 15:00:00,581,581
2381,19/06/2021 , 15:15:00,746,746
2382,19/06/2021 , 15:30:00,662,662
2383,19/06/2021 , 15:45:00,475,475
2384,19/06/2021 , 16:00:00,679,679
2385,19/06/2021 , 16:15:00,625,625
2386,19/06/2021 , 16:30:00,564,564
2387,19/06/2021 , 16:45:00,630,630
2388,19/06/2021 , 17:00:00,545,545
2389,19/06/2021 , 17:15:00,420,420
2390,19/06/2021 , 17:30:00,301,301
2391,19/06/2021 , 17:45:00,263,263
2392,19/06/2021 , 18:00:00,307,307
2393,19/06/2021 , 18:15:00,200,200
2394,19/06/2021 , 18:30:00,185,185
2395,19/06/2021 , 18:45:00,159,159
2396,19/06/2021 , 19:00:00,125,125
2397,19/06/2021 , 19:15:00,86,86
2398,19/06/2021 , 19:30:00,76,76
2399,19/06/2021 , 19:45:00,56,56
2400,19/06/2021 , 20:00:00,41,41
2401,19/06/2021 , 20:15:00,30,30
2402,19/06/2021 , 20:30:00,18,18
2403,19/06/2021 , 20:45:00,9,9
2404,19/06/2021 , 21:00:00,4,4
2405,19/06/2021 , 21:15:00,2,2
2406,19/06/2021 , 21:30:00,0,0
2407,19/06/2021 , 21:45:00,0,0
2408,19/06/2021 , 22:00:00,0,0
2409,19/06/2021 , 22:15:00,0,0
2410,19/06/2021 , 22:30:00,0,0
2411,19/06/2021 , 22:45:00,0,0
2412,19/06/2021 , 23:00:00,0,0
2413,19/06/2021 , 23:15:00,0,0
2414,19/06/2021 , 23:30:00,0,0
2415,19/06/2021 , 23:45:00,0,0
2416,19/06/2021 , 24:00:00,0,0
2417,20/06/2021 , 00:15:00,0,0
2418,20/06/2021 , 00:30:00,0,0
2419,20/06/2021 , 00:45:00,0,0
2420,20/06/2021 , 01:00:00,0,0
2421,20/06/2021 , 01:15:00,0,0
2422,20/06/2021 , 01:30:00,0,0
2423,20/06/2021 , 01:45:00,0,0
2424,20/06/2021 , 02:00:00,0,0
2425,20/06/2021 , 02:15:00,0,0
2426,20/06/2021 , 02:30:00,0,0
2427,20/06/2021 , 02:45:00,0,0
2428,20/06/2021 , 03:00:00,0,0
2429,20/06/2021 , 03:15:00,0,0
2430,20/06/2021 , 03:30:00,0,0
2431,20/06/2021 , 03:45:00,0,0
2432,20/06/2021 , 04:00:00,0,0
2433,20/06/2021 , 04:15:00,0,0
2434,20/06/2021 , 04:30:00,0,0
2435,20/06/2021 , 04:45:00,0,0
2436,20/06/2021 , 05:00:00,0,0
2437,20/06/2021 , 05:15:00,0,0
2438,20/06/2021 , 05:30:00,4,4
2439,20/06/2021 , 05:45:00,11,11
2440,20/06/2021 , 06:00:00,20,20
2441,20/06/2021 , 06:15:00,24,24
2442,20/06/2021 , 06:30:00,30,30
2443,20/06/2021 , 06:45:00,34,34
2444,20/06/2021 , 07:00:00,39,39
2445,20/06/2021 , 07:15:00,35,35
2446,20/06/2021 , 07:30:00,60,60
2447,20/06/2021 , 07:45:00,94,94
2448,20/06/2021 , 08:00:00,106,106
2449,20/06/2021 , 08:15:00,178,178
2450,20/06/2021 , 08:30:00,346,346
2451,20/06/2021 , 08:45:00,334,334
2452,20/06/2021 , 09:00:00,343,343
2453,20/06/2021 , 09:15:00,613,613
2454,20/06/2021 , 09:30:00,354,354
2455,20/06/2021 , 09:45:00,455,455
2456,20/06/2021 , 10:00:00,557,557
2457,20/06/2021 , 10:15:00,609,609
2458,20/06/2021 , 10:30:00,731,731
2459,20/06/2021 , 10:45:00,807,807
2460,20/06/2021 , 11:00:00,724,724
2461,20/06/2021 , 11:15:00,545,545
2462,20/06/2021 , 11:30:00,720,720
2463,20/06/2021 , 11:45:00,699,699
2464,20/06/2021 , 12:00:00,698,698
2465,20/06/2021 , 12:15:00,634,634
2466,20/06/2021 , 12:30:00,587,587
2467,20/06/2021 , 12:45:00,515,515
2468,20/06/2021 , 13:00:00,481,481
2469,20/06/2021 , 13:15:00,522,522
2470,20/06/2021 , 13:30:00,595,595
2471,20/06/2021 , 13:45:00,493,493
2472,20/06/2021 , 14:00:00,508,508
2473,20/06/2021 , 14:15:00,475,475
2474,20/06/2021 , 14:30:00,446,446
2475,20/06/2021 , 14:45:00,417,417
2476,20/06/2021 , 15:00:00,335,335
2477,20/06/2021 , 15:15:00,341,341
2478,20/06/2021 , 15:30:00,331,331
2479,20/06/2021 , 15:45:00,323,323
2480,20/06/2021 , 16:00:00,291,291
2481,20/06/2021 , 16:15:00,269,269
2482,20/06/2021 , 16:30:00,222,222
2483,20/06/2021 , 16:45:00,198,198
2484,20/06/2021 , 17:00:00,184,184
2485,20/06/2021 , 17:15:00,174,174
2486,20/06/2021 , 17:30:00,156,156
2487,20/06/2021 , 17:45:00,140,140
2488,20/06/2021 , 18:00:00,132,132
2489,20/06/2021 , 18:15:00,103,103
2490,20/06/2021 , 18:30:00,83,83
2491,20/06/2021 , 18:45:00,64,64
2492,20/06/2021 , 19:00:00,58,58
2493,20/06/2021 , 19:15:00,47,47
2494,20/06/2021 , 19:30:00,34,34
2495,20/06/2021 , 19:45:00,31,31
2496,20/06/2021 , 20:00:00,25,25
2497,20/06/2021 , 20:15:00,16,16
2498,20/06/2021 , 20:30:00,12,12
2499,20/06/2021 , 20:45:00,6,6
2500,20/06/2021 , 21:00:00,2,2
2501,20/06/2021 , 21:15:00,1,1
2502,20/06/2021 , 21:30:00,0,0
2503,20/06/2021 , 21:45:00,0,0
2504,20/06/2021 , 22:00:00,0,0
2505,20/06/2021 , 22:15:00,0,0
2506,20/06/2021 , 22:30:00,0,0
2507,20/06/2021 , 22:45:00,0,0
2508,20/06/2021 , 23:00:00,0,0
2509,20/06/2021 , 23:15:00,0,0
2510,20/06/2021 , 23:30:00,0,0
2511,20/06/2021 , 23:45:00,0,0
2512,20/06/2021 , 24:00:00,0,0
2513,21/06/2021 , 00:15:00,0,0
2514,21/06/2021 , 00:30:00,0,0
2515,21/06/2021 , 00:45:00,0,0
2516,21/06/2021 , 01:00:00,0,0
2517,21/06/2021 , 01:15:00,0,0
2518,21/06/2021 , 01:30:00,0,0
2519,21/06/2021 , 01:45:00,0,0
2520,21/06/2021 , 02:00:00,0,0
2521,21/06/2021 , 02:15:00,0,0
2522,21/06/2021 , 02:30:00,0,0
2523,21/06/2021 , 02:45:00,0,0
2524,21/06/2021 , 03:00:00,0,0
2525,21/06/2021 , 03:15:00,0,0
2526,21/06/2021 , 03:30:00,0,0
2527,21/06/2021 , 03:45:00,0,0
2528,21/06/2021 , 04:00:00,0,0
2529,21/06/2021 , 04:15:00,0,0
2530,21/06/2021 , 04:30:00,0,0
2531,21/06/2021 , 04:45:00,0,0
2532,21/06/2021 , 05:00:00,0,0
2533,21/06/2021 , 05:15:00,0,0
2534,21/06/2021 , 05:30:00,0,0
2535,21/06/2021 , 05:45:00,2,2
2536,21/06/2021 , 06:00:00,5,5
2537,21/06/2021 , 06:15:00,9,9
2538,21/06/2021 , 06:30:00,16,16
2539,21/06/2021 , 06:45:00,20,20
2540,21/06/2021 , 07:00:00,29,29
2541,21/06/2021 , 07:15:00,23,23
2542,21/06/2021 , 07:30:00,24,24
2543,21/06/2021 , 07:45:00,29,29
2544,21/06/2021 , 08:00:00,66,66
2545,21/06/2021 , 08:15:00,121,121
2546,21/06/2021 , 08:30:00,135,135
2547,21/06/2021 , 08:45:00,304,304
2548,21/06/2021 , 09:00:00,335,335
2549,21/06/2021 , 09:15:00,287,287
2550,21/06/2021 , 09:30:00,305,305
2551,21/06/2021 , 09:45:00,236,236
2552,21/06/2021 , 10:00:00,357,357
2553,21/06/2021 , 10:15:00,223,223
2554,21/06/2021 , 10:30:00,271,271
2555,21/06/2021 , 10:45:00,299,299
2556,21/06/2021 , 11:00:00,350,350
2557,21/06/2021 , 11:15:00,294,294
2558,21/06/2021 , 11:30:00,583,583
2559,21/06/2021 , 11:45:00,738,738
2560,21/06/2021 , 12:00:00,699,699
2561,21/06/2021 , 12:15:00,545,545
2562,21/06/2021 , 12:30:00,593,593
2563,21/06/2021 , 12:45:00,514,514
2564,21/06/2021 , 13:00:00,555,555
2565,21/06/2021 , 13:15:00,459,459
2566,21/06/2021 , 13:30:00,315,315
2567,21/06/2021 , 13:45:00,273,273
2568,21/06/2021 , 14:00:00,311,311
2569,21/06/2021 , 14:15:00,268,268
2570,21/06/2021 , 14:30:00,263,263
2571,21/06/2021 , 14:45:00,242,242
2572,21/06/2021 , 15:00:00,266,266
2573,21/06/2021 , 15:15:00,196,196
2574,21/06/2021 , 15:30:00,182,182
2575,21/06/2021 , 15:45:00,222,222
2576,21/06/2021 , 16:00:00,193,193
2577,21/06/2021 , 16:15:00,171,171
2578,21/06/2021 , 16:30:00,188,188
2579,21/06/2021 , 16:45:00,214,214
2580,21/06/2021 , 17:00:00,205,205
2581,21/06/2021 , 17:15:00,191,191
2582,21/06/2021 , 17:30:00,158,158
2583,21/06/2021 , 17:45:00,136,136
2584,21/06/2021 , 18:00:00,125,125
2585,21/06/2021 , 18:15:00,112,112
2586,21/06/2021 , 18:30:00,91,91
2587,21/06/2021 , 18:45:00,72,72
2588,21/06/2021 , 19:00:00,47,47
2589,21/06/2021 , 19:15:00,40,40
2590,21/06/2021 , 19:30:00,28,28
2591,21/06/2021 , 19:45:00,21,21
2592,21/06/2021 , 20:00:00,15,15
2593,21/06/2021 , 20:15:00,11,11
2594,21/06/2021 , 20:30:00,5,5
2595,21/06/2021 , 20:45:00,3,3
2596,21/06/2021 , 21:00:00,1,1
2597,21/06/2021 , 21:15:00,0,0
2598,21/06/2021 , 21:30:00,0,0
2599,21/06/2021 , 21:45:00,0,0
2600,21/06/2021 , 22:00:00,0,0
2601,21/06/2021 , 22:15:00,0,0
2602,21/06/2021 , 22:30:00,0,0
2603,21/06/2021 , 22:45:00,0,0
2604,21/06/2021 , 23:00:00,0,0
2605,21/06/2021 , 23:15:00,0,0
2606,21/06/2021 , 23:30:00,0,0
2607,21/06/2021 , 23:45:00,0,0
2608,21/06/2021 , 24:00:00,0,0
2609,22/06/2021 , 00:15:00,0,0
2610,22/06/2021 , 00:30:00,0,0
2611,22/06/2021 , 00:45:00,0,0
2612,22/06/2021 , 01:00:00,0,0
2613,22/06/2021 , 01:15:00,0,0
2614,22/06/2021 , 01:30:00,0,0
2615,22/06/2021 , 01:45:00,0,0
2616,22/06/2021 , 02:00:00,0,0
2617,22/06/2021 , 02:15:00,0,0
2618,22/06/2021 , 02:30:00,0,0
2619,22/06/2021 , 02:45:00,0,0
2620,22/06/2021 , 03:00:00,0,0
2621,22/06/2021 , 03:15:00,0,0
2622,22/06/2021 , 03:30:00,0,0
2623,22/06/2021 , 03:45:00,0,0
2624,22/06/2021 , 04:00:00,0,0
2625,22/06/2021 , 04:15:00,0,0
2626,22/06/2021 , 04:30:00,0,0
2627,22/06/2021 , 04:45:00,0,0
2628,22/06/2021 , 05:00:00,0,0
2629,22/06/2021 , 05:15:00,0,0
2630,22/06/2021 , 05:30:00,0,0
2631,22/06/2021 , 05:45:00,0,0
2632,22/06/2021 , 06:00:00,1,1
2633,22/06/2021 , 06:15:00,6,6
2634,22/06/2021 , 06:30:00,11,11
2635,22/06/2021 , 06:45:00,15,15
2636,22/06/2021 , 07:00:00,23,23
2637,22/06/2021 , 07:15:00,32,32
2638,22/06/2021 , 07:30:00,60,60
2639,22/06/2021 , 07:45:00,88,88
2640,22/06/2021 , 08:00:00,238,238
2641,22/06/2021 , 08:15:00,360,360
2642,22/06/2021 , 08:30:00,889,889
2643,22/06/2021 , 08:45:00,1215,1215
2644,22/06/2021 , 09:00:00,904,904
2645,22/06/2021 , 09:15:00,58,58
2646,22/06/2021 , 09:30:00,70,70
2647,22/06/2021 , 09:45:00,102,102
2648,22/06/2021 , 10:00:00,149,149
2649,22/06/2021 , 10:15:00,174,174
2650,22/06/2021 , 10:30:00,262,262
2651,22/06/2021 , 10:45:00,192,192
2652,22/06/2021 , 11:00:00,4570,4570
2653,22/06/2021 , 11:15:00,1230,1230
2654,22/06/2021 , 11:30:00,884,884
2655,22/06/2021 , 11:45:00,1204,1204
2656,22/06/2021 , 12:00:00,10557,10557
2657,22/06/2021 , 12:15:00,6245,6245
2658,22/06/2021 , 12:30:00,10023,10023
2659,22/06/2021 , 12:45:00,3777,3777
2660,22/06/2021 , 13:00:00,2536,2536
2661,22/06/2021 , 13:15:00,697,697
2662,22/06/2021 , 13:30:00,1232,1232
2663,22/06/2021 , 13:45:00,1443,1443
2664,22/06/2021 , 14:00:00,1481,1481
2665,22/06/2021 , 14:15:00,1442,1442
2666,22/06/2021 , 14:30:00,1340,1340
2667,22/06/2021 , 14:45:00,1222,1222
2668,22/06/2021 , 15:00:00,1098,1098
2669,22/06/2021 , 15:15:00,991,991
2670,22/06/2021 , 15:30:00,875,875
2671,22/06/2021 , 15:45:00,777,777
2672,22/06/2021 , 16:00:00,701,701
2673,22/06/2021 , 16:15:00,498,498
2674,22/06/2021 , 16:30:00,484,484
2675,22/06/2021 , 16:45:00,422,422
2676,22/06/2021 , 17:00:00,326,326
2677,22/06/2021 , 17:15:00,280,280
2678,22/06/2021 , 17:30:00,182,182
2679,22/06/2021 , 17:45:00,90,90
2680,22/06/2021 , 18:00:00,57,57
2681,22/06/2021 , 18:15:00,44,44
2682,22/06/2021 , 18:30:00,34,34
2683,22/06/2021 , 18:45:00,46,46
2684,22/06/2021 , 19:00:00,1,1
2685,22/06/2021 , 19:15:00,0,0
2686,22/06/2021 , 19:30:00,1,1
2687,22/06/2021 , 19:45:00,33,33
2688,22/06/2021 , 20:00:00,1,1
2689,22/06/2021 , 20:15:00,0,0
2690,22/06/2021 , 20:30:00,0,0
2691,22/06/2021 , 20:45:00,0,0
2692,22/06/2021 , 21:00:00,0,0
2693,22/06/2021 , 21:15:00,0,0
2694,22/06/2021 , 21:30:00,0,0
2695,22/06/2021 , 21:45:00,0,0
2696,22/06/2021 , 22:00:00,0,0
2697,22/06/2021 , 22:15:00,0,0
2698,22/06/2021 , 22:30:00,0,0
2699,22/06/2021 , 22:45:00,0,0
2700,22/06/2021 , 23:00:00,0,0
2701,22/06/2021 , 23:15:00,0,0
2702,22/06/2021 , 23:30:00,0,0
2703,22/06/2021 , 23:45:00,0,0
2704,22/06/2021 , 24:00:00,0,0
2705,23/06/2021 , 00:15:00,0,0
2706,23/06/2021 , 00:30:00,0,0
2707,23/06/2021 , 00:45:00,0,0
2708,23/06/2021 , 01:00:00,0,0
2709,23/06/2021 , 01:15:00,0,0
2710,23/06/2021 , 01:30:00,0,0
2711,23/06/2021 , 01:45:00,0,0
2712,23/06/2021 , 02:00:00,0,0
2713,23/06/2021 , 02:15:00,0,0
2714,23/06/2021 , 02:30:00,0,0
2715,23/06/2021 , 02:45:00,0,0
2716,23/06/2021 , 03:00:00,0,0
2717,23/06/2021 , 03:15:00,0,0
2718,23/06/2021 , 03:30:00,0,0
2719,23/06/2021 , 03:45:00,0,0
2720,23/06/2021 , 04:00:00,0,0
2721,23/06/2021 , 04:15:00,0,0
2722,23/06/2021 , 04:30:00,0,0
2723,23/06/2021 , 04:45:00,0,0
2724,23/06/2021 , 05:00:00,0,0
2725,23/06/2021 , 05:15:00,0,0
2726,23/06/2021 , 05:30:00,0,0
2727,23/06/2021 , 05:45:00,0,0
2728,23/06/2021 , 06:00:00,0,0
2729,23/06/2021 , 06:15:00,0,0
2730,23/06/2021 , 06:30:00,0,0
2731,23/06/2021 , 06:45:00,0,0
2732,23/06/2021 , 07:00:00,0,0
2733,23/06/2021 , 07:15:00,0,0
2734,23/06/2021 , 07:30:00,0,0
2735,23/06/2021 , 07:45:00,1,1
2736,23/06/2021 , 08:00:00,2,2
2737,23/06/2021 , 08:15:00,0,0
2738,23/06/2021 , 08:30:00,1,1
2739,23/06/2021 , 08:45:00,1,1
2740,23/06/2021 , 09:00:00,2,2
2741,23/06/2021 , 09:15:00,1,1
2742,23/06/2021 , 09:30:00,2,2
2743,23/06/2021 , 09:45:00,2,2
2744,23/06/2021 , 10:00:00,2,2
2745,23/06/2021 , 10:15:00,2,2
2746,23/06/2021 , 10:30:00,3,3
2747,23/06/2021 , 10:45:00,4,4
2748,23/06/2021 , 11:00:00,3,3
2749,23/06/2021 , 11:15:00,3,3
2750,23/06/2021 , 11:30:00,3,3
2751,23/06/2021 , 11:45:00,4,4
2752,23/06/2021 , 12:00:00,3,3
2753,23/06/2021 , 12:15:00,3,3
2754,23/06/2021 , 12:30:00,3,3
2755,23/06/2021 , 12:45:00,2,2
2756,23/06/2021 , 13:00:00,2,2
2757,23/06/2021 , 13:15:00,4,4
2758,23/06/2021 , 13:30:00,3,3
2759,23/06/2021 , 13:45:00,27,27
2760,23/06/2021 , 14:00:00,34,34
2761,23/06/2021 , 14:15:00,33,33
2762,23/06/2021 , 14:30:00,32,32
2763,23/06/2021 , 14:45:00,33,33
2764,23/06/2021 , 15:00:00,33,33
2765,23/06/2021 , 15:15:00,34,34
2766,23/06/2021 , 15:30:00,34,34
2767,23/06/2021 , 15:45:00,33,33
2768,23/06/2021 , 16:00:00,34,34
2769,23/06/2021 , 16:15:00,35,35
2770,23/06/2021 , 16:30:00,34,34
2771,23/06/2021 , 16:45:00,36,36
2772,23/06/2021 , 17:00:00,36,36
2773,23/06/2021 , 17:15:00,36,36
2774,23/06/2021 , 17:30:00,38,38
2775,23/06/2021 , 17:45:00,7,7
2776,23/06/2021 , 18:00:00,6,6
2777,23/06/2021 , 18:15:00,5,5
2778,23/06/2021 , 18:30:00,6,6
2779,23/06/2021 , 18:45:00,6,6
2780,23/06/2021 , 19:00:00,6,6
2781,23/06/2021 , 19:15:00,7,7
2782,23/06/2021 , 19:30:00,10,10
2783,23/06/2021 , 19:45:00,28,28
2784,23/06/2021 , 20:00:00,48,48
2785,23/06/2021 , 20:15:00,42,42
2786,23/06/2021 , 20:30:00,34,34
2787,23/06/2021 , 20:45:00,33,33
2788,23/06/2021 , 21:00:00,32,32
2789,23/06/2021 , 21:15:00,31,31
2790,23/06/2021 , 21:30:00,25,25
2791,23/06/2021 , 21:45:00,0,0
2792,23/06/2021 , 22:00:00,0,0
2793,23/06/2021 , 22:15:00,0,0
2794,23/06/2021 , 22:30:00,0,0
2795,23/06/2021 , 22:45:00,0,0
2796,23/06/2021 , 23:00:00,0,0
2797,23/06/2021 , 23:15:00,0,0
2798,23/06/2021 , 23:30:00,0,0
2799,23/06/2021 , 23:45:00,0,0
2800,23/06/2021 , 24:00:00,0,0
2801,24/06/2021 , 00:15:00,0,0
2802,24/06/2021 , 00:30:00,0,0
2803,24/06/2021 , 00:45:00,0,0
2804,24/06/2021 , 01:00:00,0,0
2805,24/06/2021 , 01:15:00,0,0
2806,24/06/2021 , 01:30:00,0,0
2807,24/06/2021 , 01:45:00,0,0
2808,24/06/2021 , 02:00:00,0,0
2809,24/06/2021 , 02:15:00,0,0
2810,24/06/2021 , 02:30:00,0,0
2811,24/06/2021 , 02:45:00,0,0
2812,24/06/2021 , 03:00:00,0,0
2813,24/06/2021 , 03:15:00,0,0
2814,24/06/2021 , 03:30:00,0,0
2815,24/06/2021 , 03:45:00,0,0
2816,24/06/2021 , 04:00:00,0,0
2817,24/06/2021 , 04:15:00,0,0
2818,24/06/2021 , 04:30:00,0,0
2819,24/06/2021 , 04:45:00,0,0
2820,24/06/2021 , 05:00:00,0,0
2821,24/06/2021 , 05:15:00,0,0
2822,24/06/2021 , 05:30:00,0,0
2823,24/06/2021 , 05:45:00,0,0
2824,24/06/2021 , 06:00:00,0,0
2825,24/06/2021 , 06:15:00,0,0
2826,24/06/2021 , 06:30:00,1,1
2827,24/06/2021 , 06:45:00,2,2
2828,24/06/2021 , 07:00:00,1,1
2829,24/06/2021 , 07:15:00,2,2
2830,24/06/2021 , 07:30:00,2,2
2831,24/06/2021 , 07:45:00,3,3
2832,24/06/2021 , 08:00:00,5,5
2833,24/06/2021 , 08:15:00,5,5
2834,24/06/2021 , 08:30:00,6,6
2835,24/06/2021 , 08:45:00,7,7
2836,24/06/2021 , 09:00:00,7,7
2837,24/06/2021 , 09:15:00,7,7
2838,24/06/2021 , 09:30:00,8,8
2839,24/06/2021 , 09:45:00,33,33
2840,24/06/2021 , 10:00:00,42,42
2841,24/06/2021 , 10:15:00,43,43
2842,24/06/2021 , 10:30:00,43,43
2843,24/06/2021 , 10:45:00,43,43
2844,24/06/2021 , 11:00:00,42,42
2845,24/06/2021 , 11:15:00,42,42
2846,24/06/2021 , 11:30:00,43,43
2847,24/06/2021 , 11:45:00,42,42
2848,24/06/2021 , 12:00:00,43,43
2849,24/06/2021 , 12:15:00,43,43
2850,24/06/2021 , 12:30:00,43,43
2851,24/06/2021 , 12:45:00,42,42
2852,24/06/2021 , 13:00:00,43,43
2853,24/06/2021 , 13:15:00,41,41
2854,24/06/2021 , 13:30:00,36,36
2855,24/06/2021 , 13:45:00,36,36
2856,24/06/2021 , 14:00:00,36,36
2857,24/06/2021 , 14:15:00,36,36
2858,24/06/2021 , 14:30:00,36,36
2859,24/06/2021 , 14:45:00,36,36
2860,24/06/2021 , 15:00:00,35,35
2861,24/06/2021 , 15:15:00,36,36
2862,24/06/2021 , 15:30:00,35,35
2863,24/06/2021 , 15:45:00,35,35
2864,24/06/2021 , 16:00:00,36,36
2865,24/06/2021 , 16:15:00,34,34
2866,24/06/2021 , 16:30:00,36,36
2867,24/06/2021 , 16:45:00,36,36
2868,24/06/2021 , 17:00:00,36,36
2869,24/06/2021 , 17:15:00,35,35
2870,24/06/2021 , 17:30:00,24,24
2871,24/06/2021 , 17:45:00,4,4
2872,24/06/2021 , 18:00:00,3,3
2873,24/06/2021 , 18:15:00,3,3
2874,24/06/2021 , 18:30:00,3,3
2875,24/06/2021 , 18:45:00,3,3
2876,24/06/2021 , 19:00:00,3,3
2877,24/06/2021 , 19:15:00,3,3
2878,24/06/2021 , 19:30:00,2,2
2879,24/06/2021 , 19:45:00,4,4
2880,24/06/2021 , 20:00:00,4,4
2881,24/06/2021 , 20:15:00,3,3
2882,24/06/2021 , 20:30:00,0,0
2883,24/06/2021 , 20:45:00,0,0
2884,24/06/2021 , 21:00:00,0,0
2885,24/06/2021 , 21:15:00,0,0
2886,24/06/2021 , 21:30:00,0,0
2887,24/06/2021 , 21:45:00,0,0
2888,24/06/2021 , 22:00:00,0,0
2889,24/06/2021 , 22:15:00,0,0
2890,24/06/2021 , 22:30:00,0,0
2891,24/06/2021 , 22:45:00,0,0
2892,24/06/2021 , 23:00:00,0,0
2893,24/06/2021 , 23:15:00,0,0
2894,24/06/2021 , 23:30:00,0,0
2895,24/06/2021 , 23:45:00,0,0
2896,24/06/2021 , 24:00:00,0,0
2897,25/06/2021 , 00:15:00,0,0
2898,25/06/2021 , 00:30:00,0,0
2899,25/06/2021 , 00:45:00,0,0
2900,25/06/2021 , 01:00:00,0,0
2901,25/06/2021 , 01:15:00,0,0
2902,25/06/2021 , 01:30:00,0,0
2903,25/06/2021 , 01:45:00,0,0
2904,25/06/2021 , 02:00:00,0,0
2905,25/06/2021 , 02:15:00,0,0
2906,25/06/2021 , 02:30:00,0,0
2907,25/06/2021 , 02:45:00,0,0
2908,25/06/2021 , 03:00:00,0,0
2909,25/06/2021 , 03:15:00,0,0
2910,25/06/2021 , 03:30:00,0,0
2911,25/06/2021 , 03:45:00,0,0
2912,25/06/2021 , 04:00:00,0,0
2913,25/06/2021 , 04:15:00,0,0
2914,25/06/2021 , 04:30:00,0,0
2915,25/06/2021 , 04:45:00,0,0
2916,25/06/2021 , 05:00:00,0,0
2917,25/06/2021 , 05:15:00,0,0
2918,25/06/2021 , 05:30:00,0,0
2919,25/06/2021 , 05:45:00,0,0
2920,25/06/2021 , 06:00:00,0,0
2921,25/06/2021 , 06:15:00,0,0
2922,25/06/2021 , 06:30:00,0,0
2923,25/06/2021 , 06:45:00,0,0
2924,25/06/2021 , 07:00:00,0,0
2925,25/06/2021 , 07:15:00,1,1
2926,25/06/2021 , 07:30:00,4,4
2927,25/06/2021 , 07:45:00,2,2
2928,25/06/2021 , 08:00:00,2,2
2929,25/06/2021 , 08:15:00,2,2
2930,25/06/2021 , 08:30:00,9,9
2931,25/06/2021 , 08:45:00,34,34
2932,25/06/2021 , 09:00:00,35,35
2933,25/06/2021 , 09:15:00,35,35
2934,25/06/2021 , 09:30:00,35,35
2935,25/06/2021 , 09:45:00,36,36
2936,25/06/2021 , 10:00:00,35,35
2937,25/06/2021 , 10:15:00,35,35
2938,25/06/2021 , 10:30:00,36,36
2939,25/06/2021 , 10:45:00,35,35
2940,25/06/2021 , 11:00:00,36,36
2941,25/06/2021 , 11:15:00,36,36
2942,25/06/2021 , 11:30:00,36,36
2943,25/06/2021 , 11:45:00,1344,1344
2944,25/06/2021 , 12:00:00,2509,2509
2945,25/06/2021 , 12:15:00,114,114
2946,25/06/2021 , 12:30:00,103,103
2947,25/06/2021 , 12:45:00,97,97
2948,25/06/2021 , 13:00:00,94,94
2949,25/06/2021 , 13:15:00,91,91
2950,25/06/2021 , 13:30:00,771,771
2951,25/06/2021 , 13:45:00,947,947
2952,25/06/2021 , 14:00:00,1485,1485
2953,25/06/2021 , 14:15:00,952,952
2954,25/06/2021 , 14:30:00,740,740
